  0
SECTION
  2
HEADER
  9
$ACADVER
  1
AC1024
  9
$ACADMAINTVER
 70
   226
  9
$DWGCODEPAGE
  3
ANSI_1254
  9
$LASTSAVEDBY
  1
teknik.gebze
  9
$INSBASE
 10
0.0
 20
0.0
 30
0.0
  9
$EXTMIN
 10
-870.2431324471559
 20
312.3337496332421
 30
0.0
  9
$EXTMAX
 10
-660.2431324471556
 20
609.3337496332422
 30
0.0
  9
$LIMMIN
 10
0.0
 20
0.0
  9
$LIMMAX
 10
420.0
 20
297.0
  9
$ORTHOMODE
 70
     0
  9
$REGENMODE
 70
     1
  9
$FILLMODE
 70
     1
  9
$QTEXTMODE
 70
     0
  9
$MIRRTEXT
 70
     1
  9
$LTSCALE
 40
10.0
  9
$ATTMODE
 70
     1
  9
$TEXTSIZE
 40
3.0
  9
$TRACEWID
 40
1.0
  9
$TEXTSTYLE
  7
style1
  9
$CLAYER
  8
0
  9
$CELTYPE
  6
BYBLOCK
  9
$CECOLOR
 62
     1
  9
$CELTSCALE
 40
1.0
  9
$DISPSILH
 70
     0
  9
$DIMSCALE
 40
1.0
  9
$DIMASZ
 40
2.5
  9
$DIMEXO
 40
0.625
  9
$DIMDLI
 40
3.75
  9
$DIMRND
 40
0.0
  9
$DIMDLE
 40
0.0
  9
$DIMEXE
 40
1.25
  9
$DIMTP
 40
0.0
  9
$DIMTM
 40
0.0
  9
$DIMTXT
 40
2.5
  9
$DIMCEN
 40
0.0
  9
$DIMTSZ
 40
0.0
  9
$DIMTOL
 70
     0
  9
$DIMLIM
 70
     0
  9
$DIMTIH
 70
     0
  9
$DIMTOH
 70
     0
  9
$DIMSE1
 70
     0
  9
$DIMSE2
 70
     0
  9
$DIMTAD
 70
     1
  9
$DIMZIN
 70
     8
  9
$DIMBLK
  1

  9
$DIMASO
 70
     1
  9
$DIMSHO
 70
     1
  9
$DIMPOST
  1

  9
$DIMAPOST
  1

  9
$DIMALT
 70
     0
  9
$DIMALTD
 70
     3
  9
$DIMALTF
 40
0.03937007874016
  9
$DIMLFAC
 40
0.3333333
  9
$DIMTOFL
 70
     1
  9
$DIMTVP
 40
0.0
  9
$DIMTIX
 70
     0
  9
$DIMSOXD
 70
     0
  9
$DIMSAH
 70
     0
  9
$DIMBLK1
  1

  9
$DIMBLK2
  1

  9
$DIMSTYLE
  2
olcek 3 1
  9
$DIMCLRD
 70
     5
  9
$DIMCLRE
 70
     5
  9
$DIMCLRT
 70
     1
  9
$DIMTFAC
 40
1.0
  9
$DIMGAP
 40
0.625
  9
$DIMJUST
 70
     0
  9
$DIMSD1
 70
     0
  9
$DIMSD2
 70
     0
  9
$DIMTOLJ
 70
     0
  9
$DIMTZIN
 70
     8
  9
$DIMALTZ
 70
     0
  9
$DIMALTTZ
 70
     0
  9
$DIMUPT
 70
     0
  9
$DIMDEC
 70
     2
  9
$DIMTDEC
 70
     2
  9
$DIMALTU
 70
     2
  9
$DIMALTTD
 70
     3
  9
$DIMTXSTY
  7
STANDARD
  9
$DIMAUNIT
 70
     0
  9
$DIMADEC
 70
     0
  9
$DIMALTRND
 40
0.0
  9
$DIMAZIN
 70
     0
  9
$DIMDSEP
 70
    44
  9
$DIMATFIT
 70
     3
  9
$DIMFRAC
 70
     0
  9
$DIMLDRBLK
  1

  9
$DIMLUNIT
 70
     2
  9
$DIMLWD
 70
    -1
  9
$DIMLWE
 70
    -1
  9
$DIMTMOVE
 70
     0
  9
$DIMFXL
 40
1.0
  9
$DIMFXLON
 70
     0
  9
$DIMJOGANG
 40
0.7853981633974483
  9
$DIMTFILL
 70
     0
  9
$DIMTFILLCLR
 70
     0
  9
$DIMARCSYM
 70
     0
  9
$DIMLTYPE
  6

  9
$DIMLTEX1
  6

  9
$DIMLTEX2
  6

  9
$DIMTXTDIRECTION
 70
     0
  9
$LUNITS
 70
     2
  9
$LUPREC
 70
     4
  9
$SKETCHINC
 40
1.0
  9
$FILLETRAD
 40
0.8
  9
$AUNITS
 70
     0
  9
$AUPREC
 70
     0
  9
$MENU
  1
.
  9
$ELEVATION
 40
0.0
  9
$PELEVATION
 40
0.0
  9
$THICKNESS
 40
0.0
  9
$LIMCHECK
 70
     0
  9
$CHAMFERA
 40
0.5
  9
$CHAMFERB
 40
0.5
  9
$CHAMFERC
 40
20.0
  9
$CHAMFERD
 40
0.0
  9
$SKPOLY
 70
     0
  9
$TDCREATE
 40
2454084.704259259
  9
$TDUCREATE
 40
2454084.579265521
  9
$TDUPDATE
 40
2460105.704212963
  9
$TDUUPDATE
 40
2460105.579212963
  9
$TDINDWG
 40
10.8404514236
  9
$TDUSRTIMER
 40
2457738.894812546
  9
$USRTIMER
 70
     1
  9
$ANGBASE
 50
0.0
  9
$ANGDIR
 70
     0
  9
$PDMODE
 70
     0
  9
$PDSIZE
 40
0.0
  9
$PLINEWID
 40
0.0
  9
$SPLFRAME
 70
     0
  9
$SPLINETYPE
 70
     6
  9
$SPLINESEGS
 70
     8
  9
$HANDSEED
  5
1AA9B7
  9
$SURFTAB1
 70
     6
  9
$SURFTAB2
 70
     6
  9
$SURFTYPE
 70
     6
  9
$SURFU
 70
     6
  9
$SURFV
 70
     6
  9
$UCSBASE
  2

  9
$UCSNAME
  2

  9
$UCSORG
 10
0.0
 20
0.0
 30
0.0
  9
$UCSXDIR
 10
1.0
 20
0.0
 30
0.0
  9
$UCSYDIR
 10
0.0
 20
1.0
 30
0.0
  9
$UCSORTHOREF
  2

  9
$UCSORTHOVIEW
 70
     0
  9
$UCSORGTOP
 10
0.0
 20
0.0
 30
0.0
  9
$UCSORGBOTTOM
 10
0.0
 20
0.0
 30
0.0
  9
$UCSORGLEFT
 10
0.0
 20
0.0
 30
0.0
  9
$UCSORGRIGHT
 10
0.0
 20
0.0
 30
0.0
  9
$UCSORGFRONT
 10
0.0
 20
0.0
 30
0.0
  9
$UCSORGBACK
 10
0.0
 20
0.0
 30
0.0
  9
$PUCSBASE
  2

  9
$PUCSNAME
  2

  9
$PUCSORG
 10
0.0
 20
0.0
 30
0.0
  9
$PUCSXDIR
 10
1.0
 20
0.0
 30
0.0
  9
$PUCSYDIR
 10
0.0
 20
1.0
 30
0.0
  9
$PUCSORTHOREF
  2

  9
$PUCSORTHOVIEW
 70
     0
  9
$PUCSORGTOP
 10
0.0
 20
0.0
 30
0.0
  9
$PUCSORGBOTTOM
 10
0.0
 20
0.0
 30
0.0
  9
$PUCSORGLEFT
 10
0.0
 20
0.0
 30
0.0
  9
$PUCSORGRIGHT
 10
0.0
 20
0.0
 30
0.0
  9
$PUCSORGFRONT
 10
0.0
 20
0.0
 30
0.0
  9
$PUCSORGBACK
 10
0.0
 20
0.0
 30
0.0
  9
$USERI1
 70
     0
  9
$USERI2
 70
     0
  9
$USERI3
 70
     0
  9
$USERI4
 70
     0
  9
$USERI5
 70
     0
  9
$USERR1
 40
0.0
  9
$USERR2
 40
0.0
  9
$USERR3
 40
0.0
  9
$USERR4
 40
0.0
  9
$USERR5
 40
0.0
  9
$WORLDVIEW
 70
     1
  9
$SHADEDGE
 70
     3
  9
$SHADEDIF
 70
    70
  9
$TILEMODE
 70
     1
  9
$MAXACTVP
 70
    48
  9
$PINSBASE
 10
0.0
 20
0.0
 30
0.0
  9
$PLIMCHECK
 70
     0
  9
$PEXTMIN
 10
1.000000000000000E+20
 20
1.000000000000000E+20
 30
1.000000000000000E+20
  9
$PEXTMAX
 10
-1.000000000000000E+20
 20
-1.000000000000000E+20
 30
-1.000000000000000E+20
  9
$PLIMMIN
 10
0.0
 20
0.0
  9
$PLIMMAX
 10
420.0
 20
297.0
  9
$UNITMODE
 70
     0
  9
$VISRETAIN
 70
     1
  9
$PLINEGEN
 70
     0
  9
$PSLTSCALE
 70
     1
  9
$TREEDEPTH
 70
  3020
  9
$CMLSTYLE
  2
STANDARD
  9
$CMLJUST
 70
     0
  9
$CMLSCALE
 40
20.0
  9
$PROXYGRAPHICS
 70
     1
  9
$MEASUREMENT
 70
     1
  9
$CELWEIGHT
370
    -2
  9
$ENDCAPS
280
     0
  9
$JOINSTYLE
280
     0
  9
$LWDISPLAY
290
     0
  9
$INSUNITS
 70
     0
  9
$HYPERLINKBASE
  1

  9
$STYLESHEET
  1
monochrome.ctb
  9
$XEDIT
290
     1
  9
$CEPSNTYPE
380
     0
  9
$PSTYLEMODE
290
     1
  9
$FINGERPRINTGUID
  2
{0DA87CB8-77EA-4433-B8DD-B3982F6D3F08}
  9
$VERSIONGUID
  2
{06B3D93E-3C5D-D845-B9EF-4C53F0D735BD}
  9
$EXTNAMES
290
     1
  9
$PSVPSCALE
 40
0.0
  9
$OLESTARTUP
290
     0
  9
$SORTENTS
280
    96
  9
$INDEXCTL
280
     0
  9
$HIDETEXT
280
     1
  9
$XCLIPFRAME
280
     2
  9
$HALOGAP
280
     0
  9
$OBSCOLOR
 70
   257
  9
$OBSLTYPE
280
     0
  9
$INTERSECTIONDISPLAY
280
     0
  9
$INTERSECTIONCOLOR
 70
   257
  9
$DIMASSOC
280
     1
  9
$PROJECTNAME
  1

  9
$CAMERADISPLAY
290
     0
  9
$LENSLENGTH
 40
50.0
  9
$CAMERAHEIGHT
 40
0.0
  9
$STEPSPERSEC
 40
2.0
  9
$STEPSIZE
 40
6.0
  9
$3DDWFPREC
 40
2.0
  9
$PSOLWIDTH
 40
0.25
  9
$PSOLHEIGHT
 40
4.0
  9
$LOFTANG1
 40
1.570796326794896
  9
$LOFTANG2
 40
1.570796326794896
  9
$LOFTMAG1
 40
0.0
  9
$LOFTMAG2
 40
0.0
  9
$LOFTPARAM
 70
     7
  9
$LOFTNORMALS
280
     1
  9
$LATITUDE
 40
37.795
  9
$LONGITUDE
 40
-122.394
  9
$NORTHDIRECTION
 40
0.0
  9
$TIMEZONE
 70
 -8000
  9
$LIGHTGLYPHDISPLAY
280
     1
  9
$TILEMODELIGHTSYNCH
280
     1
  9
$CMATERIAL
347
1A2BE4
  9
$SOLIDHIST
280
     0
  9
$SHOWHIST
280
     1
  9
$DWFFRAME
280
     2
  9
$DGNFRAME
280
     2
  9
$REALWORLDSCALE
290
     1
  9
$INTERFERECOLOR
 62
   256
  9
$INTERFEREOBJVS
345
1A2BD3
  9
$INTERFEREVPVS
346
1A2BD0
  9
$CSHADOW
280
     0
  9
$SHADOWPLANELOCATION
 40
0.0
  0
ENDSEC
  0
SECTION
  2
CLASSES
  0
CLASS
  1
DICTIONARYVAR
  2
AcDbDictionaryVar
  3
ObjectDBX Classes
 90
        0
 91
       14
280
     0
281
     0
  0
CLASS
  1
ACDBDICTIONARYWDFLT
  2
AcDbDictionaryWithDefault
  3
ObjectDBX Classes
 90
        0
 91
        1
280
     0
281
     0
  0
CLASS
  1
TABLESTYLE
  2
AcDbTableStyle
  3
ObjectDBX Classes
 90
     4095
 91
        1
280
     0
281
     0
  0
CLASS
  1
SORTENTSTABLE
  2
AcDbSortentsTable
  3
ObjectDBX Classes
 90
        0
 91
        8
280
     0
281
     0
  0
CLASS
  1
LARGE_RADIAL_DIMENSION
  2
AcDbRadialDimensionLarge
  3
ObjectDBX Classes
 90
     1025
 91
        0
280
     0
281
     1
  0
CLASS
  1
DIMASSOC
  2
AcDbDimAssoc
  3
"AcDbDimAssoc|Product Desc:     AcDim ARX App For Dimension|Company:          Autodesk, Inc.|WEB Address:      www.autodesk.com"
 90
        0
 91
        0
280
     0
281
     0
  0
CLASS
  1
MATERIAL
  2
AcDbMaterial
  3
ObjectDBX Classes
 90
     1153
 91
        3
280
     0
281
     0
  0
CLASS
  1
VISUALSTYLE
  2
AcDbVisualStyle
  3
ObjectDBX Classes
 90
     4095
 91
       24
280
     0
281
     0
  0
CLASS
  1
SCALE
  2
AcDbScale
  3
ObjectDBX Classes
 90
     1153
 91
       33
280
     0
281
     0
  0
CLASS
  1
MLEADERSTYLE
  2
AcDbMLeaderStyle
  3
ACDB_MLEADERSTYLE_CLASS
 90
     4095
 91
        1
280
     0
281
     0
  0
CLASS
  1
CELLSTYLEMAP
  2
AcDbCellStyleMap
  3
ObjectDBX Classes
 90
     1152
 91
        1
280
     0
281
     0
  0
CLASS
  1
ACDB_TEXTOBJECTCONTEXTDATA_CLASS
  2
AcDbTextObjectContextData
  3
ObjectDBX Classes
 90
     1153
 91
        0
280
     0
281
     0
  0
CLASS
  1
AEC_REFEDIT_STATUS_TRACKER
  2
AecDbRefEditStatusTracker
  3
AecArchBase80|Product Desc: Autodesk Architectural Desktop 2007 |Company: Autodesk,Inc. |WEB Address: www.autodesk.com
 90
      129
 91
        0
280
     1
281
     0
  0
CLASS
  1
NPOCOLLECTION
  2
AcDbImpNonPersistentObjectsCollection
  3
ObjectDBX Classes
 90
     1153
 91
        0
280
     1
281
     0
  0
CLASS
  1
EXACXREFPANELOBJECT
  2
ExAcXREFPanelObject
  3
EXAC_ESW
 90
     1025
 91
        0
280
     1
281
     0
  0
CLASS
  1
SUN
  2
AcDbSun
  3
SCENEOE
 90
     1153
 91
        1
280
     0
281
     0
  0
CLASS
  1
RASTERVARIABLES
  2
AcDbRasterVariables
  3
ISM
 90
        0
 91
        1
280
     0
281
     0
  0
CLASS
  1
ACDBSECTIONVIEWSTYLE
  2
AcDbSectionViewStyle
  3
ObjectDBX Classes
 90
     1025
 91
        1
280
     0
281
     0
  0
CLASS
  1
ACDBDETAILVIEWSTYLE
  2
AcDbDetailViewStyle
  3
ObjectDBX Classes
 90
     1025
 91
        1
280
     0
281
     0
  0
CLASS
  1
MULTILEADER
  2
AcDbMLeader
  3
ACDB_MLEADER_CLASS
 90
     1025
 91
        0
280
     0
281
     1
  0
ENDSEC
  0
SECTION
  2
TABLES
  0
TABLE
  2
VPORT
  5
8
330
0
100
AcDbSymbolTable
 70
     1
  0
VPORT
  5
19D5A4
330
8
100
AcDbSymbolTableRecord
100
AcDbViewportTableRecord
  2
*Active
 70
     0
 10
0.0
 20
0.0
 11
1.0
 21
1.0
 12
-703.4455773888386
 22
546.3697524552965
 13
0.0
 23
0.0
 14
10.0
 24
10.0
 15
10.0
 25
10.0
 16
0.0
 26
0.0
 36
1.0
 17
0.0
 27
0.0
 37
0.0
 40
70.89106194738225
 41
1.918689320388349
 42
50.0
 43
0.0
 44
0.0
 50
0.0
 51
0.0
 71
    16
 72
   100
 73
     1
 74
     1
 75
     0
 76
     0
 77
     0
 78
     1
281
     0
 65
     1
110
0.0
120
0.0
130
0.0
111
1.0
121
0.0
131
0.0
112
0.0
122
1.0
132
0.0
 79
     0
146
0.0
348
1A2BCF
 60
     3
 61
     5
292
     1
282
     1
141
0.0
142
0.0
361
1A2BEB
1001
ACAD_NAV_VCDISPLAY
1070
     3
  0
ENDTAB
  0
TABLE
  2
LTYPE
  5
5
330
0
100
AcDbSymbolTable
 70
     7
  0
LTYPE
  5
12
330
5
100
AcDbSymbolTableRecord
100
AcDbLinetypeTableRecord
  2
BYBLOCK
 70
     0
  3

 72
    65
 73
     0
 40
0.0
  0
LTYPE
  5
13
330
5
100
AcDbSymbolTableRecord
100
AcDbLinetypeTableRecord
  2
BYLAYER
 70
     0
  3

 72
    65
 73
     0
 40
0.0
  0
LTYPE
  5
14
330
5
100
AcDbSymbolTableRecord
100
AcDbLinetypeTableRecord
  2
CONTINUOUS
 70
     0
  3
Solid line
 72
    65
 73
     0
 40
0.0
  0
LTYPE
  5
110DAF
330
5
100
AcDbSymbolTableRecord
100
AcDbLinetypeTableRecord
  2
DASHED2
 70
     0
  3
_ _ _ _ _ _ _ _ _ _ _ _ _ _ _ _ _ _ _ _ _ _ _ _ _ _ _ _ _ _ _
 72
    65
 73
     2
 40
0.375
 49
0.25
 74
     4
 75
     0
340
0
 46
1.0
 50
0.0
 44
0.0
 45
0.0
 49
-0.125
 74
     4
 75
     0
340
0
 46
1.0
 50
0.0
 44
0.0
 45
0.0
  0
LTYPE
  5
1947E3
330
5
100
AcDbSymbolTableRecord
100
AcDbLinetypeTableRecord
  2
kesik cizgi
 70
     0
  3
Hidden __ __ __ __ __ __ __ __ __ __ __ __ __ _
 72
    65
 73
     2
 40
9.524999999999996
 49
6.349999999999998
 74
     0
 49
-3.174999999999998
 74
     0
  0
LTYPE
  5
19665C
330
5
100
AcDbSymbolTableRecord
100
AcDbLinetypeTableRecord
  2
CENTER2
 70
     0
  3
___ _ ___ _ ___ _ ___ _ ___ _ ___ _ ___ _ ___ _ ___ _ ___ _ _
 72
    65
 73
     4
 40
1.125
 49
0.75
 74
     4
 75
     0
340
0
 46
1.0
 50
0.0
 44
0.0
 45
0.0
 49
-0.125
 74
     4
 75
     0
340
0
 46
1.0
 50
0.0
 44
0.0
 45
0.0
 49
0.125
 74
     4
 75
     0
340
0
 46
1.0
 50
0.0
 44
0.0
 45
0.0
 49
-0.125
 74
     4
 75
     0
340
0
 46
1.0
 50
0.0
 44
0.0
 45
0.0
  0
LTYPE
  5
19DAF1
330
5
100
AcDbSymbolTableRecord
100
AcDbLinetypeTableRecord
  2
CENTER
 70
     0
  3
Center ____ _ ____ _ ____ _ ____ _ ____ _ ____
 72
    65
 73
     4
 40
2.0
 49
1.25
 74
     0
 49
-0.25
 74
     0
 49
0.25
 74
     0
 49
-0.25
 74
     0
  0
LTYPE
  5
1A3A66
330
5
100
AcDbSymbolTableRecord
100
AcDbLinetypeTableRecord
  2
HIDDEN
 70
     0
  3
Hidden __ __ __ __ __ __ __ __ __ __ __ __ __ __
 72
    65
 73
     2
 40
1.905
 49
1.27
 74
     0
 49
-0.635
 74
     0
  0
LTYPE
  5
1A91A4
330
5
100
AcDbSymbolTableRecord
100
AcDbLinetypeTableRecord
  2
CENTERX2
 70
     0
  3
Center (2x) ________  __  ________  __  _____
 72
    65
 73
     4
 40
20.32
 49
12.7
 74
     0
 49
-2.54
 74
     0
 49
2.54
 74
     0
 49
-2.54
 74
     0
  0
ENDTAB
  0
TABLE
  2
LAYER
  5
2
102
{ACAD_XDICTIONARY
360
13947
102
}
330
0
100
AcDbSymbolTable
 70
    19
  0
LAYER
  5
E
102
{ACAD_XDICTIONARY
360
6A3C2
102
}
330
2
100
AcDbSymbolTableRecord
100
AcDbLayerTableRecord
  2
0
 70
     0
 62
     7
  6
CONTINUOUS
370
    -3
390
3086
347
1A2BE6
  0
LAYER
  5
3B
330
2
100
AcDbSymbolTableRecord
100
AcDbLayerTableRecord
  2
DEFPOINTS
 70
     0
 62
     7
  6
CONTINUOUS
290
     0
370
    -3
390
3086
347
1A2BE6
  0
LAYER
  5
F5
102
{ACAD_XDICTIONARY
360
6A3C6
102
}
330
2
100
AcDbSymbolTableRecord
100
AcDbLayerTableRecord
  2
1
 70
     0
 62
     7
  6
CONTINUOUS
370
    -3
390
3086
347
1A2BE6
  0
LAYER
  5
173EC7
102
{ACAD_XDICTIONARY
360
173EC8
102
}
330
2
100
AcDbSymbolTableRecord
100
AcDbLayerTableRecord
  2
GİZLİ
 70
     0
 62
     1
  6
CONTINUOUS
290
     0
370
    -3
390
3086
347
1A2BE6
  0
LAYER
  5
18F00F
102
{ACAD_XDICTIONARY
360
18F445
102
}
330
2
100
AcDbSymbolTableRecord
100
AcDbLayerTableRecord
  2
Ana_cizgi
 70
     0
 62
     7
  6
CONTINUOUS
370
    50
390
3086
347
1A2BE6
  0
LAYER
  5
18F010
102
{ACAD_XDICTIONARY
360
18F447
102
}
330
2
100
AcDbSymbolTableRecord
100
AcDbLayerTableRecord
  2
ÖLÇÜ
 70
     0
 62
     7
  6
CONTINUOUS
370
    20
390
3086
347
1A2BE6
  0
LAYER
  5
18F42A
102
{ACAD_XDICTIONARY
360
18F44D
102
}
330
2
100
AcDbSymbolTableRecord
100
AcDbLayerTableRecord
  2
Kesik Çizgi
 70
     0
 62
     4
  6
DASHED2
370
    20
390
3086
347
1A2BE6
  0
LAYER
  5
19226D
330
2
100
AcDbSymbolTableRecord
100
AcDbLayerTableRecord
  2
eksen
 70
     0
 62
     2
  6
CENTER2
370
    20
390
3086
347
1A2BE6
  0
LAYER
  5
1947E4
330
2
100
AcDbSymbolTableRecord
100
AcDbLayerTableRecord
  2
YAZI
 70
     0
 62
     7
  6
CONTINUOUS
370
    -3
390
3086
347
1A2BE6
  0
LAYER
  5
1947E5
330
2
100
AcDbSymbolTableRecord
100
AcDbLayerTableRecord
  2
yerlestirme
 70
     0
 62
     3
  6
CONTINUOUS
370
    50
390
3086
347
1A2BE6
  0
LAYER
  5
1947E6
330
2
100
AcDbSymbolTableRecord
100
AcDbLayerTableRecord
  2
Havuz
 70
     0
 62
     6
  6
CONTINUOUS
370
    30
390
3086
347
1A2BE6
  0
LAYER
  5
1947E7
330
2
100
AcDbSymbolTableRecord
100
AcDbLayerTableRecord
  2
ARKA PARÇA
 70
     0
 62
   161
  6
kesik cizgi
370
    30
390
3086
347
1A2BE6
  0
LAYER
  5
19A815
330
2
100
AcDbSymbolTableRecord
100
AcDbLayerTableRecord
  2
antet yazı
 70
     0
 62
     7
  6
CONTINUOUS
370
    15
390
3086
347
1A2BE6
  0
LAYER
  5
1A01B6
330
2
100
AcDbSymbolTableRecord
100
AcDbLayerTableRecord
  2
asd
 70
     0
 62
     7
  6
CONTINUOUS
290
     0
370
    -3
390
3086
347
1A2BE6
1001
AcAecLayerStandard
1000

1000

  0
LAYER
  5
1A3A67
330
2
100
AcDbSymbolTableRecord
100
AcDbLayerTableRecord
  2
KATMAN1
 70
     0
 62
     1
  6
HIDDEN
370
    -3
390
3086
347
1A2BE6
  0
LAYER
  5
1A3EFD
330
2
100
AcDbSymbolTableRecord
100
AcDbLayerTableRecord
  2
SLD-0
 70
     0
 62
   179
  6
CONTINUOUS
370
    -3
390
3086
347
1A2BE6
  0
LAYER
  5
1A5104
102
{ACAD_XDICTIONARY
360
1A5105
102
}
330
2
100
AcDbSymbolTableRecord
100
AcDbLayerTableRecord
  2
GÖRÜNMEZ
 70
     0
 62
     4
  6
HIDDEN
370
    -3
390
3086
347
1A2BE6
  0
LAYER
  5
1A5106
102
{ACAD_XDICTIONARY
360
1A5107
102
}
330
2
100
AcDbSymbolTableRecord
100
AcDbLayerTableRecord
  2
ANAÇİZGİ
 70
     0
 62
   179
  6
CONTINUOUS
370
    -3
390
3086
347
1A2BE6
  0
LAYER
  5
1A609E
330
2
100
AcDbSymbolTableRecord
100
AcDbLayerTableRecord
  2
FORMAT
 70
     0
 62
     7
  6
CONTINUOUS
370
    -3
390
3086
347
1A2BE6
  0
ENDTAB
  0
TABLE
  2
STYLE
  5
3
330
0
100
AcDbSymbolTable
 70
    12
  0
STYLE
  5
F
330
3
100
AcDbSymbolTableRecord
100
AcDbTextStyleTableRecord
  2
STANDARD
 70
     0
 40
2.5
 41
1.0
 50
0.0
 71
     0
 42
9.197050598912355
  3
txt.shx
  4

1001
AcadAnnotative
1000
AnnotativeData
1002
{
1070
     1
1070
     0
1002
}
  0
STYLE
  5
F6
330
3
100
AcDbSymbolTableRecord
100
AcDbTextStyleTableRecord
  2
antet yazı
 70
     0
 40
0.0
 41
1.0
 50
0.0
 71
     0
 42
3.0
  3
romans.shx
  4

  0
STYLE
  5
173ECC
330
3
100
AcDbSymbolTableRecord
100
AcDbTextStyleTableRecord
  2
STANDART6
 70
     0
 40
6.0
 41
1.0
 50
0.0
 71
     0
 42
2.0
  3
times.ttf
  4

1001
ACAD
1000
Times New Roman
1071
       18
  0
STYLE
  5
1947EB
330
3
100
AcDbSymbolTableRecord
100
AcDbTextStyleTableRecord
  2
STANDART3
 70
     0
 40
3.0
 41
1.0
 50
0.0
 71
     0
 42
2.0
  3
times.ttf
  4

1001
ACAD
1000
Times New Roman Tur
1071
    41490
  0
STYLE
  5
1965D7
330
3
100
AcDbSymbolTableRecord
100
AcDbTextStyleTableRecord
  2
yazı
 70
     0
 40
3.0
 41
1.0
 50
0.0
 71
     0
 42
9.197050598912355
  3
tahoma.ttf
  4

1001
ACAD
1000
Tahoma
1071
       34
  0
STYLE
  5
1A2A26
330
3
100
AcDbSymbolTableRecord
100
AcDbTextStyleTableRecord
  2
TROMANT
 70
     0
 40
0.0
 41
1.0
 50
0.0
 71
     0
 42
3.0
  3
romant.shx
  4

  0
STYLE
  5
1A2A27
330
3
100
AcDbSymbolTableRecord
100
AcDbTextStyleTableRecord
  2
ARIEL
 70
     0
 40
0.0
 41
1.0
 50
0.0
 71
     0
 42
3.0
  3
timesi.ttf
  4

1001
ACAD
1000
Times New Roman Tur
1071
 16818706
  0
STYLE
  5
1A312D
330
3
100
AcDbSymbolTableRecord
100
AcDbTextStyleTableRecord
  2
style1
 70
     0
 40
0.0
 41
1.0
 50
0.0
 71
     0
 42
3.0
  3
ariali.ttf
  4

1001
ACAD
1000
Arial
1071
 16777250
  0
STYLE
  5
1A3A68
330
3
100
AcDbSymbolTableRecord
100
AcDbTextStyleTableRecord
  2
SLDTEXTSTYLE0
 70
     0
 40
0.0
 41
0.75
 50
0.0
 71
     0
 42
3.5
  3
TXT
  4
bigfont
  0
STYLE
  5
1A3A69
330
3
100
AcDbSymbolTableRecord
100
AcDbTextStyleTableRecord
  2
SLDTEXTSTYLE1
 70
     0
 40
0.0
 41
0.75
 50
0.0
 71
     0
 42
3.5
  3
TXT
  4

  0
STYLE
  5
1A3A6A
330
3
100
AcDbSymbolTableRecord
100
AcDbTextStyleTableRecord
  2
SLDTEXTSTYLE2
 70
     0
 40
0.0
 41
0.6944444444000001
 50
0.0
 71
     0
 42
3.5
  3
TXT
  4

  0
STYLE
  5
1A3A6B
330
3
100
AcDbSymbolTableRecord
100
AcDbTextStyleTableRecord
  2
SLDTEXTSTYLE3
 70
     0
 40
0.0
 41
0.6875
 50
0.0
 71
     0
 42
3.5
  3
TXT
  4

  0
ENDTAB
  0
TABLE
  2
VIEW
  5
6
330
0
100
AcDbSymbolTable
 70
     2
  0
VIEW
  5
35723
330
6
100
AcDbSymbolTableRecord
100
AcDbViewTableRecord
  2
OLE2
 70
     0
 40
298.5135015860817
 10
286.5838633316645
 20
209.0554405012368
 41
531.9422984238352
 11
0.0
 21
0.0
 31
1.0
 12
0.0
 22
0.0
 32
0.0
 42
50.0
 43
0.0
 44
0.0
 50
0.0
 71
     0
281
     0
 72
     0
 73
     0
348
1A2BCF
  0
VIEW
  5
3F411
330
6
100
AcDbSymbolTableRecord
100
AcDbViewTableRecord
  2
OLE1
 70
     0
 40
292.723615651181
 10
350.1580821957418
 20
209.0565595012759
 41
523.6569584889998
 11
0.0
 21
0.0
 31
1.0
 12
0.0
 22
0.0
 32
0.0
 42
50.0
 43
0.0
 44
0.0
 50
0.0
 71
     0
281
     0
 72
     0
 73
     0
348
1A2BCF
  0
ENDTAB
  0
TABLE
  2
UCS
  5
7
330
0
100
AcDbSymbolTable
 70
     0
  0
ENDTAB
  0
TABLE
  2
APPID
  5
9
330
0
100
AcDbSymbolTable
 70
    30
  0
APPID
  5
10
330
9
100
AcDbSymbolTableRecord
100
AcDbRegAppTableRecord
  2
ACAD
 70
     0
  0
APPID
  5
3154
330
9
100
AcDbSymbolTableRecord
100
AcDbRegAppTableRecord
  2
ACAD_EXEMPT_FROM_CAD_STANDARDS
 70
     0
  0
APPID
  5
315A
330
9
100
AcDbSymbolTableRecord
100
AcDbRegAppTableRecord
  2
ACAD_DSTYLE_DIMTEXT_FILL
 70
     0
  0
APPID
  5
315B
330
9
100
AcDbSymbolTableRecord
100
AcDbRegAppTableRecord
  2
ACAD_DSTYLE_DIMEXT_LENGTH
 70
     0
  0
APPID
  5
315C
330
9
100
AcDbSymbolTableRecord
100
AcDbRegAppTableRecord
  2
ACAD_DSTYLE_DIMEXT_ENABLED
 70
     0
  0
APPID
  5
315D
330
9
100
AcDbSymbolTableRecord
100
AcDbRegAppTableRecord
  2
ACAD_DSTYLE_DIM_LINETYPE
 70
     0
  0
APPID
  5
315E
330
9
100
AcDbSymbolTableRecord
100
AcDbRegAppTableRecord
  2
ACAD_DSTYLE_DIM_EXT1_LINETYPE
 70
     0
  0
APPID
  5
315F
330
9
100
AcDbSymbolTableRecord
100
AcDbRegAppTableRecord
  2
ACAD_DSTYLE_DIM_EXT2_LINETYPE
 70
     0
  0
APPID
  5
321B
330
9
100
AcDbSymbolTableRecord
100
AcDbRegAppTableRecord
  2
ACAD_DSTYLE_DIMJOGGED_JOGANGLE_SYMBOL
 70
     0
  0
APPID
  5
32DF
330
9
100
AcDbSymbolTableRecord
100
AcDbRegAppTableRecord
  2
ACAD_DSTYLE_DIMARC_LENGTH_SYMBOL
 70
     0
  0
APPID
  5
3A38
330
9
100
AcDbSymbolTableRecord
100
AcDbRegAppTableRecord
  2
ACAD_PSEXT
 70
     0
  0
APPID
  5
4B07
330
9
100
AcDbSymbolTableRecord
100
AcDbRegAppTableRecord
  2
DCO15
 70
     0
  0
APPID
  5
599AB
330
9
100
AcDbSymbolTableRecord
100
AcDbRegAppTableRecord
  2
AcAecLayerStandard
 70
     0
  0
APPID
  5
5F6F0
330
9
100
AcDbSymbolTableRecord
100
AcDbRegAppTableRecord
  2
ACAD_DSTYLE_DIMRADIAL_EXTENSION
 70
     0
  0
APPID
  5
5F6F1
330
9
100
AcDbSymbolTableRecord
100
AcDbRegAppTableRecord
  2
AcadStringInfo
 70
     0
  0
APPID
  5
6957A
330
9
100
AcDbSymbolTableRecord
100
AcDbRegAppTableRecord
  2
ACAD_DSTYLE_DIMJAG
 70
     0
  0
APPID
  5
6957B
330
9
100
AcDbSymbolTableRecord
100
AcDbRegAppTableRecord
  2
ACAD_DSTYLE_DIMTALN
 70
     0
  0
APPID
  5
9CB3E
330
9
100
AcDbSymbolTableRecord
100
AcDbRegAppTableRecord
  2
ACAD_DSTYLE_DIMBREAK
 70
     0
  0
APPID
  5
13C675
330
9
100
AcDbSymbolTableRecord
100
AcDbRegAppTableRecord
  2
GENIUS_AMGTXT_16
 70
     0
  0
APPID
  5
13C7AE
330
9
100
AcDbSymbolTableRecord
100
AcDbRegAppTableRecord
  2
GENIUS_GENODEF_13
 70
     0
  0
APPID
  5
13C7AF
330
9
100
AcDbSymbolTableRecord
100
AcDbRegAppTableRecord
  2
GENIUS_GENOBJ-N-HTC_13
 70
     0
  0
APPID
  5
13C7B0
330
9
100
AcDbSymbolTableRecord
100
AcDbRegAppTableRecord
  2
GENIUS_GENHATCH_13
 70
     0
  0
APPID
  5
18EEDD
330
9
100
AcDbSymbolTableRecord
100
AcDbRegAppTableRecord
  2
ACAD_MLEADERVER
 70
     0
  0
APPID
  5
194FE3
330
9
100
AcDbSymbolTableRecord
100
AcDbRegAppTableRecord
  2
AcadAnnoPO
 70
     0
  0
APPID
  5
1965D0
330
9
100
AcDbSymbolTableRecord
100
AcDbRegAppTableRecord
  2
AcadAnnotative
 70
     0
  0
APPID
  5
19B282
330
9
100
AcDbSymbolTableRecord
100
AcDbRegAppTableRecord
  2
AcDbBlockRepETag
 70
     0
  0
APPID
  5
19D5B9
330
9
100
AcDbSymbolTableRecord
100
AcDbRegAppTableRecord
  2
ACAD_NAV_VCDISPLAY
 70
     0
  0
APPID
  5
1A3DFA
330
9
100
AcDbSymbolTableRecord
100
AcDbRegAppTableRecord
  2
GradientColor1ACI
 70
     0
  0
APPID
  5
1A3DFB
330
9
100
AcDbSymbolTableRecord
100
AcDbRegAppTableRecord
  2
GradientColor2ACI
 70
     0
  0
APPID
  5
1A4658
330
9
100
AcDbSymbolTableRecord
100
AcDbRegAppTableRecord
  2
AcadAnnoMonitorAlertIconDisabled
 70
     0
  0
ENDTAB
  0
TABLE
  2
DIMSTYLE
  5
A
330
0
100
AcDbSymbolTable
 70
    23
100
AcDbDimStyleTable
 71
     5
340
1A16B5
340
1A16B7
340
1A2498
340
1A16B4
340
19EEC6
  0
DIMSTYLE
105
19DAF2
330
A
100
AcDbSymbolTableRecord
100
AcDbDimStyleTableRecord
  2
s1.1
 70
     0
 41
2.0
 42
0.625
 43
3.75
 44
1.25
 47
0.2
 48
0.2
 73
     0
 77
     1
 78
     8
140
2.5
141
0.0
143
0.03937007874016
147
0.625
171
     3
172
     1
176
     5
177
     5
271
     2
272
     2
274
     3
278
    44
283
     0
284
     8
340
F6
1001
ACAD_DSTYLE_DIMBREAK
1070
   391
1040
0.125
1001
ACAD_DSTYLE_DIMJAG
1070
   388
1040
1.5
1001
ACAD_DSTYLE_DIMTALN
1070
   392
1070
     0
  0
DIMSTYLE
105
19EEC4
330
A
100
AcDbSymbolTableRecord
100
AcDbDimStyleTableRecord
  2
s2.1
 70
     0
 41
2.5
 42
0.625
 43
3.75
 44
1.25
 48
0.25
 73
     0
 77
     1
 78
     8
140
2.5
141
0.0
143
0.03937007874016
144
0.5
146
0.8
147
0.625
171
     3
172
     1
176
     5
177
     5
178
     7
271
     0
272
     0
274
     3
278
    44
283
     0
284
     8
340
F
371
    -1
372
    -1
1001
ACAD_DSTYLE_DIMBREAK
1070
   391
1040
0.125
1001
ACAD_DSTYLE_DIMJAG
1070
   388
1040
1.5
1001
ACAD_DSTYLE_DIMTALN
1070
   392
1070
     0
  0
DIMSTYLE
105
19EEC5
330
A
100
AcDbSymbolTableRecord
100
AcDbDimStyleTableRecord
  2
s2.5
 70
     0
 41
2.5
 42
0.625
 43
3.75
 44
1.25
 48
0.25
 73
     0
 77
     1
 78
     8
140
2.5
141
0.0
143
0.03937007874016
144
0.4
146
0.8
147
0.625
171
     3
172
     1
176
     5
177
     5
178
     7
271
     0
272
     0
274
     3
278
    44
283
     0
284
     8
340
F
371
    -1
372
    -1
1001
ACAD_DSTYLE_DIMBREAK
1070
   391
1040
0.125
1001
ACAD_DSTYLE_DIMJAG
1070
   388
1040
1.5
1001
ACAD_DSTYLE_DIMTALN
1070
   392
1070
     0
  0
DIMSTYLE
105
19EEC6
330
A
100
AcDbSymbolTableRecord
100
AcDbDimStyleTableRecord
  2
s3.1
 70
     0
 41
2.5
 42
0.625
 43
3.75
 44
1.25
 73
     0
 77
     1
 78
     8
140
2.5
141
0.0
143
0.03937007874016
144
0.333333333333333
147
0.625
171
     3
172
     1
176
     5
177
     5
271
     2
272
     2
274
     3
278
    44
283
     0
284
     8
340
F6
371
    20
372
    20
1001
ACAD_DSTYLE_DIMBREAK
1070
   391
1040
3.75
1001
ACAD_DSTYLE_DIMJAG
1070
   388
1040
1.5
1001
ACAD_DSTYLE_DIMTALN
1070
   392
1070
     0
  0
DIMSTYLE
105
1A075E
330
A
100
AcDbSymbolTableRecord
100
AcDbDimStyleTableRecord
  2
STANDARD
 70
     0
340
F
  0
DIMSTYLE
105
1A0966
330
A
100
AcDbSymbolTableRecord
100
AcDbDimStyleTableRecord
  2
s1.5
 70
     0
 41
2.0
 42
0.625
 43
3.75
 44
1.25
 47
0.2
 48
0.2
 73
     0
 77
     1
 78
     8
140
2.5
141
0.0
143
0.03937007874016
144
0.666666666666667
147
0.625
171
     3
172
     1
176
     5
177
     5
271
     2
272
     2
274
     3
278
    44
283
     0
284
     8
340
F6
1001
ACAD_DSTYLE_DIMBREAK
1070
   391
1040
0.125
1001
ACAD_DSTYLE_DIMJAG
1070
   388
1040
1.5
1001
ACAD_DSTYLE_DIMTALN
1070
   392
1070
     0
  0
DIMSTYLE
105
1A16B4
330
A
100
AcDbSymbolTableRecord
100
AcDbDimStyleTableRecord
  2
olcek 1 1
 70
     0
 41
2.5
 42
0.625
 43
3.75
 44
1.25
 70
     5
 73
     0
 74
     0
 77
     1
 78
     8
140
2.5
141
0.0
143
0.03937007874016
147
0.625
171
     3
172
     1
176
     5
177
     5
178
     1
271
     2
272
     2
274
     3
278
    44
283
     0
284
     8
340
F
371
    -1
372
    -1
1001
ACAD_DSTYLE_DIMJAG
1070
   388
1040
1.5
1001
ACAD_DSTYLE_DIMTALN
1070
   392
1070
     0
  0
DIMSTYLE
105
1A16B5
330
A
100
AcDbSymbolTableRecord
100
AcDbDimStyleTableRecord
  2
olcek 3 1
 70
     0
 41
2.5
 42
0.625
 43
3.75
 44
1.25
 73
     0
 74
     0
 77
     1
 78
     8
140
2.5
141
0.0
143
0.03937007874016
144
0.3333333
147
0.625
171
     3
172
     1
176
     5
177
     5
178
     1
271
     2
272
     2
274
     3
278
    44
283
     0
284
     8
340
F
371
    -1
372
    -1
1001
ACAD_DSTYLE_DIMJAG
1070
   388
1040
1.5
1001
ACAD_DSTYLE_DIMTALN
1070
   392
1070
     0
  0
DIMSTYLE
105
1A16B6
330
A
100
AcDbSymbolTableRecord
100
AcDbDimStyleTableRecord
  2
olcek 1.5 1
 70
     0
 41
2.5
 42
0.625
 43
3.75
 44
1.25
 73
     0
 74
     0
 77
     1
 78
     8
140
2.0
141
0.0
143
0.03937007874016
144
0.6666666666
147
0.625
171
     3
172
     1
176
     5
177
     5
178
     7
271
     2
272
     2
274
     3
278
    44
283
     0
284
     8
340
F
371
    20
372
    20
1001
ACAD_DSTYLE_DIMJAG
1070
   388
1040
1.5
1001
ACAD_DSTYLE_DIMTALN
1070
   392
1070
     0
  0
DIMSTYLE
105
1A16B7
330
A
100
AcDbSymbolTableRecord
100
AcDbDimStyleTableRecord
  2
olcek 5 1
 70
     0
 41
2.5
 42
0.625
 43
3.75
 44
1.25
 73
     0
 74
     0
 77
     1
 78
     8
140
2.5
141
0.0
143
0.03937007874016
144
0.2
147
0.625
171
     3
172
     1
176
     5
177
     5
178
     1
271
     2
272
     2
274
     3
278
    44
283
     0
284
     8
340
F
371
    20
372
    20
1001
ACAD_DSTYLE_DIMJAG
1070
   388
1040
1.5
1001
ACAD_DSTYLE_DIMTALN
1070
   392
1070
     0
  0
DIMSTYLE
105
1A16B8
330
A
100
AcDbSymbolTableRecord
100
AcDbDimStyleTableRecord
  2
olcek 2.5 1
 70
     0
 41
2.5
 42
0.625
 43
3.75
 44
1.25
 73
     0
 74
     0
 77
     1
 78
     8
140
2.0
141
0.0
143
0.03937007874016
144
0.4
147
0.625
171
     3
172
     1
176
     5
177
     5
178
     7
271
     2
272
     2
274
     3
278
    44
283
     0
284
     8
340
F
371
    20
372
    20
1001
ACAD_DSTYLE_DIMJAG
1070
   388
1040
1.5
1001
ACAD_DSTYLE_DIMTALN
1070
   392
1070
     0
  0
DIMSTYLE
105
1A2498
330
A
100
AcDbSymbolTableRecord
100
AcDbDimStyleTableRecord
  2
Annotative
 70
     0
 40
0.0
340
F
1001
AcadAnnotative
1000
AnnotativeData
1002
{
1070
     1
1070
     1
1002
}
1001
ACAD_DSTYLE_DIMJAG
1070
   388
1040
1.5
1001
ACAD_DSTYLE_DIMTALN
1070
   392
1070
     0
  0
DIMSTYLE
105
1A3A6C
330
A
100
AcDbSymbolTableRecord
100
AcDbDimStyleTableRecord
  2
ISO-25
 70
     0
 41
2.5
 42
0.625
 43
3.75
 44
1.25
 73
     0
 74
     0
 77
     1
 78
     8
140
2.5
141
2.5
143
0.0393700787
147
0.625
171
     3
172
     1
271
     2
272
     2
274
     3
278
    44
283
     0
284
     8
340
F
  0
DIMSTYLE
105
1A3A6D
330
A
100
AcDbSymbolTableRecord
100
AcDbDimStyleTableRecord
  2
SLDDIMSTYLE0
 70
     0
 41
1.5
 44
0.0
 45
0.000000001
 47
0.3
 48
0.3
 71
     1
 73
     0
 74
     0
 77
     1
 78
    12
 79
     3
140
2.1166666667
147
0.5291666667000001
173
     1
271
     1
272
     1
276
     2
284
     8
340
1A3A69
  0
DIMSTYLE
105
1A3A6E
330
A
100
AcDbSymbolTableRecord
100
AcDbDimStyleTableRecord
  2
SLDDIMSTYLE1
 70
     0
 41
1.5
 44
0.0
 45
0.000000001
 47
0.15
 48
0.15
 71
     1
 73
     0
 74
     0
 77
     1
 78
    12
 79
     3
140
2.1166666667
147
0.5291666667000001
173
     1
271
     2
272
     2
276
     2
284
     8
340
1A3A69
  0
DIMSTYLE
105
1A3A6F
330
A
100
AcDbSymbolTableRecord
100
AcDbDimStyleTableRecord
  2
SLDDIMSTYLE2
 70
     0
 41
1.5
 44
0.0
 45
0.000000001
 47
0.2
 48
0.2
 71
     1
 73
     0
 74
     0
 77
     1
 78
    12
 79
     3
140
2.1166666667
147
0.5291666667000001
173
     1
271
     2
272
     2
276
     2
284
     8
340
1A3A69
  0
DIMSTYLE
105
1A3A70
330
A
100
AcDbSymbolTableRecord
100
AcDbDimStyleTableRecord
  2
SLDDIMSTYLE3
 70
     0
 41
1.5
 44
0.0
 45
0.000000001
 47
0.2
 48
0.2
 71
     1
 73
     0
 74
     0
 77
     1
 78
    12
 79
     3
140
2.1166666667
147
0.5291666667000001
172
     1
173
     1
271
     1
272
     1
276
     2
284
     8
289
     0
340
1A3A69
  0
DIMSTYLE
105
1A3A71
330
A
100
AcDbSymbolTableRecord
100
AcDbDimStyleTableRecord
  2
SLDDIMSTYLE4
 70
     0
 41
1.5
 44
0.0
 45
0.000000001
 47
0.5
 48
0.5
 71
     1
 73
     0
 74
     0
 77
     1
 78
    12
 79
     3
140
2.1166666667
141
0.0
147
0.5291666667000001
173
     1
271
     2
272
     2
276
     2
284
     8
340
1A3A69
341
1A3A29
343
1A3A29
344
1A3A29
  0
DIMSTYLE
105
1A3A72
330
A
100
AcDbSymbolTableRecord
100
AcDbDimStyleTableRecord
  2
SLDDIMSTYLE5
 70
     0
 41
1.5
 44
0.0
 45
0.000000001
 73
     0
 74
     0
 77
     1
 78
    12
 79
     3
140
2.1166666667
141
0.0
147
0.5291666667000001
173
     1
271
     2
272
     2
276
     2
284
    12
340
1A3A69
  0
DIMSTYLE
105
1A3A73
330
A
100
AcDbSymbolTableRecord
100
AcDbDimStyleTableRecord
  2
SLDDIMSTYLE6
 70
     0
 41
1.5
 44
0.0
 45
0.000000001
 47
0.2
 48
0.2
 71
     1
 73
     0
 74
     0
 77
     1
 78
    12
 79
     3
140
2.1166666667
147
0.5291666667000001
172
     1
173
     1
271
     2
272
     2
276
     2
284
     8
289
     0
340
1A3A69
  0
DIMSTYLE
105
1A3A74
330
A
100
AcDbSymbolTableRecord
100
AcDbDimStyleTableRecord
  2
SLDDIMSTYLE7
 70
     0
 41
1.5
 44
0.0
 45
0.000000001
 47
0.3
 48
0.3
 71
     1
 73
     0
 74
     0
 77
     1
 78
    12
 79
     3
140
2.1166666667
147
0.5291666667000001
173
     1
271
     2
272
     2
276
     2
284
     8
340
1A3A69
  0
DIMSTYLE
105
1A3A75
330
A
100
AcDbSymbolTableRecord
100
AcDbDimStyleTableRecord
  2
SLDDIMSTYLE8
 70
     0
 41
1.5
 44
0.0
 45
0.000000001
146
1.5
147
0.0
173
     1
271
     0
272
     0
276
     2
340
F
  0
DIMSTYLE
105
1A976C
330
A
100
AcDbSymbolTableRecord
100
AcDbDimStyleTableRecord
  2
SLDDIMSTYLE9
 70
     0
 41
1.5
 44
0.0
 45
0.000000001
146
1.5
147
0.0
173
     1
271
     0
272
     0
276
     2
340
F
  0
ENDTAB
  0
TABLE
  2
BLOCK_RECORD
  5
1
330
0
100
AcDbSymbolTable
 70
    71
  0
BLOCK_RECORD
  5
18
102
{ACAD_XDICTIONARY
360
30CA
102
}
330
1
100
AcDbSymbolTableRecord
100
AcDbBlockTableRecord
  2
*MODEL_SPACE
340
3089
 70
     0
280
     1
281
     0
  0
BLOCK_RECORD
  5
15
330
1
100
AcDbSymbolTableRecord
100
AcDbBlockTableRecord
  2
*PAPER_SPACE
340
308A
 70
     0
280
     1
281
     0
  0
BLOCK_RECORD
  5
1512B
330
1
100
AcDbSymbolTableRecord
100
AcDbBlockTableRecord
  2
A$C548C63C7
340
0
102
{BLKREFS
331
1A09D1
102
}
 70
     0
280
     1
281
     0
  0
BLOCK_RECORD
  5
1A0993
102
{ACAD_XDICTIONARY
360
1A0A4F
102
}
330
1
100
AcDbSymbolTableRecord
100
AcDbBlockTableRecord
  2
A$C01FC671D
340
0
 70
     0
280
     1
281
     0
  0
BLOCK_RECORD
  5
1A39DF
330
1
100
AcDbSymbolTableRecord
100
AcDbBlockTableRecord
  2
SW_NOTE_0
340
0
 70
     0
280
     1
281
     0
  0
BLOCK_RECORD
  5
1A39E4
330
1
100
AcDbSymbolTableRecord
100
AcDbBlockTableRecord
  2
SW_NOTE_1
340
0
 70
     0
280
     1
281
     0
  0
BLOCK_RECORD
  5
1A39F3
330
1
100
AcDbSymbolTableRecord
100
AcDbBlockTableRecord
  2
SW_NOTE_2
340
0
 70
     0
280
     1
281
     0
  0
BLOCK_RECORD
  5
1A39FD
330
1
100
AcDbSymbolTableRecord
100
AcDbBlockTableRecord
  2
_D
340
0
 70
     0
280
     1
281
     0
  0
BLOCK_RECORD
  5
1A3A07
330
1
100
AcDbSymbolTableRecord
100
AcDbBlockTableRecord
  2
_D_1
340
0
 70
     0
280
     1
281
     0
  0
BLOCK_RECORD
  5
1A3A12
330
1
100
AcDbSymbolTableRecord
100
AcDbBlockTableRecord
  2
_D_2
340
0
 70
     0
280
     1
281
     0
  0
BLOCK_RECORD
  5
1A3A1D
330
1
100
AcDbSymbolTableRecord
100
AcDbBlockTableRecord
  2
_D_3
340
0
 70
     0
280
     1
281
     0
  0
BLOCK_RECORD
  5
1A3A29
330
1
100
AcDbSymbolTableRecord
100
AcDbBlockTableRecord
  2
_None
340
0
 70
     0
280
     1
281
     0
  0
BLOCK_RECORD
  5
1A3A2C
330
1
100
AcDbSymbolTableRecord
100
AcDbBlockTableRecord
  2
_D_4
340
0
 70
     0
280
     1
281
     0
  0
BLOCK_RECORD
  5
1A3A31
330
1
100
AcDbSymbolTableRecord
100
AcDbBlockTableRecord
  2
_D_5
340
0
 70
     0
280
     1
281
     0
  0
BLOCK_RECORD
  5
1A3A3D
330
1
100
AcDbSymbolTableRecord
100
AcDbBlockTableRecord
  2
_D_6
340
0
 70
     0
280
     1
281
     0
  0
BLOCK_RECORD
  5
1A3A44
330
1
100
AcDbSymbolTableRecord
100
AcDbBlockTableRecord
  2
_D_7
340
0
 70
     0
280
     1
281
     0
  0
BLOCK_RECORD
  5
1A3A4B
330
1
100
AcDbSymbolTableRecord
100
AcDbBlockTableRecord
  2
_D_8
340
0
 70
     0
280
     1
281
     0
  0
BLOCK_RECORD
  5
1A3A57
330
1
100
AcDbSymbolTableRecord
100
AcDbBlockTableRecord
  2
_D_9
340
0
 70
     0
280
     1
281
     0
  0
BLOCK_RECORD
  5
1A3A62
330
1
100
AcDbSymbolTableRecord
100
AcDbBlockTableRecord
  2
SW_NOTE_3
340
0
 70
     0
280
     1
281
     0
  0
BLOCK_RECORD
  5
1A3EBB
330
1
100
AcDbSymbolTableRecord
100
AcDbBlockTableRecord
  2
_D_10
340
0
 70
     0
280
     1
281
     0
  0
BLOCK_RECORD
  5
1A3EC4
330
1
100
AcDbSymbolTableRecord
100
AcDbBlockTableRecord
  2
_D_11
340
0
 70
     0
280
     1
281
     0
  0
BLOCK_RECORD
  5
1A3ECA
330
1
100
AcDbSymbolTableRecord
100
AcDbBlockTableRecord
  2
_D_12
340
0
 70
     0
280
     1
281
     0
  0
BLOCK_RECORD
  5
1A3ED0
330
1
100
AcDbSymbolTableRecord
100
AcDbBlockTableRecord
  2
_D_13
340
0
 70
     0
280
     1
281
     0
  0
BLOCK_RECORD
  5
1A3ED6
330
1
100
AcDbSymbolTableRecord
100
AcDbBlockTableRecord
  2
_D_14
340
0
 70
     0
280
     1
281
     0
  0
BLOCK_RECORD
  5
1A3EDC
330
1
100
AcDbSymbolTableRecord
100
AcDbBlockTableRecord
  2
_D_15
340
0
 70
     0
280
     1
281
     0
  0
BLOCK_RECORD
  5
1A3EE2
330
1
100
AcDbSymbolTableRecord
100
AcDbBlockTableRecord
  2
_D_16
340
0
 70
     0
280
     1
281
     0
  0
BLOCK_RECORD
  5
1A3EEB
330
1
100
AcDbSymbolTableRecord
100
AcDbBlockTableRecord
  2
_D_17
340
0
 70
     0
280
     1
281
     0
  0
BLOCK_RECORD
  5
1A3EF4
330
1
100
AcDbSymbolTableRecord
100
AcDbBlockTableRecord
  2
_D_18
340
0
 70
     0
280
     1
281
     0
  0
BLOCK_RECORD
  5
1A4F37
102
{ACAD_XDICTIONARY
360
1A4F39
102
}
330
1
100
AcDbSymbolTableRecord
100
AcDbBlockTableRecord
  2
A$C164d7da7
340
0
 70
     0
280
     1
281
     0
  0
BLOCK_RECORD
  5
1A5C9A
102
{ACAD_XDICTIONARY
360
1A5C9C
102
}
330
1
100
AcDbSymbolTableRecord
100
AcDbBlockTableRecord
  2
A$C54346970
340
0
 70
     0
280
     1
281
     0
  0
BLOCK_RECORD
  5
1A62FD
330
1
100
AcDbSymbolTableRecord
100
AcDbBlockTableRecord
  2
SW_NOTE_4
340
0
 70
     0
280
     1
281
     0
  0
BLOCK_RECORD
  5
1A6301
330
1
100
AcDbSymbolTableRecord
100
AcDbBlockTableRecord
  2
SW_CENTERMARKSYMBOL_0
340
0
 70
     0
280
     1
281
     0
  0
BLOCK_RECORD
  5
1A65BF
330
1
100
AcDbSymbolTableRecord
100
AcDbBlockTableRecord
  2
_D_19
340
0
 70
     0
280
     1
281
     0
  0
BLOCK_RECORD
  5
1A65C6
330
1
100
AcDbSymbolTableRecord
100
AcDbBlockTableRecord
  2
_D_21
340
0
 70
     0
280
     1
281
     0
  0
BLOCK_RECORD
  5
1A65CA
330
1
100
AcDbSymbolTableRecord
100
AcDbBlockTableRecord
  2
_D_22
340
0
 70
     0
280
     1
281
     0
  0
BLOCK_RECORD
  5
1A65D1
330
1
100
AcDbSymbolTableRecord
100
AcDbBlockTableRecord
  2
_D_26
340
0
 70
     0
280
     1
281
     0
  0
BLOCK_RECORD
  5
1A65D8
330
1
100
AcDbSymbolTableRecord
100
AcDbBlockTableRecord
  2
_D_29
340
0
 70
     0
280
     1
281
     0
  0
BLOCK_RECORD
  5
1A65E3
330
1
100
AcDbSymbolTableRecord
100
AcDbBlockTableRecord
  2
_D_30
340
0
 70
     0
280
     1
281
     0
  0
BLOCK_RECORD
  5
1A65EA
330
1
100
AcDbSymbolTableRecord
100
AcDbBlockTableRecord
  2
_D_31
340
0
 70
     0
280
     1
281
     0
  0
BLOCK_RECORD
  5
1A65F3
330
1
100
AcDbSymbolTableRecord
100
AcDbBlockTableRecord
  2
_D_32
340
0
 70
     0
280
     1
281
     0
  0
BLOCK_RECORD
  5
1A7141
330
1
100
AcDbSymbolTableRecord
100
AcDbBlockTableRecord
  2
SW_NOTE_0_1
340
0
 70
     0
280
     1
281
     0
  0
BLOCK_RECORD
  5
1A7150
330
1
100
AcDbSymbolTableRecord
100
AcDbBlockTableRecord
  2
SW_NOTE_0_2
340
0
 70
     0
280
     1
281
     0
  0
BLOCK_RECORD
  5
1A73D3
102
{ACAD_XDICTIONARY
360
1A73F7
102
}
330
1
100
AcDbSymbolTableRecord
100
AcDbBlockTableRecord
  2
A$C7C642BA4
340
0
 70
     0
280
     1
281
     0
  0
BLOCK_RECORD
  5
1A7448
102
{ACAD_XDICTIONARY
360
1A744C
102
}
330
1
100
AcDbSymbolTableRecord
100
AcDbBlockTableRecord
  2
A$C20C60831
340
0
 70
     0
280
     1
281
     0
  0
BLOCK_RECORD
  5
1A91A0
330
1
100
AcDbSymbolTableRecord
100
AcDbBlockTableRecord
  2
SW_NOTE_0_3
340
0
 70
     0
280
     1
281
     0
  0
BLOCK_RECORD
  5
1A9762
330
1
100
AcDbSymbolTableRecord
100
AcDbBlockTableRecord
  2
_D_20
340
0
 70
     0
280
     1
281
     0
  0
BLOCK_RECORD
  5
1A9FB0
102
{ACAD_XDICTIONARY
360
1A9FB4
102
}
330
1
100
AcDbSymbolTableRecord
100
AcDbBlockTableRecord
  2
A$C6dbcd26a
340
0
 70
     0
280
     1
281
     0
  0
BLOCK_RECORD
  5
1AA17E
330
1
100
AcDbSymbolTableRecord
100
AcDbBlockTableRecord
  2
SW_NOTE_0_4
340
0
 70
     0
280
     1
281
     0
  0
BLOCK_RECORD
  5
1AA40F
330
1
100
AcDbSymbolTableRecord
100
AcDbBlockTableRecord
  2
*D46
340
0
 70
     0
280
     1
281
     0
  0
BLOCK_RECORD
  5
1AA41C
330
1
100
AcDbSymbolTableRecord
100
AcDbBlockTableRecord
  2
*D47
340
0
 70
     0
280
     1
281
     0
  0
BLOCK_RECORD
  5
1AA429
330
1
100
AcDbSymbolTableRecord
100
AcDbBlockTableRecord
  2
*D48
340
0
 70
     0
280
     1
281
     0
  0
BLOCK_RECORD
  5
1AA436
330
1
100
AcDbSymbolTableRecord
100
AcDbBlockTableRecord
  2
*D49
340
0
 70
     0
280
     1
281
     0
  0
BLOCK_RECORD
  5
1AA445
330
1
100
AcDbSymbolTableRecord
100
AcDbBlockTableRecord
  2
*D50
340
0
 70
     0
280
     1
281
     0
  0
BLOCK_RECORD
  5
1AA454
330
1
100
AcDbSymbolTableRecord
100
AcDbBlockTableRecord
  2
*D51
340
0
 70
     0
280
     1
281
     0
  0
BLOCK_RECORD
  5
1AA463
330
1
100
AcDbSymbolTableRecord
100
AcDbBlockTableRecord
  2
*D52
340
0
 70
     0
280
     1
281
     0
  0
BLOCK_RECORD
  5
1AA470
330
1
100
AcDbSymbolTableRecord
100
AcDbBlockTableRecord
  2
*D53
340
0
 70
     0
280
     1
281
     0
  0
BLOCK_RECORD
  5
1AA47D
330
1
100
AcDbSymbolTableRecord
100
AcDbBlockTableRecord
  2
*D54
340
0
 70
     0
280
     1
281
     0
  0
BLOCK_RECORD
  5
1AA48A
330
1
100
AcDbSymbolTableRecord
100
AcDbBlockTableRecord
  2
*D55
340
0
 70
     0
280
     1
281
     0
  0
BLOCK_RECORD
  5
1AA494
330
1
100
AcDbSymbolTableRecord
100
AcDbBlockTableRecord
  2
*D56
340
0
 70
     0
280
     1
281
     0
  0
BLOCK_RECORD
  5
1AA49E
330
1
100
AcDbSymbolTableRecord
100
AcDbBlockTableRecord
  2
*D57
340
0
 70
     0
280
     1
281
     0
  0
BLOCK_RECORD
  5
1AA4A8
330
1
100
AcDbSymbolTableRecord
100
AcDbBlockTableRecord
  2
*D58
340
0
 70
     0
280
     1
281
     0
  0
BLOCK_RECORD
  5
1AA4C7
330
1
100
AcDbSymbolTableRecord
100
AcDbBlockTableRecord
  2
*D59
340
0
 70
     0
280
     1
281
     0
  0
BLOCK_RECORD
  5
1AA4E9
330
1
100
AcDbSymbolTableRecord
100
AcDbBlockTableRecord
  2
*D60
340
0
 70
     0
280
     1
281
     0
  0
BLOCK_RECORD
  5
1AA4F7
330
1
100
AcDbSymbolTableRecord
100
AcDbBlockTableRecord
  2
*D61
340
0
 70
     0
280
     1
281
     0
  0
BLOCK_RECORD
  5
1AA50F
330
1
100
AcDbSymbolTableRecord
100
AcDbBlockTableRecord
  2
*D62
340
0
 70
     0
280
     1
281
     0
  0
BLOCK_RECORD
  5
1AA519
330
1
100
AcDbSymbolTableRecord
100
AcDbBlockTableRecord
  2
*D63
340
0
 70
     0
280
     1
281
     0
  0
BLOCK_RECORD
  5
1AA527
330
1
100
AcDbSymbolTableRecord
100
AcDbBlockTableRecord
  2
*D64
340
0
 70
     0
280
     1
281
     0
  0
BLOCK_RECORD
  5
1AA549
330
1
100
AcDbSymbolTableRecord
100
AcDbBlockTableRecord
  2
*D65
340
0
 70
     0
280
     1
281
     0
  0
BLOCK_RECORD
  5
1AA686
330
1
100
AcDbSymbolTableRecord
100
AcDbBlockTableRecord
  2
*D66
340
0
 70
     0
280
     1
281
     0
  0
BLOCK_RECORD
  5
1AA6A0
330
1
100
AcDbSymbolTableRecord
100
AcDbBlockTableRecord
  2
*D67
340
0
 70
     0
280
     1
281
     0
  0
BLOCK_RECORD
  5
1AA6AA
330
1
100
AcDbSymbolTableRecord
100
AcDbBlockTableRecord
  2
*D68
340
0
 70
     0
280
     1
281
     0
  0
BLOCK_RECORD
  5
1AA6CB
102
{ACAD_XDICTIONARY
360
1AA6CE
102
}
330
1
100
AcDbSymbolTableRecord
100
AcDbBlockTableRecord
  2
A$C67dae859
340
0
 70
     0
280
     1
281
     0
  0
BLOCK_RECORD
  5
1AA86A
330
1
100
AcDbSymbolTableRecord
100
AcDbBlockTableRecord
  2
*D70
340
0
 70
     0
280
     1
281
     0
  0
ENDTAB
  0
ENDSEC
  0
SECTION
  2
BLOCKS
  0
BLOCK
  5
19
330
18
100
AcDbEntity
  8
0
100
AcDbBlockBegin
  2
*MODEL_SPACE
 70
     0
 10
0.0
 20
0.0
 30
0.0
  3
*MODEL_SPACE
  1

  0
ENDBLK
  5
1A
330
18
100
AcDbEntity
  8
0
100
AcDbBlockEnd
  0
BLOCK
  5
16
330
15
100
AcDbEntity
 67
     1
  8
0
100
AcDbBlockBegin
  2
*PAPER_SPACE
 70
     0
 10
0.0
 20
0.0
 30
0.0
  3
*PAPER_SPACE
  1

  0
ENDBLK
  5
17
330
15
100
AcDbEntity
 67
     1
  8
0
100
AcDbBlockEnd
  0
BLOCK
  5
1512C
330
1512B
100
AcDbEntity
  8
0
100
AcDbBlockBegin
  2
A$C548C63C7
 70
     0
 10
0.0
 20
0.0
 30
0.0
  3
A$C548C63C7
  1

  0
HATCH
  5
1512D
330
1512B
100
AcDbEntity
  8
0
 62
   253
100
AcDbHatch
 10
0.0
 20
0.0
 30
0.0
210
0.0
220
0.0
230
1.0
  2
DOTS
 70
     0
 71
     1
 91
        1
 92
        7
 72
     1
 73
     1
 93
        4
 10
0.0073569542931864
 20
1.838233322927464
 42
0.0
 10
0.0073569542931864
 20
0.014713153496075
 42
0.0
 10
21.72849253807252
 20
0.014713153496075
 42
-1.0
 10
21.39158869645543
 20
1.838233322927464
 42
0.0
 97
        4
330
15135
330
15145
330
15134
330
15162
 75
     0
 76
     1
 52
0.0
 41
2.942662796248099
 77
     0
 78
     1
 53
0.0
 43
165.801150947775
 44
-344.6189428312343
 45
0.0919582123827532
 46
0.1839164247655063
 79
     2
 49
0.0
 49
-0.1839164247655063
 47
0.09550745483716
 98
        1
 10
8.276482242973315
 20
1.252951722147144
  0
HATCH
  5
1512E
330
1512B
100
AcDbEntity
  8
0
 62
     5
100
AcDbHatch
 10
0.0
 20
0.0
 30
0.0
210
0.0
220
0.0
230
1.0
  2
SOLID
 70
     1
 71
     0
 91
        1
 92
        7
 72
     1
 73
     1
 93
        8
 10
12.6779185623202
 20
2.434580123232591
 42
0.0
 10
13.11931798175743
 20
2.434580123232591
 42
0.0
 10
13.11931798175743
 20
9.038349775041981
 42
-0.4142135623731141
 10
14.00211682063184
 20
9.921148613916443
 42
0.0
 10
15.76771449838071
 20
9.921148613916443
 42
0.0
 10
15.76771449838071
 20
10.36254803335367
 42
0.0
 10
14.00211682063178
 20
10.36254803335367
 42
0.4142135623730825
 10
12.6779185623202
 20
9.038349775042036
 42
0.0
 97
        0
 75
     0
 76
     1
 47
0.102625360429809
 98
        1
 10
12.84707898002819
 20
8.280644862427719
450
        0
451
        0
460
0.0
461
0.0
452
        1
462
0.0
453
        0
470

  0
HATCH
  5
1512F
330
1512B
100
AcDbEntity
  8
0
 62
   253
100
AcDbHatch
 10
0.0
 20
0.0
 30
0.0
210
0.0
220
0.0
230
1.0
  2
DOTS
 70
     0
 71
     0
 91
        5
 92
        7
 72
     1
 73
     1
 93
        2
 10
21.5678626563755
 20
0.8901553353799727
 42
1.0
 10
23.33346033412437
 20
0.8901553353799727
 42
1.0
 97
        0
 92
        7
 72
     1
 73
     1
 93
        4
 10
23.50973429404536
 20
0.014713153496075
 42
0.0
 10
26.43607421505902
 20
0.014713153496075
 42
0.0
 10
26.43607421505902
 20
1.838233322927464
 42
0.0
 10
23.50973429404411
 20
1.838233322927464
 42
-0.8321692757221834
 97
        0
 92
        7
 72
     1
 73
     1
 93
        2
 10
16.88336918698496
 20
3.582218613769383
 42
1.0
 10
18.64896686473389
 20
3.582218613769383
 42
1.0
 97
        0
 92
        7
 72
     1
 73
     1
 93
        2
 10
2.758587764994159
 20
3.582218613769383
 42
1.0
 10
4.524185442743031
 20
3.582218613769383
 42
1.0
 97
        0
 92
        7
 72
     1
 73
     1
 93
       12
 10
22.56526555771376
 20
3.758778381544174
 42
0.0
 10
21.06450753162738
 20
3.758778381544174
 42
0.0
 10
21.06450753162738
 20
2.434580123232591
 42
0.0
 10
22.83010520937609
 20
2.434580123232591
 42
0.4142135623731078
 10
24.15430346768778
 20
3.758778381544231
 42
0.0
 10
24.15430346768778
 20
7.466533504816822
 42
-0.4142135623730323
 10
24.41914311935011
 20
7.731373156479094
 42
0.0
 10
26.36130056487377
 20
7.731373156479036
 42
0.0
 10
26.36130056487383
 20
9.055571414790788
 42
0.0
 10
24.15430346768778
 20
9.055571414790788
 42
0.4142135623731078
 10
22.83010520937609
 20
7.731373156479151
 42
0.0
 10
22.83010520937609
 20
4.023618033206502
 42
-0.4142135623730951
 97
        0
 75
     0
 76
     1
 52
0.0
 41
2.942662796248099
 77
     0
 78
     1
 53
0.0
 43
165.801150947775
 44
-344.6189428312343
 45
0.0919582123827532
 46
0.1839164247655063
 79
     2
 49
0.0
 49
-0.1839164247655063
 47
0.09550745483716
 98
        5
 10
22.26944007295401
 20
0.9016433334315363
 10
25.01177591930463
 20
0.9016433334315363
 10
18.26140522946423
 20
3.571582210106497
 10
3.987184428365821
 20
3.712104815198357
 10
23.0429194943714
 20
3.571582210106497
  0
HATCH
  5
15130
330
1512B
100
AcDbEntity
  8
0
 62
   253
100
AcDbHatch
 10
0.0
 20
0.0
 30
0.0
210
0.0
220
0.0
230
1.0
  2
DOTS
 70
     0
 71
     0
 91
        3
 92
        7
 72
     1
 73
     1
 93
        7
 10
0.1381936275399767
 20
2.434580123232591
 42
0.0
 10
1.667246239211123
 20
2.434580123232591
 42
0.0
 10
4.732729012450363
 20
7.744152552470722
 42
0.0
 10
4.732729012450363
 20
2.434580123232591
 42
0.0
 10
6.056927270762002
 20
2.434580123232591
 42
0.0
 10
6.056927270762002
 20
7.744152552470722
 42
0.7671882496943355
 10
3.586171033015886
 20
8.406652233308816
 42
0.0
 97
        0
 92
        7
 72
     1
 73
     1
 93
        7
 10
6.939726109636467
 20
3.758778381544174
 42
0.4142135623730905
 10
8.26392436794805
 20
2.434580123232591
 42
0.0
 10
10.02952204569698
 20
2.434580123232477
 42
0.0
 10
10.02952204569698
 20
3.758778381544174
 42
0.0
 10
8.26392436794805
 20
3.758778381544174
 42
0.0
 10
8.26392436794805
 20
8.726888633899932
 42
0.0
 10
6.939726109636467
 20
8.726888633899875
 42
0.0
 97
        0
 92
        7
 72
     1
 73
     1
 93
        7
 10
18.85751043444122
 20
7.744152552470608
 42
0.0
 10
18.85751043444116
 20
2.434580123232591
 42
0.0
 10
20.18170869275286
 20
2.434580123232477
 42
0.0
 10
20.18170869275286
 20
7.744152552470722
 42
0.7671882496583722
 10
17.71095245506683
 20
8.406652233412899
 42
0.0
 10
14.26297504953083
 20
2.434580123232477
 42
0.0
 10
15.79202766120204
 20
2.434580123232591
 42
0.0
 97
        0
 75
     0
 76
     1
 52
0.0
 41
2.942662796248099
 77
     0
 78
     1
 53
0.0
 43
165.801150947775
 44
-344.6189428312343
 45
0.0919582123827532
 46
0.1839164247655063
 79
     2
 49
0.0
 49
-0.1839164247655063
 47
0.04283296913939
 98
        3
 10
2.387324693794653
 20
5.613859328793807
 10
7.496045632320032
 20
5.42479371073432
 10
16.89357369420855
 20
4.983644353900728
  0
ARC
  5
15131
330
1512B
100
AcDbEntity
  8
1
  6
Continuous
 62
     7
100
AcDbCircle
 10
14.00211682063178
 20
9.038349775041981
 30
0.0
 40
1.324198258311645
100
AcDbArc
 50
90.0
 51
180.0
  0
LINE
  5
15132
330
1512B
100
AcDbEntity
  8
1
  6
Continuous
 62
     7
100
AcDbLine
 10
21.52372271443181
 20
1.845589979918088
 30
0.0
 11
0.000000297302563
 21
1.845589979918088
 31
0.0
  0
LINE
  5
15133
330
1512B
100
AcDbEntity
  8
1
  6
Continuous
 62
     7
100
AcDbLine
 10
21.52372271443181
 20
0.0073564965055084
 30
0.0
 11
0.000000297302563
 21
0.0073564965055084
 31
0.0
  0
LINE
  5
15134
102
{ACAD_REACTORS
330
1512D
102
}
330
1512B
100
AcDbEntity
  8
1
  6
Continuous
 62
     7
100
AcDbLine
 10
21.52372271443181
 20
0.014713153496075
 30
0.0
 11
0.000000297302563
 21
0.014713153496075
 31
0.0
  0
LINE
  5
15135
102
{ACAD_REACTORS
330
1512D
102
}
330
1512B
100
AcDbEntity
  8
1
  6
Continuous
 62
     7
100
AcDbLine
 10
21.52372271443181
 20
1.838233322927464
 30
0.0
 11
0.000000297302563
 21
1.838233322927464
 31
0.0
  0
LINE
  5
15136
102
{ACAD_REACTORS
330
15154
102
}
330
1512B
100
AcDbEntity
  8
1
  6
Continuous
 62
     7
100
AcDbLine
 10
14.00211682063178
 20
2.434580123232591
 30
0.0
 11
12.6779185623202
 21
2.434580123232591
 31
0.0
  0
ARC
  5
15137
102
{ACAD_REACTORS
330
15154
102
}
330
1512B
100
AcDbEntity
  8
1
  6
Continuous
 62
     7
100
AcDbCircle
 10
14.00211682063178
 20
9.038349775041981
 30
0.0
 40
0.8827988388744302
100
AcDbArc
 50
90.0
 51
180.0
  0
HATCH
  5
15138
330
1512B
100
AcDbEntity
  8
0
 62
    10
100
AcDbHatch
 10
0.0
 20
0.0
 30
0.0
210
0.0
220
0.0
230
1.0
  2
SOLID
 70
     1
 71
     1
 91
        1
 92
        7
 72
     1
 73
     1
 93
        7
 10
11.35372030400852
 20
9.038349775041981
 42
0.4142135623730951
 10
10.47092146513409
 20
9.921148613916411
 42
0.0
 10
8.705323787385282
 20
9.921148613916443
 42
0.0
 10
8.705323787385282
 20
9.038349775041981
 42
0.0
 10
10.47092146513409
 20
9.038349775041981
 42
0.0
 10
10.47092146513409
 20
2.434580123232591
 42
0.0
 10
11.35372030400856
 20
2.434580123232591
 42
0.0
 97
        7
330
15153
330
1514E
330
15151
330
1514F
330
1513C
330
1514B
330
1513A
 75
     0
 76
     1
 47
0.102625360429809
 98
        1
 10
11.12438442404402
 20
5.925108346289619
450
        0
451
        0
460
0.0
461
0.0
452
        1
462
0.0
453
        0
470

  0
HATCH
  5
15139
330
1512B
100
AcDbEntity
  8
0
 62
     5
100
AcDbHatch
 10
0.0
 20
0.0
 30
0.0
210
0.0
220
0.0
230
1.0
  2
SOLID
 70
     1
 71
     0
 91
        1
 92
        7
 72
     1
 73
     1
 93
        8
 10
8.705323787385223
 20
10.36254803335367
 42
0.0
 10
8.705323787385223
 20
9.921148613916386
 42
0.0
 10
10.47092146513404
 20
9.921148613916443
 42
-0.4142135623731331
 10
11.35372030400856
 20
9.038349775042036
 42
0.0
 10
11.35372030400856
 20
2.434580123232648
 42
0.0
 10
11.79511972344573
 20
2.434580123232591
 42
0.0
 10
11.79511972344573
 20
9.038349775041981
 42
0.4142135623731078
 10
10.47092146513409
 20
10.36254803335367
 42
0.0
 97
        0
 75
     0
 76
     1
 47
0.102625360429809
 98
        1
 10
9.583024572396366
 20
10.27379082233256
450
        0
451
        0
460
0.0
461
0.0
452
        1
462
0.0
453
        0
470

  0
LINE
  5
1513A
102
{ACAD_REACTORS
330
15138
102
}
330
1512B
100
AcDbEntity
  8
1
  6
Continuous
 62
     7
100
AcDbLine
 10
11.35372030400856
 20
2.434580123232591
 30
0.0
 11
11.35372030400856
 21
9.038349775041981
 31
0.0
  0
LINE
  5
1513B
330
1512B
100
AcDbEntity
  8
1
  6
Continuous
 62
     7
100
AcDbLine
 10
11.79511972344573
 20
2.434580123232591
 30
0.0
 11
11.79511972344573
 21
9.038349775041981
 31
0.0
  0
LINE
  5
1513C
102
{ACAD_REACTORS
330
15138
102
}
330
1512B
100
AcDbEntity
  8
1
  6
Continuous
 62
     7
100
AcDbLine
 10
10.47092146513409
 20
2.434580123232591
 30
0.0
 11
10.47092146513409
 21
9.038349775041981
 31
0.0
  0
LINE
  5
1513D
330
1512B
100
AcDbEntity
  8
1
  6
Continuous
 62
     7
100
AcDbLine
 10
8.26392436794805
 20
3.758778381544174
 30
0.0
 11
8.26392436794805
 21
8.726888633899875
 31
0.0
  0
LINE
  5
1513E
330
1512B
100
AcDbEntity
  8
1
  6
Continuous
 62
     5
100
AcDbLine
 10
12.6779185623202
 20
2.434580123232591
 30
0.0
 11
12.6779185623202
 21
9.038349775041981
 31
0.0
  0
LINE
  5
1513F
330
1512B
100
AcDbEntity
  8
1
  6
Continuous
 62
     7
100
AcDbLine
 10
6.93972610963641
 20
8.726888633899875
 30
0.0
 11
6.93972610963641
 21
3.758778381544174
 31
0.0
  0
LINE
  5
15140
330
1512B
100
AcDbEntity
  8
1
  6
Continuous
 62
     7
100
AcDbLine
 10
6.056927270761946
 20
7.744152552470722
 30
0.0
 11
6.056927270761946
 21
2.434580123232591
 31
0.0
  0
LINE
  5
15141
330
1512B
100
AcDbEntity
  8
1
  6
Continuous
 62
     7
100
AcDbLine
 10
4.732729012450363
 20
7.744152552470722
 30
0.0
 11
4.732729012450363
 21
2.434580123232591
 31
0.0
  0
LINE
  5
15142
330
1512B
100
AcDbEntity
  8
1
  6
Continuous
 62
     7
100
AcDbLine
 10
1.667246239211294
 20
2.434580123232591
 30
0.0
 11
4.732729012450363
 21
7.744152552470722
 31
0.0
  0
LINE
  5
15143
330
1512B
100
AcDbEntity
  8
1
  6
Continuous
 62
     7
100
AcDbLine
 10
0.1381936275399767
 20
2.434580123232591
 30
0.0
 11
3.585939774396591
 21
8.406251681626486
 31
0.0
  0
LINE
  5
15144
330
1512B
100
AcDbEntity
  8
1
  6
Continuous
 62
     7
100
AcDbLine
 10
0.000000297302563
 20
1.845589979918088
 30
0.0
 11
0.000000297302563
 21
0.0073564965055084
 31
0.0
  0
LINE
  5
15145
102
{ACAD_REACTORS
330
1512D
102
}
330
1512B
100
AcDbEntity
  8
1
  6
Continuous
 62
     7
100
AcDbLine
 10
0.0073569542931864
 20
1.845589979918088
 30
0.0
 11
0.0073569542931864
 21
0.0073564965055084
 31
0.0
  0
CIRCLE
  5
15146
330
1512B
100
AcDbEntity
  8
1
  6
Continuous
 62
     7
100
AcDbCircle
 10
3.641386603868568
 20
3.582218613769383
 30
0.0
 40
0.8827988388744302
  0
LINE
  5
15147
330
1512B
100
AcDbEntity
  8
1
  6
Continuous
 62
     7
100
AcDbLine
 10
8.26392436794805
 20
2.434580123232591
 30
0.0
 11
10.02952204569698
 21
2.434580123232591
 31
0.0
  0
LINE
  5
15148
330
1512B
100
AcDbEntity
  8
1
  6
Continuous
 62
     7
100
AcDbLine
 10
10.02952204569698
 20
3.758778381544174
 30
0.0
 11
8.26392436794805
 21
3.758778381544174
 31
0.0
  0
ARC
  5
15149
330
1512B
100
AcDbEntity
  8
1
  6
Continuous
 62
     7
100
AcDbCircle
 10
8.26392436794805
 20
3.758778381544174
 30
0.0
 40
1.324198258311645
100
AcDbArc
 50
180.0
 51
270.0
  0
LINE
  5
1514A
330
1512B
100
AcDbEntity
  8
1
  6
Continuous
 62
     7
100
AcDbLine
 10
10.02952204569698
 20
2.434580123232591
 30
0.0
 11
10.02952204569698
 21
3.758778381544174
 31
0.0
  0
LINE
  5
1514B
102
{ACAD_REACTORS
330
15138
102
}
330
1512B
100
AcDbEntity
  8
1
  6
Continuous
 62
     7
100
AcDbLine
 10
10.47092146513409
 20
2.434580123232591
 30
0.0
 11
11.79511972344573
 21
2.434580123232591
 31
0.0
  0
ARC
  5
1514C
330
1512B
100
AcDbEntity
  8
1
  6
Continuous
 62
     7
100
AcDbCircle
 10
4.732729012450363
 20
7.744152552470722
 30
0.0
 40
1.324198258311645
100
AcDbArc
 50
0.0
 51
150.0
  0
LINE
  5
1514D
330
1512B
100
AcDbEntity
  8
1
  6
Continuous
 62
     7
100
AcDbLine
 10
10.47092146513409
 20
10.36254803335367
 30
0.0
 11
8.705323787385282
 21
10.36254803335367
 31
0.0
  0
LINE
  5
1514E
102
{ACAD_REACTORS
330
15138
102
}
330
1512B
100
AcDbEntity
  8
1
  6
Continuous
 62
     7
100
AcDbLine
 10
10.47092146513409
 20
9.921148613916443
 30
0.0
 11
8.705323787385282
 21
9.921148613916443
 31
0.0
  0
LINE
  5
1514F
102
{ACAD_REACTORS
330
15138
102
}
330
1512B
100
AcDbEntity
  8
1
  6
Continuous
 62
     7
100
AcDbLine
 10
10.47092146513409
 20
9.038349775041981
 30
0.0
 11
8.705323787385282
 21
9.038349775041981
 31
0.0
  0
LINE
  5
15150
330
1512B
100
AcDbEntity
  8
0
100
AcDbLine
 10
6.93972610963641
 20
8.726888633899875
 30
0.0
 11
8.26392436794805
 21
8.726888633899875
 31
0.0
  0
LINE
  5
15151
102
{ACAD_REACTORS
330
15138
102
}
330
1512B
100
AcDbEntity
  8
1
  6
Continuous
 62
     7
100
AcDbLine
 10
8.705323787385282
 20
9.038349775041981
 30
0.0
 11
8.705323787385282
 21
10.36254803335367
 31
0.0
  0
ARC
  5
15152
330
1512B
100
AcDbEntity
  8
1
  6
Continuous
 62
     7
100
AcDbCircle
 10
10.47092146513409
 20
9.038349775041981
 30
0.0
 40
1.324198258311645
100
AcDbArc
 50
0.0
 51
90.0
  0
ARC
  5
15153
102
{ACAD_REACTORS
330
15138
102
}
330
1512B
100
AcDbEntity
  8
1
  6
Continuous
 62
     7
100
AcDbCircle
 10
10.47092146513409
 20
9.038349775041981
 30
0.0
 40
0.8827988388744302
100
AcDbArc
 50
0.0
 51
90.0
  0
HATCH
  5
15154
330
1512B
100
AcDbEntity
  8
0
 62
    10
100
AcDbHatch
 10
0.0
 20
0.0
 30
0.0
210
0.0
220
0.0
230
1.0
  2
SOLID
 70
     1
 71
     1
 91
        1
 92
        7
 72
     1
 73
     1
 93
        7
 10
15.76771449838071
 20
9.038349775041981
 42
0.0
 10
15.76771449838071
 20
9.921148613916443
 42
0.0
 10
14.00211682063178
 20
9.921148613916411
 42
0.4142135623730951
 10
13.11931798175735
 20
9.038349775041981
 42
0.0
 10
13.11931798175743
 20
2.434580123232592
 42
0.0
 10
14.00211682063178
 20
2.434580123232592
 42
0.0
 10
14.00211682063178
 20
9.038349775041981
 42
0.0
 97
        7
330
15170
330
15137
330
15158
330
15136
330
15159
330
15171
330
15172
 75
     0
 76
     1
 47
0.102625360429809
 98
        1
 10
14.93244819108088
 20
9.367815481438412
450
        0
451
        0
460
0.0
461
0.0
452
        1
462
0.0
453
        0
470

  0
LINE
  5
15155
330
1512B
100
AcDbEntity
  8
1
  6
Continuous
 62
     7
100
AcDbLine
 10
20.18170869275286
 20
7.744152552470722
 30
0.0
 11
20.18170869275286
 21
2.434580123232591
 31
0.0
  0
LINE
  5
15156
330
1512B
100
AcDbEntity
  8
1
  6
Continuous
 62
     7
100
AcDbLine
 10
18.85751043444122
 20
7.744152552470722
 30
0.0
 11
18.85751043444122
 21
2.434580123232591
 31
0.0
  0
LINE
  5
15157
330
1512B
100
AcDbEntity
  8
1
  6
Continuous
 62
     7
100
AcDbLine
 10
22.83010520937609
 20
7.731373156479094
 30
0.0
 11
22.83010520937609
 21
4.023618033206502
 31
0.0
  0
LINE
  5
15158
102
{ACAD_REACTORS
330
15154
102
}
330
1512B
100
AcDbEntity
  8
1
  6
Continuous
 62
     7
100
AcDbLine
 10
13.11931798175743
 20
2.434580123232591
 30
0.0
 11
13.11931798175743
 21
9.038349775041981
 31
0.0
  0
LINE
  5
15159
102
{ACAD_REACTORS
330
15154
102
}
330
1512B
100
AcDbEntity
  8
1
  6
Continuous
 62
     7
100
AcDbLine
 10
14.00211682063178
 20
2.434580123232591
 30
0.0
 11
14.00211682063178
 21
9.038349775041981
 31
0.0
  0
LINE
  5
1515A
330
1512B
100
AcDbEntity
  8
1
  6
Continuous
 62
     7
100
AcDbLine
 10
14.26297504953078
 20
2.434580123232591
 30
0.0
 11
17.71072119638745
 21
8.406251681626486
 31
0.0
  0
LINE
  5
1515B
330
1512B
100
AcDbEntity
  8
1
  6
Continuous
 62
     7
100
AcDbLine
 10
15.7920276612021
 20
2.434580123232591
 30
0.0
 11
18.85751043444122
 21
7.744152552470722
 31
0.0
  0
LINE
  5
1515C
330
1512B
100
AcDbEntity
  8
1
  6
Continuous
 62
     7
100
AcDbLine
 10
24.15430346768778
 20
7.466533504816822
 30
0.0
 11
24.15430346768778
 21
3.758778381544174
 31
0.0
  0
LINE
  5
1515D
330
1512B
100
AcDbEntity
  8
1
  6
Continuous
 62
     7
100
AcDbLine
 10
22.83010520937609
 20
2.434580123232591
 30
0.0
 11
21.06450753162733
 21
2.434580123232591
 31
0.0
  0
LINE
  5
1515E
330
1512B
100
AcDbEntity
  8
1
  6
Continuous
 62
     7
100
AcDbLine
 10
22.56526555771376
 20
3.758778381544174
 30
0.0
 11
21.06450753162733
 21
3.758778381544174
 31
0.0
  0
CIRCLE
  5
1515F
330
1512B
100
AcDbEntity
  8
1
  6
Continuous
 62
     7
100
AcDbCircle
 10
22.45066149524991
 20
0.8901553353799727
 30
0.0
 40
0.8827988388744302
  0
CIRCLE
  5
15160
330
1512B
100
AcDbEntity
  8
1
  6
Continuous
 62
     7
100
AcDbCircle
 10
22.45066149524991
 20
0.8901553353799727
 30
0.0
 40
0.8901554958650502
  0
ARC
  5
15161
330
1512B
100
AcDbEntity
  8
1
  6
Continuous
 62
     7
100
AcDbCircle
 10
21.56004061726367
 20
0.9264732382117133
 30
0.0
 40
0.9198339931482063
100
AcDbArc
 50
92.2628035018905
 51
267.7371964981093
  0
ARC
  5
15162
102
{ACAD_REACTORS
330
1512D
102
}
330
1512B
100
AcDbEntity
  8
1
  6
Continuous
 62
     7
100
AcDbCircle
 10
21.56004061726367
 20
0.9264732382117133
 30
0.0
 40
0.9271906501388263
100
AcDbArc
 50
92.2628035018905
 51
267.7371964981093
  0
CIRCLE
  5
15163
330
1512B
100
AcDbEntity
  8
1
  6
Continuous
 62
     7
100
AcDbCircle
 10
17.76616802585943
 20
3.582218613769383
 30
0.0
 40
0.8827988388744302
  0
LINE
  5
15164
330
1512B
100
AcDbEntity
  8
1
  6
Continuous
 62
     7
100
AcDbLine
 10
21.06450753162733
 20
2.434580123232591
 30
0.0
 11
21.06450753162733
 21
3.758778381544174
 31
0.0
  0
LINE
  5
15165
330
1512B
100
AcDbEntity
  8
1
  6
Continuous
 62
     7
100
AcDbLine
 10
26.44343087204965
 20
1.845589979918088
 30
0.0
 11
26.44343087204965
 21
0.0073564965055084
 31
0.0
  0
LINE
  5
15166
330
1512B
100
AcDbEntity
  8
1
  6
Continuous
 62
     7
100
AcDbLine
 10
26.43607421505902
 20
1.845589979918088
 30
0.0
 11
26.43607421505902
 21
0.0073564965055084
 31
0.0
  0
ARC
  5
15167
330
1512B
100
AcDbEntity
  8
1
  6
Continuous
 62
     7
100
AcDbCircle
 10
23.34128237323614
 20
0.9264732382117133
 30
0.0
 40
0.9198339931482063
100
AcDbArc
 50
272.2628035072071
 51
87.73719649293891
  0
ARC
  5
15168
330
1512B
100
AcDbEntity
  8
1
  6
Continuous
 62
     7
100
AcDbCircle
 10
23.34128237323614
 20
0.9264732382117133
 30
0.0
 40
0.9271906501388263
100
AcDbArc
 50
272.2628035072071
 51
87.73719649293891
  0
LINE
  5
15169
330
1512B
100
AcDbEntity
  8
1
  6
Continuous
 62
     7
100
AcDbLine
 10
26.44343087204965
 20
0.0073564965055084
 30
0.0
 11
23.37760027615343
 21
0.0073564965055084
 31
0.0
  0
LINE
  5
1516A
330
1512B
100
AcDbEntity
  8
1
  6
Continuous
 62
     7
100
AcDbLine
 10
26.44343087204965
 20
0.014713153496075
 30
0.0
 11
23.37760027615343
 21
0.014713153496075
 31
0.0
  0
LINE
  5
1516B
330
1512B
100
AcDbEntity
  8
1
  6
Continuous
 62
     7
100
AcDbLine
 10
26.44343087204965
 20
1.845589979918088
 30
0.0
 11
23.3776002761511
 21
1.845589979918088
 31
0.0
  0
LINE
  5
1516C
330
1512B
100
AcDbEntity
  8
1
  6
Continuous
 62
     7
100
AcDbLine
 10
26.44343087204965
 20
1.838233322927464
 30
0.0
 11
23.3776002761511
 21
1.838233322927464
 31
0.0
  0
ARC
  5
1516D
330
1512B
100
AcDbEntity
  8
1
  6
Continuous
 62
     7
100
AcDbCircle
 10
22.56526555771376
 20
4.023618033206502
 30
0.0
 40
0.264839651662329
100
AcDbArc
 50
270.0
 51
0.0
  0
ARC
  5
1516E
330
1512B
100
AcDbEntity
  8
1
  6
Continuous
 62
     7
100
AcDbCircle
 10
22.83010520937609
 20
3.758778381544174
 30
0.0
 40
1.324198258311645
100
AcDbArc
 50
270.0
 51
0.0
  0
LINE
  5
1516F
330
1512B
100
AcDbEntity
  8
1
  6
Continuous
 62
     7
100
AcDbLine
 10
14.00211682063178
 20
10.36254803335367
 30
0.0
 11
15.76771449838071
 21
10.36254803335367
 31
0.0
  0
LINE
  5
15170
102
{ACAD_REACTORS
330
15154
102
}
330
1512B
100
AcDbEntity
  8
1
  6
Continuous
 62
     7
100
AcDbLine
 10
14.00211682063178
 20
9.921148613916443
 30
0.0
 11
15.76771449838071
 21
9.921148613916443
 31
0.0
  0
LINE
  5
15171
102
{ACAD_REACTORS
330
15154
102
}
330
1512B
100
AcDbEntity
  8
1
  6
Continuous
 62
     7
100
AcDbLine
 10
14.00211682063178
 20
9.038349775041981
 30
0.0
 11
15.76771449838071
 21
9.038349775041981
 31
0.0
  0
LINE
  5
15172
102
{ACAD_REACTORS
330
15154
102
}
330
1512B
100
AcDbEntity
  8
1
  6
Continuous
 62
     7
100
AcDbLine
 10
15.76771449838071
 20
9.038349775041981
 30
0.0
 11
15.76771449838071
 21
10.36254803335367
 31
0.0
  0
ARC
  5
15173
330
1512B
100
AcDbEntity
  8
1
  6
Continuous
 62
     7
100
AcDbCircle
 10
18.85751043444122
 20
7.744152552470722
 30
0.0
 40
1.324198258311645
100
AcDbArc
 50
0.0
 51
150.0
  0
LINE
  5
15174
330
1512B
100
AcDbEntity
  8
1
  6
Continuous
 62
     7
100
AcDbLine
 10
26.36130056487383
 20
7.731373156479094
 30
0.0
 11
24.41914311935011
 21
7.731373156479094
 31
0.0
  0
LINE
  5
15175
330
1512B
100
AcDbEntity
  8
1
  6
Continuous
 62
     7
100
AcDbLine
 10
26.36130056487383
 20
9.055571414790788
 30
0.0
 11
24.15430346768778
 21
9.055571414790788
 31
0.0
  0
ARC
  5
15176
330
1512B
100
AcDbEntity
  8
1
  6
Continuous
 62
     7
100
AcDbCircle
 10
24.41914311935011
 20
7.466533504816822
 30
0.0
 40
0.264839651662329
100
AcDbArc
 50
90.0
 51
180.0
  0
ARC
  5
15177
330
1512B
100
AcDbEntity
  8
1
  6
Continuous
 62
     7
100
AcDbCircle
 10
24.15430346768778
 20
7.731373156479094
 30
0.0
 40
1.324198258311645
100
AcDbArc
 50
90.0
 51
180.0
  0
LINE
  5
15178
330
1512B
100
AcDbEntity
  8
1
  6
Continuous
 62
     7
100
AcDbLine
 10
26.36130056487383
 20
7.731373156479094
 30
0.0
 11
26.36130056487383
 21
9.055571414790788
 31
0.0
  0
ENDBLK
  5
15179
330
1512B
100
AcDbEntity
  8
0
100
AcDbBlockEnd
  0
BLOCK
  5
1A0A51
330
1A0993
100
AcDbEntity
  8
0
100
AcDbBlockBegin
  2
A$C01FC671D
 70
     0
 10
0.0
 20
0.0
 30
0.0
  3
A$C01FC671D
  1

  0
LINE
  5
1A0994
330
1A0993
100
AcDbEntity
  8
antet yazı
370
    40
100
AcDbLine
 10
11.34014669393002
 20
120.2118425001954
 30
0.0
 11
11.34014669393002
 21
8.359208652765119
 31
0.0
  0
LINE
  5
1A0995
330
1A0993
100
AcDbEntity
  8
antet yazı
370
    40
100
AcDbLine
 10
6.415146693929955
 20
120.2118425001954
 30
0.0
 11
6.415146693929955
 21
8.359208652765119
 31
0.0
  0
LWPOLYLINE
  5
1A0996
330
1A0993
100
AcDbEntity
  8
antet yazı
370
    40
100
AcDbPolyline
 90
        2
 70
     1
 43
0.0
 10
2.4751466939299
 20
120.2118425001954
 10
2.4751466939299
 20
8.359208652765119
  0
LWPOLYLINE
  5
1A0997
330
1A0993
100
AcDbEntity
  8
antet yazı
370
    40
100
AcDbPolyline
 90
        5
 70
     0
 43
0.0
 10
2.475146693930014
 20
8.359208652765119
 10
207.5048466939299
 20
8.359208652765119
 10
207.5048466939299
 20
292.8499998391117
 10
20.20514669393015
 20
292.8499998391117
 10
20.20514669393003
 20
8.359208652765119
  0
LINE
  5
1A0998
330
1A0993
100
AcDbEntity
  8
antet yazı
100
AcDbLine
 10
148.9145646719117
 20
37.90920865276533
 30
0.0
 11
167.9551466939303
 21
37.9092086527653
 31
0.0
  0
LINE
  5
1A0999
330
1A0993
100
AcDbEntity
  8
antet yazı
100
AcDbLine
 10
148.9145646719117
 20
26.08920865276514
 30
0.0
 11
167.9551466939303
 21
26.08920865276514
 31
0.0
  0
LINE
  5
1A099A
330
1A0993
100
AcDbEntity
  8
antet yazı
370
    40
100
AcDbLine
 10
148.9145646719117
 20
26.08920865276514
 30
0.0
 11
207.5048466939301
 21
26.08920865276514
 31
0.0
  0
LINE
  5
1A099B
330
1A0993
100
AcDbEntity
  8
antet yazı
370
    40
100
AcDbLine
 10
148.9145646719117
 20
37.90920865276533
 30
0.0
 11
207.5048466939301
 21
37.90920865276533
 31
0.0
  0
LINE
  5
1A099C
330
1A0993
100
AcDbEntity
  8
antet yazı
370
    40
100
AcDbLine
 10
148.9145646719117
 20
26.08920865276514
 30
0.0
 11
207.5048466939301
 21
26.08920865276514
 31
0.0
  0
LINE
  5
1A099D
330
1A0993
100
AcDbEntity
  8
antet yazı
370
    40
100
AcDbLine
 10
20.20514669393003
 20
20.3254296173991
 30
0.0
 11
207.5048466939299
 21
20.32542961739907
 31
0.0
  0
LINE
  5
1A099E
330
1A0993
100
AcDbEntity
  8
antet yazı
370
    40
100
AcDbLine
 10
20.20514669393003
 20
31.99920865276545
 30
0.0
 11
207.5048466939299
 21
31.99920865276545
 31
0.0
  0
LINE
  5
1A099F
330
1A0993
100
AcDbEntity
  8
antet yazı
370
    40
100
AcDbLine
 10
123.9774741174875
 20
43.81920865276515
 30
0.0
 11
123.9774741174875
 21
20.17920865276528
 31
0.0
  0
LINE
  5
1A09A0
330
1A0993
100
AcDbEntity
  8
antet yazı
370
    40
100
AcDbLine
 10
99.99606338607305
 20
43.81920865276515
 30
0.0
 11
99.99606338607305
 21
20.3254296173991
 31
0.0
  0
MTEXT
  5
1A09A1
330
1A0993
100
AcDbEntity
  8
antet yazı
100
AcDbMText
 10
16.87306713398846
 20
9.300286472691368
 30
0.0
 40
1.7336
 41
14.184
 46
0.0
 71
     1
 72
     5
  1
{\fTimes New Roman|b0|i0|c162|p18;\C256;Rev.No:}
 11
0.0000000000000001
 21
1.0
 31
0.0
 73
     1
 44
1.0
  0
LINE
  5
1A09A2
330
1A0993
100
AcDbEntity
  8
antet yazı
370
    40
100
AcDbLine
 10
20.20514669393003
 20
27.07420865276527
 30
0.0
 11
148.9145646719116
 21
27.07420865276527
 31
0.0
  0
LINE
  5
1A09A3
330
1A0993
100
AcDbEntity
  8
antet yazı
370
    40
100
AcDbLine
 10
20.20514669393003
 20
38.89420865276543
 30
0.0
 11
148.9145646719116
 21
38.89420865276543
 31
0.0
  0
LINE
  5
1A09A4
330
1A0993
100
AcDbEntity
  8
antet yazı
370
    40
100
AcDbLine
 10
20.20514669393003
 20
18.4952885149969
 30
0.0
 11
2.4751466939299
 21
18.4952885149969
 31
0.0
  0
MTEXT
  5
1A09A5
330
1A0993
100
AcDbEntity
  8
antet yazı
100
AcDbMText
 10
12.14072124821382
 20
12.6656893058398
 30
0.0
 40
1.969999999999999
 41
4.178271499999999
 46
0.0
 71
     1
 72
     5
  1
{\C256;1}
 11
0.0000000000000001
 21
1.0
 31
0.0
 73
     1
 44
1.0
  0
MTEXT
  5
1A09A6
330
1A0993
100
AcDbEntity
  8
antet yazı
100
AcDbMText
 10
16.78417503989817
 20
45.68987033897975
 30
0.0
 40
2.166999999999999
 41
17.73
 46
0.0
 71
     1
 72
     5
  1
{\fTimes New Roman|b0|i0|c162|p18;\C256;REV.}
 11
0.0000000000000001
 21
1.0
 31
0.0
 73
     1
 44
1.0
  0
TEXT
  5
1A09A7
330
1A0993
100
AcDbEntity
  8
antet yazı
100
AcDbText
 10
22.67383347892996
 20
92.73837018350832
 30
0.0
 40
1.969999999999999
  1
G
100
AcDbText
  0
LINE
  5
1A09A8
330
1A0993
100
AcDbEntity
  8
antet yazı
  6
Continuous
100
AcDbLine
 10
20.20514669393003
 20
97.43629983911205
 30
0.0
 11
22.17514669393006
 21
97.43629983911205
 31
0.0
  0
LINE
  5
1A09A9
330
1A0993
100
AcDbEntity
  8
antet yazı
370
    40
100
AcDbLine
 10
20.20514669393003
 20
105.9293425001956
 30
0.0
 11
2.4751466939299
 21
105.9293425001956
 31
0.0
  0
LINE
  5
1A09AA
330
1A0993
100
AcDbEntity
  8
antet yazı
370
    40
100
AcDbLine
 10
20.20514669393003
 20
91.15434250019552
 30
0.0
 11
2.4751466939299
 21
91.15434250019552
 31
0.0
  0
TEXT
  5
1A09AB
330
1A0993
100
AcDbEntity
  8
antet yazı
100
AcDbText
 10
23.10336932393022
 20
122.6866026833763
 30
0.0
 40
1.969999999999999
  1
F
100
AcDbText
  0
LINE
  5
1A09AC
330
1A0993
100
AcDbEntity
  8
antet yazı
  6
Continuous
100
AcDbLine
 10
20.20514669393003
 20
127.0552498391121
 30
0.0
 11
22.17514669393006
 21
127.0552498391121
 31
0.0
  0
TEXT
  5
1A09AD
330
1A0993
100
AcDbEntity
  8
antet yazı
100
AcDbText
 10
79.17904935742479
 20
28.39875490652503
 30
0.0
 40
2.093125
  1
TOLERANS
 41
0.9521879858898216
  7
antet yazı
 72
     5
 11
93.60492405508081
 21
28.39875490652503
 31
0.0
100
AcDbText
  0
TEXT
  5
1A09AE
330
1A0993
100
AcDbEntity
  8
antet yazı
100
AcDbText
 10
104.8667709560029
 20
28.11518735793197
 30
0.0
 40
2.407093749999999
  1
Iy
  7
antet yazı
100
AcDbText
  0
TEXT
  5
1A09AF
330
1A0993
100
AcDbEntity
  8
antet yazı
100
AcDbText
 10
114.6452644153827
 20
29.42213693044369
 30
0.0
 40
1.925674999999999
  1
4
  7
antet yazı
100
AcDbText
  0
TEXT
  5
1A09B0
330
1A0993
100
AcDbEntity
  8
antet yazı
100
AcDbText
 10
109.2288903392638
 20
27.97148759142101
 30
0.0
 40
1.925674999999999
  1
mm
  7
antet yazı
100
AcDbText
  0
TEXT
  5
1A09B1
330
1A0993
100
AcDbEntity
  8
antet yazı
100
AcDbText
 10
103.9810443596634
 20
39.55190333200153
 30
0.0
 40
2.407093749999999
  1
Ix
  7
antet yazı
100
AcDbText
  0
TEXT
  5
1A09B2
330
1A0993
100
AcDbEntity
  8
antet yazı
100
AcDbText
 10
108.8457142299086
 20
39.56248596395381
 30
0.0
 40
1.925674999999999
  1
mm
  7
antet yazı
100
AcDbText
  0
TEXT
  5
1A09B3
330
1A0993
100
AcDbEntity
  8
antet yazı
100
AcDbText
 10
114.2620883060275
 20
41.01313530297647
 30
0.0
 40
1.925674999999999
  1
4
  7
antet yazı
100
AcDbText
  0
TEXT
  5
1A09B4
330
1A0993
100
AcDbEntity
  8
antet yazı
100
AcDbText
 10
128.7947068708963
 20
40.15916817227707
 30
0.0
 40
2.093125
  1
S(min.)mm
 41
0.8587602799580917
  7
antet yazı
 72
     5
 11
143.431432417507
 21
40.15916817227707
 31
0.0
100
AcDbText
  0
LINE
  5
1A09B5
330
1A0993
100
AcDbEntity
  8
antet yazı
370
    40
100
AcDbLine
 10
174.3718904738543
 20
43.81920865276515
 30
0.0
 11
174.3718904738543
 21
8.359208652765119
 31
0.0
  0
LINE
  5
1A09B6
330
1A0993
100
AcDbEntity
  8
antet yazı
370
    40
100
AcDbLine
 10
167.9551466939303
 20
37.9092086527653
 30
0.0
 11
207.5048466939299
 21
37.90920865276533
 31
0.0
  0
LINE
  5
1A09B7
330
1A0993
100
AcDbEntity
  8
antet yazı
370
    40
100
AcDbLine
 10
87.71260453418642
 20
282.9999998391117
 30
0.0
 11
157.389819180323
 21
282.9999998391118
 31
0.0
  0
LINE
  5
1A09B8
330
1A0993
100
AcDbEntity
  8
antet yazı
370
    40
100
AcDbLine
 10
20.20514669393003
 20
273.1499998391119
 30
0.0
 11
207.5048466939299
 21
273.1499998391119
 31
0.0
  0
LINE
  5
1A09B9
330
1A0993
100
AcDbEntity
  8
antet yazı
370
    40
100
AcDbLine
 10
2.4751466939299
 20
120.2118425001954
 30
0.0
 11
20.20514669393003
 21
120.2118425001954
 31
0.0
  0
TEXT
  5
1A09BA
330
1A0993
100
AcDbEntity
  8
antet yazı
100
AcDbText
 10
18.41360168938433
 20
122.3629469921034
 30
0.0
 40
2.955
  1
CAD
 50
90.0
 41
0.9619220538980133
  7
antet yazı
 72
     5
 11
18.41360168938433
 21
130.0782489515468
 31
0.0
100
AcDbText
  0
TEXT
  5
1A09BB
330
1A0993
100
AcDbEntity
  8
antet yazı
100
AcDbText
 10
22.57482817392997
 20
151.2278277383761
 30
0.0
 40
1.969999999999999
  1
E
100
AcDbText
  0
LINE
  5
1A09BC
330
1A0993
100
AcDbEntity
  8
antet yazı
  6
Continuous
100
AcDbLine
 10
20.20514669393003
 20
156.6741998391117
 30
0.0
 11
22.17514669393006
 21
156.6741998391117
 31
0.0
  0
LINE
  5
1A09BD
330
1A0993
100
AcDbEntity
  8
antet yazı
100
AcDbLine
 10
-0.0000033060701981
 20
148.4999998391117
 30
0.0
 11
9.774996693929892
 21
148.4999998391117
 31
0.0
  0
TEXT
  5
1A09BE
330
1A0993
100
AcDbEntity
  8
antet yazı
100
AcDbText
 10
22.52557817393006
 20
178.9676010586122
 30
0.0
 40
1.969999999999999
  1
D
100
AcDbText
  0
TEXT
  5
1A09BF
330
1A0993
100
AcDbEntity
  8
antet yazı
100
AcDbText
 10
22.57482817392997
 20
212.9022486292915
 30
0.0
 40
1.969999999999999
  1
C
100
AcDbText
  0
TEXT
  5
1A09C0
330
1A0993
100
AcDbEntity
  8
antet yazı
100
AcDbText
 10
23.05411932392997
 20
239.5815349470931
 30
0.0
 40
1.969999999999999
  1
B
100
AcDbText
  0
LINE
  5
1A09C1
330
1A0993
100
AcDbEntity
  8
antet yazı
  6
Continuous
100
AcDbLine
 10
20.20514669393003
 20
244.1774223149491
 30
0.0
 11
22.17514669393006
 21
244.1774223149491
 31
0.0
  0
POINT
  5
1A09C2
330
1A0993
100
AcDbEntity
  8
antet yazı
  6
ByBlock
100
AcDbPoint
 10
20.5246240202498
 20
230.9097570883823
 30
0.0
  0
TEXT
  5
1A09C3
330
1A0993
100
AcDbEntity
  8
antet yazı
100
AcDbText
 10
22.51703615860742
 20
265.0908282965092
 30
0.0
 40
1.969999999999999
  1
A
100
AcDbText
  0
TEXT
  5
1A09C4
330
1A0993
100
AcDbEntity
  8
antet yazı
100
AcDbText
 10
38.79698849089221
 20
269.140068779112
 30
0.0
 40
1.969999999999999
  1
1
100
AcDbText
  0
LINE
  5
1A09C5
330
1A0993
100
AcDbEntity
  8
antet yazı
370
    40
100
AcDbLine
 10
87.71260453418632
 20
292.8499998391117
 30
0.0
 11
87.71260453418632
 21
273.1499998391119
 31
0.0
  0
TEXT
  5
1A09C6
330
1A0993
100
AcDbEntity
  8
antet yazı
100
AcDbText
 10
98.06926499089252
 20
269.3086367541118
 30
0.0
 40
1.969999999999999
  1
3
100
AcDbText
  0
LINE
  5
1A09C7
330
1A0993
100
AcDbEntity
  8
antet yazı
  6
Continuous
100
AcDbLine
 10
49.75514669392999
 20
273.1499998391119
 30
0.0
 11
49.75514669392999
 21
271.1799998391116
 31
0.0
  0
TEXT
  5
1A09C8
330
1A0993
100
AcDbEntity
  8
antet yazı
100
AcDbText
 10
69.21819291275119
 20
269.140068779112
 30
0.0
 40
1.969999999999999
  1
2
100
AcDbText
  0
LINE
  5
1A09C9
330
1A0993
100
AcDbEntity
  8
antet yazı
  6
Continuous
100
AcDbLine
 10
79.30514669393028
 20
273.1499998391119
 30
0.0
 11
79.30514669393028
 21
271.1799998391116
 31
0.0
  0
LINE
  5
1A09CA
330
1A0993
100
AcDbEntity
  8
antet yazı
  6
Continuous
100
AcDbLine
 10
108.8551466939302
 20
273.1499998391119
 30
0.0
 11
108.8551466939302
 21
271.1799998391116
 31
0.0
  0
TEXT
  5
1A09CB
330
1A0993
100
AcDbEntity
  8
antet yazı
100
AcDbText
 10
128.6343065058925
 20
268.9930230541118
 30
0.0
 40
1.969999999999999
  1
4
100
AcDbText
  0
LINE
  5
1A09CC
330
1A0993
100
AcDbEntity
  8
antet yazı
  6
Continuous
100
AcDbLine
 10
138.4051466939304
 20
273.1499998391119
 30
0.0
 11
138.4051466939304
 21
271.1799998391116
 31
0.0
  0
LINE
  5
1A09CD
330
1A0993
100
AcDbEntity
  8
antet yazı
370
    40
100
AcDbLine
 10
157.389819180323
 20
292.8499998391117
 30
0.0
 11
157.389819180323
 21
273.1499998391119
 31
0.0
  0
LINE
  5
1A09CE
330
1A0993
100
AcDbEntity
  8
antet yazı
370
    40
100
AcDbLine
 10
157.389819180323
 20
285.3042934756686
 30
0.0
 11
207.5048466939299
 21
285.3042934756686
 31
0.0
  0
TEXT
  5
1A09CF
330
1A0993
100
AcDbEntity
  8
antet yazı
100
AcDbText
 10
158.9822353058923
 20
269.3086367541118
 30
0.0
 40
1.969999999999999
  1
5
100
AcDbText
  0
LINE
  5
1A09D0
330
1A0993
100
AcDbEntity
  8
antet yazı
  6
Continuous
100
AcDbLine
 10
167.9551466939303
 20
273.1499998391119
 30
0.0
 11
167.9551466939303
 21
271.1799998391116
 31
0.0
  0
INSERT
  5
1A09D1
330
1A0993
100
AcDbEntity
  8
antet yazı
100
AcDbBlockReference
  2
A$C548C63C7
 10
40.81434584291492
 20
276.2911704922653
 30
0.0
 41
1.211647634138842
 42
1.211647634138842
 43
1.211647634138842
  0
LINE
  5
1A09D2
330
1A0993
100
AcDbEntity
  8
antet yazı
370
    40
100
AcDbLine
 10
47.00741703635515
 20
20.3254296173991
 30
0.0
 11
47.00741703635515
 21
43.81920865276515
 31
0.0
  0
LINE
  5
1A09D3
330
1A0993
100
AcDbEntity
  8
antet yazı
370
    40
100
AcDbLine
 10
148.9145646719117
 20
20.3254296173991
 30
0.0
 11
148.9145646719117
 21
43.81920865276515
 31
0.0
  0
LINE
  5
1A09D4
330
1A0993
100
AcDbEntity
  8
antet yazı
370
    40
100
AcDbLine
 10
73.01514573303757
 20
20.3254296173991
 30
0.0
 11
73.01514573303757
 21
43.81920865276515
 31
0.0
  0
TEXT
  5
1A09D5
330
1A0993
100
AcDbEntity
  8
antet yazı
100
AcDbText
 10
22.67383347892996
 20
66.85683930938648
 30
0.0
 40
1.969999999999999
  1
H
100
AcDbText
  0
LINE
  5
1A09D6
330
1A0993
100
AcDbEntity
  8
antet yazı
  6
Continuous
100
AcDbLine
 10
20.20514669393003
 20
70.81734983911156
 30
0.0
 11
22.17514669393006
 21
70.81734983911156
 31
0.0
  0
MTEXT
  5
1A09D7
330
1A0993
100
AcDbEntity
  8
antet yazı
100
AcDbMText
 10
8.138964813927032
 20
12.6656893058398
 30
0.0
 40
1.969999999999999
 41
4.178271499999999
 46
0.0
 71
     1
 72
     5
  1
{\C256;2}
 11
0.0000000000000001
 21
1.0
 31
0.0
 73
     1
 44
1.0
  0
MTEXT
  5
1A09D8
330
1A0993
100
AcDbEntity
  8
antet yazı
100
AcDbMText
 10
3.565528889027859
 20
12.6656893058398
 30
0.0
 40
1.969999999999999
 41
4.178271499999999
 46
0.0
 71
     1
 72
     5
  1
{\C256;3}
 11
0.0000000000000001
 21
1.0
 31
0.0
 73
     1
 44
1.0
  0
LINE
  5
1A09D9
330
1A0993
100
AcDbEntity
  8
antet yazı
  6
Continuous
100
AcDbLine
 10
20.20514669393003
 20
184.9850874522881
 30
0.0
 11
22.17514669393006
 21
184.9850874522881
 31
0.0
  0
LINE
  5
1A09DA
330
1A0993
100
AcDbEntity
  8
antet yazı
  6
Continuous
100
AcDbLine
 10
20.20514669393003
 20
217.4850874522881
 30
0.0
 11
22.17514669393006
 21
217.4850874522881
 31
0.0
  0
POINT
  5
1A09DB
330
1A0993
100
AcDbEntity
  8
antet yazı
  6
ByBlock
100
AcDbPoint
 10
20.5246240202498
 20
230.9097570883823
 30
0.0
  0
LINE
  5
1A09DC
330
1A0993
100
AcDbEntity
  8
antet yazı
370
    50
100
AcDbLine
 10
20.20514669393003
 20
43.81920865276515
 30
0.0
 11
207.5048466939299
 21
43.81920865276515
 31
0.0
  0
TEXT
  5
1A09DD
330
1A0993
100
AcDbEntity
  8
antet yazı
100
AcDbText
 10
22.55348738843065
 20
16.45241485592442
 30
0.0
 40
2.093125
  1
EXT. ORANI
 41
0.843961374572569
  7
antet yazı
 72
     5
 11
37.10621980854171
 21
16.45241485592442
 31
0.0
100
AcDbText
  0
LINE
  5
1A09DE
330
1A0993
100
AcDbEntity
  8
antet yazı
370
    40
100
AcDbLine
 10
20.20514669393003
 20
15.40042961739891
 30
0.0
 11
207.5048466939299
 21
15.40042961739891
 31
0.0
  0
TEXT
  5
1A09DF
330
1A0993
100
AcDbEntity
  8
antet yazı
100
AcDbText
 10
41.7339310802779
 20
16.45241485592442
 30
0.0
 40
2.093125
  1
FIGÜR SAYISI
 41
0.8743686084557941
  7
antet yazı
 72
     5
 11
59.07690231462232
 21
16.45241485592442
 31
0.0
100
AcDbText
  0
TEXT
  5
1A09E0
330
1A0993
100
AcDbEntity
  8
antet yazı
100
AcDbText
 10
65.26280672911685
 20
16.45241485592442
 30
0.0
 40
2.093125
  1
KOVAN
 41
1.316510572180534
  7
antet yazı
 72
     5
 11
77.99115223222884
 21
16.45241485592442
 31
0.0
100
AcDbText
  0
TEXT
  5
1A09E1
330
1A0993
100
AcDbEntity
  8
antet yazı
100
AcDbText
 10
87.11893803570649
 20
16.45241485592442
 30
0.0
 40
2.093125
  1
KALIP GR.
 41
0.864188271590307
  7
antet yazı
 72
     5
 11
100.3838679261712
 21
16.45241485592442
 31
0.0
100
AcDbText
  0
TEXT
  5
1A09E2
330
1A0993
100
AcDbEntity
  8
antet yazı
100
AcDbText
 10
110.0961809752903
 20
16.45241485592442
 30
0.0
 40
2.093125
  1
ÖN HAZNE
 41
0.8902763280552171
  7
antet yazı
 72
     5
 11
124.6489133954014
 21
16.45241485592442
 31
0.0
100
AcDbText
  0
TEXT
  5
1A09E3
330
1A0993
100
AcDbEntity
  8
antet yazı
100
AcDbText
 10
133.7337724478907
 20
16.45241485592442
 30
0.0
 40
2.093125
  1
KALIP ARKA
 41
0.7978432666724162
  7
antet yazı
 72
     5
 11
148.2865048680015
 21
16.45241485592442
 31
0.0
100
AcDbText
  0
TEXT
  5
1A09E4
330
1A0993
100
AcDbEntity
  8
antet yazı
100
AcDbText
 10
155.3295453559695
 20
16.45241485592442
 30
0.0
 40
2.093125
  1
BOLSTER
 41
0.9277800815248225
  7
antet yazı
 72
     5
 11
167.6286233492
 21
16.45241485592442
 31
0.0
100
AcDbText
  0
TEXT
  5
1A09E5
330
1A0993
100
AcDbEntity
  8
antet yazı
100
AcDbText
 10
181.915288593161
 20
16.45241485592442
 30
0.0
 40
2.093125
  1
MÜHRE
 41
1.115345483512639
  7
antet yazı
 72
     5
 11
193.6992455745326
 21
16.45241485592442
 31
0.0
100
AcDbText
  0
LINE
  5
1A09E6
330
1A0993
100
AcDbEntity
  8
antet yazı
370
    40
100
AcDbLine
 10
39.73995175374535
 20
20.3254296173991
 30
0.0
 11
39.73995175374535
 21
8.359208652765119
 31
0.0
  0
LINE
  5
1A09E7
330
1A0993
100
AcDbEntity
  8
antet yazı
370
    40
100
AcDbLine
 10
61.23362488510929
 20
20.3254296173991
 30
0.0
 11
61.23362488510929
 21
8.359208652765119
 31
0.0
  0
LINE
  5
1A09E8
330
1A0993
100
AcDbEntity
  8
antet yazı
370
    40
100
AcDbLine
 10
82.14638793184155
 20
20.3254296173991
 30
0.0
 11
82.14638793184155
 21
8.359208652765119
 31
0.0
  0
LINE
  5
1A09E9
330
1A0993
100
AcDbEntity
  8
antet yazı
370
    40
100
AcDbLine
 10
106.399383965205
 20
20.3254296173991
 30
0.0
 11
106.399383965205
 21
8.359208652765119
 31
0.0
  0
LINE
  5
1A09EA
330
1A0993
100
AcDbEntity
  8
antet yazı
370
    40
100
AcDbLine
 10
129.4905598293055
 20
20.3254296173991
 30
0.0
 11
129.4905598293055
 21
8.359208652765119
 31
0.0
  0
LINE
  5
1A09EB
330
1A0993
100
AcDbEntity
  8
antet yazı
370
    40
100
AcDbLine
 10
151.1294604818274
 20
20.3254296173991
 30
0.0
 11
151.1294604818274
 21
8.359208652765119
 31
0.0
  0
TEXT
  5
1A09EC
330
1A0993
100
AcDbEntity
  8
YAZI
100
AcDbText
 10
164.8282629862429
 20
211.6476582955593
 30
0.0
 40
3.0
  1
ÖLÇEK:1/1
  7
STANDART3
100
AcDbText
  0
TEXT
  5
1A09ED
330
1A0993
100
AcDbEntity
  8
antet yazı
100
AcDbText
 10
78.58862281874315
 20
33.92104559903101
 30
0.0
 40
3.0
  1
6060/F22
  7
yazı
100
AcDbText
  0
TEXT
  5
1A09EE
330
1A0993
100
AcDbEntity
  8
antet yazı
100
AcDbText
 10
108.9771527267006
 20
34.2021981344792
 30
0.0
 40
3.0
  1
- -
100
AcDbText
  0
TEXT
  5
1A09EF
330
1A0993
100
AcDbEntity
  8
antet yazı
100
AcDbText
 10
109.0709404838086
 20
22.86233403523693
 30
0.0
 40
3.0
  1
- -
100
AcDbText
  0
TEXT
  5
1A09F0
330
1A0993
100
AcDbEntity
  8
antet yazı
100
AcDbText
 10
132.4336731456574
 20
22.63787335191592
 30
0.0
 40
3.0
  1
1/1
  7
yazı
100
AcDbText
  0
TEXT
  5
1A09F1
330
1A0993
100
AcDbEntity
  8
antet yazı
100
AcDbText
 10
132.7671130525573
 20
34.04904574886314
 30
0.0
 40
3.0
  1
1,1
  7
yazı
100
AcDbText
  0
TEXT
  5
1A09F2
330
1A0993
100
AcDbEntity
  8
antet yazı
100
AcDbText
 10
27.82536013833885
 20
10.13820384327573
 30
0.0
 40
3.0
  1
xx
  7
yazı
100
AcDbText
  0
TEXT
  5
1A09F3
330
1A0993
100
AcDbEntity
  8
antet yazı
100
AcDbText
 10
48.31167418988343
 20
10.13820384327573
 30
0.0
 40
3.0
  1
xx
  7
yazı
100
AcDbText
  0
TEXT
  5
1A09F4
330
1A0993
100
AcDbEntity
  8
antet yazı
100
AcDbText
 10
65.48391730067362
 20
10.02562703087642
 30
0.0
 40
3.0
  1
xx
  7
yazı
100
AcDbText
  0
TEXT
  5
1A09F5
330
1A0993
100
AcDbEntity
  8
antet yazı
100
AcDbText
 10
87.70594583573563
 20
10.13820384327573
 30
0.0
 40
3.0
  1
xx
  7
yazı
100
AcDbText
  0
TEXT
  5
1A09F6
330
1A0993
100
AcDbEntity
  8
antet yazı
100
AcDbText
 10
113.1753837017971
 20
10.13820384327573
 30
0.0
 40
3.0
  1
..
  7
yazı
100
AcDbText
  0
TEXT
  5
1A09F7
330
1A0993
100
AcDbEntity
  8
antet yazı
100
AcDbText
 10
136.9420276639289
 20
10.13820384327573
 30
0.0
 40
3.0
  1
xx
  7
yazı
100
AcDbText
  0
TEXT
  5
1A09F8
330
1A0993
100
AcDbEntity
  8
antet yazı
100
AcDbText
 10
157.4769094597235
 20
10.13820384327573
 30
0.0
 40
3.0
  1
xx
  7
yazı
100
AcDbText
  0
TEXT
  5
1A09F9
330
1A0993
100
AcDbEntity
  8
antet yazı
100
AcDbText
 10
186.0767066400917
 20
10.13820384327573
 30
0.0
 40
3.0
  1
xx
  7
yazı
100
AcDbText
  0
TEXT
  5
1A09FA
330
1A0993
100
AcDbEntity
  8
antet yazı
100
AcDbText
 10
180.0373507598173
 20
39.50415891003649
 30
0.0
 40
3.0
  1
30.09.2016
  7
yazı
100
AcDbText
  0
TEXT
  5
1A09FB
330
1A0993
100
AcDbEntity
  8
antet yazı
100
AcDbText
 10
166.1198875078767
 20
275.9433773399264
 30
0.0
 40
5.0
  1
xxx
  7
yazı
100
AcDbText
  0
LWPOLYLINE
  5
1A09FC
330
1A0993
100
AcDbEntity
  8
GİZLİ
100
AcDbPolyline
 90
        4
 70
     1
 43
0.0
 10
209.9999966939299
 20
-0.0000001608882201
 10
-0.0000033060699707
 20
-0.0000001608882485
 10
-0.0000033060700844
 20
296.9999998391117
 10
209.9999966939299
 20
296.9999998391117
  0
LINE
  5
1A09FD
330
1A0993
100
AcDbEntity
  8
antet yazı
  6
Continuous
100
AcDbLine
 10
20.20514669393003
 20
270.8697571776101
 30
0.0
 11
22.17514669393006
 21
270.8697571776101
 31
0.0
  0
LINE
  5
1A09FE
330
1A0993
100
AcDbEntity
  8
antet yazı
370
    40
100
AcDbLine
 10
15.28014669393008
 20
8.359208652765119
 30
0.0
 11
15.28014669393008
 21
120.2118425001954
 31
0.0
  0
TEXT
  5
1A09FF
330
1A0993
100
AcDbEntity
  8
antet yazı
100
AcDbText
 10
75.92979243113177
 20
22.47550638451094
 30
0.0
 40
3.0
  1
EN 12020-2
  7
yazı
100
AcDbText
  0
LINE
  5
1A0A00
330
1A0993
100
AcDbEntity
  8
antet yazı
370
    30
100
AcDbLine
 10
16.20514669393014
 20
257.5816987419976
 30
0.0
 11
16.20514669393014
 21
224.4306557823334
 31
0.0
  0
MTEXT
  5
1A0A01
330
1A0993
100
AcDbEntity
  8
antet yazı
100
AcDbMText
 10
5.33876555279312
 20
183.5536924807079
 30
0.0
 40
2.0
 41
28.538240171371
 46
0.0
 71
     1
 72
     1
  1
{\fTahoma|b0|i0|c162|p0;Wall Thickn.\PTolerances}
 73
     1
 44
1.0
  0
LINE
  5
1A0A02
330
1A0993
100
AcDbEntity
  8
antet yazı
370
    30
100
AcDbLine
 10
12.20514669393014
 20
257.5816987419976
 30
0.0
 11
12.20514669393014
 21
224.4306557823334
 31
0.0
  0
LINE
  5
1A0A03
330
1A0993
100
AcDbEntity
  8
antet yazı
370
    30
100
AcDbLine
 10
8.205146693930146
 20
292.8499998391117
 30
0.0
 11
8.205146693930146
 21
224.4306557823334
 31
0.0
  0
LINE
  5
1A0A04
330
1A0993
100
AcDbEntity
  8
antet yazı
370
    30
100
AcDbLine
 10
4.205146693930146
 20
257.8050110430177
 30
0.0
 11
4.205146693930146
 21
217.9850874522881
 31
0.0
  0
LINE
  5
1A0A05
330
1A0993
100
AcDbEntity
  8
antet yazı
370
    30
100
AcDbLine
 10
20.20514669393015
 20
184.9850874522881
 30
0.0
 11
4.205146693930146
 21
184.9850874522881
 31
0.0
  0
LINE
  5
1A0A06
330
1A0993
100
AcDbEntity
  8
antet yazı
370
    30
100
AcDbLine
 10
20.20514669393015
 20
200.9850874522881
 30
0.0
 11
4.205146693930146
 21
200.9850874522881
 31
0.0
  0
MTEXT
  5
1A0A07
330
1A0993
100
AcDbEntity
  8
antet yazı
100
AcDbMText
 10
4.872106099644724
 20
186.1284464335126
 30
0.0
 40
2.0
 41
15.0
 46
0.0
 71
     1
 72
     1
  1
{\fTahoma|b0|i0|c162|p0;Wall Thickn.}
 11
0.0000000000000001
 21
1.0
 31
0.0
 73
     1
 44
1.0
  0
MTEXT
  5
1A0A08
330
1A0993
100
AcDbEntity
  8
antet yazı
100
AcDbMText
 10
4.872106099644724
 20
202.1354721706598
 30
0.0
 40
2.0
 41
16.84961528162807
 46
5.99149317215133
 71
     1
 72
     1
  1
{\fTahoma|b0|i0|c162|p0;Tol. Degree}
 11
0.0000000000000001
 21
1.0
 31
0.0
 73
     1
 44
1.0
1001
ACAD
1000
ACAD_MTEXT_DEFINED_HEIGHT_BEGIN
1070
    46
1040
5.99149317215133
1000
ACAD_MTEXT_DEFINED_HEIGHT_END
  0
LINE
  5
1A0A09
330
1A0993
100
AcDbEntity
  8
antet yazı
370
    30
100
AcDbLine
 10
20.20514669393015
 20
240.2137778467031
 30
0.0
 11
4.205146693930146
 21
240.2137778467031
 31
0.0
  0
MTEXT
  5
1A0A0A
330
1A0993
100
AcDbEntity
  8
antet yazı
100
AcDbMText
 10
4.955476025358962
 20
225.4060686032312
 30
0.0
 40
2.0
 41
16.4577543767105
 46
3.333040594285558
 71
     1
 72
     1
  1
{\fTahoma|b0|i0|c162|p0;Dim.Degree}
 11
0.0000000000000001
 21
1.0
 31
0.0
 73
     1
 44
1.0
1001
ACAD
1000
ACAD_MTEXT_DEFINED_HEIGHT_BEGIN
1070
    46
1040
3.333040594285558
1000
ACAD_MTEXT_DEFINED_HEIGHT_END
  0
MTEXT
  5
1A0A0B
330
1A0993
100
AcDbEntity
  8
antet yazı
100
AcDbMText
 10
9.062665929848662
 20
186.4383988004169
 30
0.0
 40
2.2
 41
14.54668865187091
 46
6.179673158719496
 71
     1
 72
     1
  1
{\fTimes New Roman|b0|i0|c162|p0;0-1,5 mm}
 11
0.0000000000000001
 21
1.0
 31
0.0
 73
     1
 44
1.0
1001
ACAD
1000
ACAD_MTEXT_DEFINED_HEIGHT_BEGIN
1070
    46
1040
6.179673158719496
1000
ACAD_MTEXT_DEFINED_HEIGHT_END
  0
MTEXT
  5
1A0A0C
330
1A0993
100
AcDbEntity
  8
antet yazı
100
AcDbMText
 10
12.96914244903337
 20
186.4383988004169
 30
0.0
 40
2.2
 41
14.54668865187091
 46
6.179673158719496
 71
     1
 72
     1
  1
{\fTimes New Roman|b0|i0|c162|p0;1,5-3 mm}
 11
0.0000000000000001
 21
1.0
 31
0.0
 73
     1
 44
1.0
1001
ACAD
1000
ACAD_MTEXT_DEFINED_HEIGHT_BEGIN
1070
    46
1040
6.179673158719496
1000
ACAD_MTEXT_DEFINED_HEIGHT_END
  0
MTEXT
  5
1A0A0D
330
1A0993
100
AcDbEntity
  8
antet yazı
100
AcDbMText
 10
16.97089888332027
 20
186.4383988004169
 30
0.0
 40
2.2
 41
14.54668865187091
 46
6.179673158719496
 71
     1
 72
     1
  1
{\fTimes New Roman|b0|i0|c162|p0;3- 6  mm}
 11
0.0000000000000001
 21
1.0
 31
0.0
 73
     1
 44
1.0
1001
ACAD
1000
ACAD_MTEXT_DEFINED_HEIGHT_BEGIN
1070
    46
1040
6.179673158719496
1000
ACAD_MTEXT_DEFINED_HEIGHT_END
  0
MTEXT
  5
1A0A0E
330
1A0993
100
AcDbEntity
  8
antet yazı
100
AcDbMText
 10
9.157945844950745
 20
202.25486470736
 30
0.0
 40
2.2
 41
16.48342531265757
 46
7.1424807640814
 71
     1
 72
     1
  1
{\fTimes New Roman|b0|i0|c162|p0;%%P0,15  mm}
 11
0.0000000000000001
 21
1.0
 31
0.0
 73
     1
 44
1.0
1001
ACAD
1000
ACAD_MTEXT_DEFINED_HEIGHT_BEGIN
1070
    46
1040
7.1424807640814
1000
ACAD_MTEXT_DEFINED_HEIGHT_END
  0
MTEXT
  5
1A0A0F
330
1A0993
100
AcDbEntity
  8
antet yazı
100
AcDbMText
 10
13.15970227923753
 20
202.25486470736
 30
0.0
 40
2.2
 41
16.48342531265757
 46
7.1424807640814
 71
     1
 72
     1
  1
{\fTimes New Roman|b0|i0|c162|p0;%%P0,15  mm}
 11
0.0000000000000001
 21
1.0
 31
0.0
 73
     1
 44
1.0
1001
ACAD
1000
ACAD_MTEXT_DEFINED_HEIGHT_BEGIN
1070
    46
1040
7.1424807640814
1000
ACAD_MTEXT_DEFINED_HEIGHT_END
  0
MTEXT
  5
1A0A10
330
1A0993
100
AcDbEntity
  8
antet yazı
100
AcDbMText
 10
16.97089888332016
 20
202.25486470736
 30
0.0
 40
2.2
 41
16.48342531265757
 46
7.1424807640814
 71
     1
 72
     1
  1
{\fTimes New Roman|b0|i0|c162|p0;%%P0,2  mm}
 11
0.0000000000000001
 21
1.0
 31
0.0
 73
     1
 44
1.0
1001
ACAD
1000
ACAD_MTEXT_DEFINED_HEIGHT_BEGIN
1070
    46
1040
7.1424807640814
1000
ACAD_MTEXT_DEFINED_HEIGHT_END
  0
MTEXT
  5
1A0A11
330
1A0993
100
AcDbEntity
  8
antet yazı
100
AcDbMText
 10
9.062665929848662
 20
225.8113008852374
 30
0.0
 40
2.2
 41
14.54668865187091
 46
6.179673158719496
 71
     1
 72
     1
  1
{\fTimes New Roman|b0|i0|c162|p0;0-10  mm}
 11
0.0000000000000001
 21
1.0
 31
0.0
 73
     1
 44
1.0
1001
ACAD
1000
ACAD_MTEXT_DEFINED_HEIGHT_BEGIN
1070
    46
1040
6.179673158719496
1000
ACAD_MTEXT_DEFINED_HEIGHT_END
  0
MTEXT
  5
1A0A12
330
1A0993
100
AcDbEntity
  8
antet yazı
100
AcDbMText
 10
13.06442236413545
 20
225.8113008852374
 30
0.0
 40
2.2
 41
14.54668865187091
 46
6.179673158719496
 71
     1
 72
     1
  1
{\fTimes New Roman|b0|i0|c162|p0;10-15 mm}
 11
0.0000000000000001
 21
1.0
 31
0.0
 73
     1
 44
1.0
1001
ACAD
1000
ACAD_MTEXT_DEFINED_HEIGHT_BEGIN
1070
    46
1040
6.179673158719496
1000
ACAD_MTEXT_DEFINED_HEIGHT_END
  0
MTEXT
  5
1A0A13
330
1A0993
100
AcDbEntity
  8
antet yazı
100
AcDbMText
 10
16.87561896821819
 20
225.8113008852374
 30
0.0
 40
2.2
 41
14.54668865187091
 46
6.179673158719496
 71
     1
 72
     1
  1
{\fTimes New Roman|b0|i0|c162|p0;15-30 mm}
 11
0.0000000000000001
 21
1.0
 31
0.0
 73
     1
 44
1.0
1001
ACAD
1000
ACAD_MTEXT_DEFINED_HEIGHT_BEGIN
1070
    46
1040
6.179673158719496
1000
ACAD_MTEXT_DEFINED_HEIGHT_END
  0
MTEXT
  5
1A0A14
330
1A0993
100
AcDbEntity
  8
antet yazı
100
AcDbMText
 10
9.157945844950745
 20
241.9326625205067
 30
0.0
 40
2.2
 41
16.48342531265757
 46
7.1424807640814
 71
     1
 72
     1
  1
{\fTimes New Roman|b0|i0|c162|p0;%%P0,15  mm}
 11
0.0000000000000001
 21
1.0
 31
0.0
 73
     1
 44
1.0
1001
ACAD
1000
ACAD_MTEXT_DEFINED_HEIGHT_BEGIN
1070
    46
1040
7.1424807640814
1000
ACAD_MTEXT_DEFINED_HEIGHT_END
  0
MTEXT
  5
1A0A15
330
1A0993
100
AcDbEntity
  8
antet yazı
100
AcDbMText
 10
12.96914244903337
 20
241.9326625205067
 30
0.0
 40
2.2
 41
16.48342531265757
 46
7.1424807640814
 71
     1
 72
     1
  1
{\fTimes New Roman|b0|i0|c162|p0;%%P0,20  mm}
 11
0.0000000000000001
 21
1.0
 31
0.0
 73
     1
 44
1.0
1001
ACAD
1000
ACAD_MTEXT_DEFINED_HEIGHT_BEGIN
1070
    46
1040
7.1424807640814
1000
ACAD_MTEXT_DEFINED_HEIGHT_END
  0
MTEXT
  5
1A0A16
330
1A0993
100
AcDbEntity
  8
antet yazı
100
AcDbMText
 10
16.93278691727937
 20
241.9326625205067
 30
0.0
 40
2.2
 41
16.48342531265757
 46
7.1424807640814
 71
     1
 72
     1
  1
{\fTimes New Roman|b0|i0|c162|p0;%%P0,25  mm}
 11
0.0000000000000001
 21
1.0
 31
0.0
 73
     1
 44
1.0
1001
ACAD
1000
ACAD_MTEXT_DEFINED_HEIGHT_BEGIN
1070
    46
1040
7.1424807640814
1000
ACAD_MTEXT_DEFINED_HEIGHT_END
  0
LINE
  5
1A0A17
330
1A0993
100
AcDbEntity
  8
antet yazı
370
    30
100
AcDbLine
 10
20.20514669393015
 20
257.8050110430177
 30
0.0
 11
4.205146693930146
 21
257.8050110430177
 31
0.0
  0
MTEXT
  5
1A0A18
330
1A0993
100
AcDbEntity
  8
antet yazı
100
AcDbMText
 10
3.696408306530656
 20
174.9371549787879
 30
0.0
 40
2.299999999999998
 41
17.22651226822395
 46
2.602417730020146
 71
     1
 72
     1
  1
{\fTahoma|b0|i0|c162|p0;EN 12020-2}
 73
     1
 44
1.0
1001
ACAD
1000
ACAD_MTEXT_DEFINED_HEIGHT_BEGIN
1070
    46
1040
2.602417730020146
1000
ACAD_MTEXT_DEFINED_HEIGHT_END
  0
LINE
  5
1A0A19
330
1A0993
100
AcDbEntity
  8
antet yazı
370
    30
100
AcDbLine
 10
4.205146693930146
 20
217.9850874522881
 30
0.0
 11
4.205146693930146
 21
184.9850874522881
 31
0.0
  0
LINE
  5
1A0A1A
330
1A0993
100
AcDbEntity
  8
antet yazı
370
    30
100
AcDbLine
 10
20.20514669393015
 20
217.4850874522881
 30
0.0
 11
4.205146693930146
 21
217.4850874522881
 31
0.0
  0
LINE
  5
1A0A1B
330
1A0993
100
AcDbEntity
  8
antet yazı
370
    30
100
AcDbLine
 10
4.205146693930146
 20
224.4306557823334
 30
0.0
 11
20.20514669393015
 21
224.4306557823334
 31
0.0
  0
LINE
  5
1A0A1C
330
1A0993
100
AcDbEntity
  8
antet yazı
370
    30
100
AcDbLine
 10
4.205146693930146
 20
184.9850874522881
 30
0.0
 11
4.205146693930146
 21
176.8616245637085
 31
0.0
  0
LINE
  5
1A0A1D
330
1A0993
100
AcDbEntity
  8
antet yazı
370
    30
100
AcDbLine
 10
4.205146693930146
 20
176.8616245637085
 30
0.0
 11
20.20514669393015
 21
176.8616245637085
 31
0.0
  0
LINE
  5
1A0A1E
330
1A0993
100
AcDbEntity
  8
antet yazı
370
    30
100
AcDbLine
 10
20.20514669393015
 20
276.6369470187906
 30
0.0
 11
4.205146693930146
 21
276.6369470187906
 31
0.0
  0
MTEXT
  5
1A0A1F
330
1A0993
100
AcDbEntity
  8
antet yazı
100
AcDbMText
 10
5.062665929848662
 20
259.877031029881
 30
0.0
 40
2.2
 41
19.77396214391075
 46
6.179673158719496
 71
     1
 72
     1
  1
{\fTimes New Roman|b0|i0|c162|p0;30-45  mm}
 11
0.0000000000000001
 21
1.0
 31
0.0
 73
     1
 44
1.0
1001
ACAD
1000
ACAD_MTEXT_DEFINED_HEIGHT_BEGIN
1070
    46
1040
6.179673158719496
1000
ACAD_MTEXT_DEFINED_HEIGHT_END
  0
MTEXT
  5
1A0A20
330
1A0993
100
AcDbEntity
  8
antet yazı
100
AcDbMText
 10
9.064422364135452
 20
259.877031029881
 30
0.0
 40
2.2
 41
18.61909406893767
 46
6.179673158719496
 71
     1
 72
     1
  1
{\fTimes New Roman|b0|i0|c162|p0;45-60 mm}
 11
0.0000000000000001
 21
1.0
 31
0.0
 73
     1
 44
1.0
1001
ACAD
1000
ACAD_MTEXT_DEFINED_HEIGHT_BEGIN
1070
    46
1040
6.179673158719496
1000
ACAD_MTEXT_DEFINED_HEIGHT_END
  0
MTEXT
  5
1A0A21
330
1A0993
100
AcDbEntity
  8
antet yazı
100
AcDbMText
 10
12.87561896821819
 20
259.877031029881
 30
0.0
 40
2.2
 41
18.61909406893767
 46
6.179673158719496
 71
     1
 72
     1
  1
{\fTimes New Roman|b0|i0|c162|p0;60-90 mm}
 11
0.0000000000000001
 21
1.0
 31
0.0
 73
     1
 44
1.0
1001
ACAD
1000
ACAD_MTEXT_DEFINED_HEIGHT_BEGIN
1070
    46
1040
6.179673158719496
1000
ACAD_MTEXT_DEFINED_HEIGHT_END
  0
MTEXT
  5
1A0A22
330
1A0993
100
AcDbEntity
  8
antet yazı
100
AcDbMText
 10
5.157945844950745
 20
277.593592371778
 30
0.0
 40
2.2
 41
16.48342531265757
 46
7.1424807640814
 71
     1
 72
     1
  1
{\fTimes New Roman|b0|i0|c162|p0;%%P0,3 mm}
 11
0.0000000000000001
 21
1.0
 31
0.0
 73
     1
 44
1.0
1001
ACAD
1000
ACAD_MTEXT_DEFINED_HEIGHT_BEGIN
1070
    46
1040
7.1424807640814
1000
ACAD_MTEXT_DEFINED_HEIGHT_END
  0
MTEXT
  5
1A0A23
330
1A0993
100
AcDbEntity
  8
antet yazı
100
AcDbMText
 10
8.96914244903337
 20
277.593592371778
 30
0.0
 40
2.2
 41
16.48342531265757
 46
7.1424807640814
 71
     1
 72
     1
  1
{\fTimes New Roman|b0|i0|c162|p0;%%P0,4 mm}
 11
0.0000000000000001
 21
1.0
 31
0.0
 73
     1
 44
1.0
1001
ACAD
1000
ACAD_MTEXT_DEFINED_HEIGHT_BEGIN
1070
    46
1040
7.1424807640814
1000
ACAD_MTEXT_DEFINED_HEIGHT_END
  0
MTEXT
  5
1A0A24
330
1A0993
100
AcDbEntity
  8
antet yazı
100
AcDbMText
 10
12.93278691727937
 20
277.593592371778
 30
0.0
 40
2.2
 41
16.48342531265757
 46
7.1424807640814
 71
     1
 72
     1
  1
{\fTimes New Roman|b0|i0|c162|p0;%%P0,45 mm}
 11
0.0000000000000001
 21
1.0
 31
0.0
 73
     1
 44
1.0
1001
ACAD
1000
ACAD_MTEXT_DEFINED_HEIGHT_BEGIN
1070
    46
1040
7.1424807640814
1000
ACAD_MTEXT_DEFINED_HEIGHT_END
  0
LINE
  5
1A0A25
330
1A0993
100
AcDbEntity
  8
antet yazı
370
    30
100
AcDbLine
 10
12.20514669393014
 20
257.5816987419976
 30
0.0
 11
12.20514669393014
 21
292.8499998391117
 31
0.0
  0
LINE
  5
1A0A26
330
1A0993
100
AcDbEntity
  8
antet yazı
370
    30
100
AcDbLine
 10
16.20514669393014
 20
257.5816987419976
 30
0.0
 11
16.20514669393014
 21
292.8499998391117
 31
0.0
  0
MTEXT
  5
1A0A27
330
1A0993
100
AcDbEntity
  8
antet yazı
100
AcDbMText
 10
4.872106099644724
 20
240.7256893571039
 30
0.0
 40
2.0
 41
16.84961528162807
 46
5.99149317215133
 71
     1
 72
     1
  1
{\fTahoma|b0|i0|c162|p0;Toler. Degree}
 11
0.0000000000000001
 21
1.0
 31
0.0
 73
     1
 44
1.0
1001
ACAD
1000
ACAD_MTEXT_DEFINED_HEIGHT_BEGIN
1070
    46
1040
5.99149317215133
1000
ACAD_MTEXT_DEFINED_HEIGHT_END
  0
MTEXT
  5
1A0A28
330
1A0993
100
AcDbEntity
  8
antet yazı
100
AcDbMText
 10
5.529325382997171
 20
223.6422776513309
 30
0.0
 40
2.0
 41
28.538240171371
 46
0.0
 71
     1
 72
     1
  1
{\fTahoma|b0|i0|c162|p0;Dimension\PTolerances}
 73
     1
 44
1.0
  0
LINE
  5
1A0A29
330
1A0993
100
AcDbEntity
  8
antet yazı
370
    30
100
AcDbLine
 10
16.20514669393014
 20
217.4850874522881
 30
0.0
 11
16.20514669393014
 21
184.9850874522881
 31
0.0
  0
LINE
  5
1A0A2A
330
1A0993
100
AcDbEntity
  8
antet yazı
370
    30
100
AcDbLine
 10
12.20514669393014
 20
217.4850874522881
 30
0.0
 11
12.20514669393014
 21
184.9850874522881
 31
0.0
  0
LINE
  5
1A0A2B
330
1A0993
100
AcDbEntity
  8
antet yazı
370
    30
100
AcDbLine
 10
8.205146693930146
 20
217.4850874522881
 30
0.0
 11
8.205146693930146
 21
184.9850874522881
 31
0.0
  0
LINE
  5
1A0A2C
330
1A0993
100
AcDbEntity
  8
antet yazı
370
    30
100
AcDbLine
 10
4.205146693930146
 20
257.8050110430177
 30
0.0
 11
4.205146693930146
 21
292.8499998391117
 31
0.0
  0
MTEXT
  5
1A0A2D
330
1A0993
100
AcDbEntity
  8
antet yazı
100
AcDbMText
 10
16.87561896821819
 20
259.877031029881
 30
0.0
 40
2.2
 41
18.61909406893767
 46
6.179673158719496
 71
     1
 72
     1
  1
{\fTimes New Roman|b0|i0|c162|p0;90-120 mm}
 11
0.0000000000000001
 21
1.0
 31
0.0
 73
     1
 44
1.0
1001
ACAD
1000
ACAD_MTEXT_DEFINED_HEIGHT_BEGIN
1070
    46
1040
6.179673158719496
1000
ACAD_MTEXT_DEFINED_HEIGHT_END
  0
MTEXT
  5
1A0A2E
330
1A0993
100
AcDbEntity
  8
antet yazı
100
AcDbMText
 10
16.93278691727937
 20
277.593592371778
 30
0.0
 40
2.2
 41
16.48342531265757
 46
7.1424807640814
 71
     1
 72
     1
  1
{\fTimes New Roman|b0|i0|c162|p0;%%P0,6  mm}
 11
0.0000000000000001
 21
1.0
 31
0.0
 73
     1
 44
1.0
1001
ACAD
1000
ACAD_MTEXT_DEFINED_HEIGHT_BEGIN
1070
    46
1040
7.1424807640814
1000
ACAD_MTEXT_DEFINED_HEIGHT_END
  0
LINE
  5
1A0A2F
330
1A0993
100
AcDbEntity
  8
antet yazı
370
    30
100
AcDbLine
 10
4.205146693930146
 20
292.8499998391117
 30
0.0
 11
20.20514669393015
 21
292.8499998391117
 31
0.0
  0
TEXT
  5
1A0A30
330
1A0993
100
AcDbEntity
  8
YAZI
100
AcDbText
 10
4.327750919723257
 20
5.649659271027303
 30
0.0
 40
1.75
  1
Bu dizayn müşteri tarafından teklif edilmiştir.Müşterinin bu dizaynı kullanması veya adapte etmesi halinde doğabilecek patent hakkı veya benzeri problemler "ALTAŞ A.Ş "i rücu etmez.
  7
STANDART6
100
AcDbText
  0
TEXT
  5
1A0A31
330
1A0993
100
AcDbEntity
  8
antet yazı
100
AcDbText
 10
120.7262888773684
 20
286.1965336972998
 30
0.0
 40
3.0
  1
402
  7
yazı
100
AcDbText
  0
TEXT
  5
1A0A32
330
1A0993
100
AcDbEntity
  8
antet yazı
100
AcDbText
 10
121.3815213263497
 20
276.2884025062636
 30
0.0
 40
3.0
  1
xxx
  7
yazı
100
AcDbText
  0
TEXT
  5
1A0A33
330
1A0993
100
AcDbEntity
  8
antet yazı
100
AcDbText
 10
90.56132018336757
 20
286.1919458475099
 30
0.0
 40
2.5
  1
MÜŞTERİ :
  7
yazı
100
AcDbText
  0
TEXT
  5
1A0A34
330
1A0993
100
AcDbEntity
  8
antet yazı
100
AcDbText
 10
90.61916840021865
 20
276.3714156072001
 30
0.0
 40
2.5
  1
MÜŞTERİ NO :
  7
yazı
100
AcDbText
  0
TEXT
  5
1A0A35
330
1A0993
100
AcDbEntity
  8
antet yazı
100
AcDbText
 10
171.6265460227032
 20
287.3152490550733
 30
0.0
 40
3.0
  1
PROFİL NO
  7
yazı
100
AcDbText
  0
TEXT
  5
1A0A36
330
1A0993
100
AcDbEntity
  8
antet yazı
100
AcDbText
 10
23.42485251537789
 20
28.12619389129031
 30
0.0
 40
2.093125
  1
AGIRLIK kg/m.
 41
0.9115786792710599
  7
antet yazı
 72
     5
 11
44.23166300005767
 21
28.12619389129031
 31
0.0
100
AcDbText
  0
TEXT
  5
1A0A37
330
1A0993
100
AcDbEntity
  8
antet yazı
100
AcDbText
 10
25.14153588974421
 20
40.156855299585
 30
0.0
 40
2.093125
  1
ALAN mm2
 41
0.8366044731517515
  7
antet yazı
 72
     5
 11
39.56741058740022
 21
40.156855299585
 31
0.0
100
AcDbText
  0
TEXT
  5
1A0A38
330
1A0993
100
AcDbEntity
  8
antet yazı
100
AcDbText
 10
51.79617749741351
 20
28.01409191933089
 30
0.0
 40
2.383699999999999
  1
ÇEVRE mm
 41
0.8391314735590661
  7
antet yazı
 72
     5
 11
68.46482494343638
 21
28.01409191933089
 31
0.0
100
AcDbText
  0
TEXT
  5
1A0A39
330
1A0993
100
AcDbEntity
  8
antet yazı
100
AcDbText
 10
50.18353951532276
 20
40.07345659840893
 30
0.0
 40
2.093125
  1
  DU mm
 41
0.8934109497237693
  7
antet yazı
 72
     5
 11
64.60941421297855
 21
40.07345659840893
 31
0.0
100
AcDbText
  0
TEXT
  5
1A0A3A
102
{ACAD_XDICTIONARY
360
1A0A3B
102
}
330
1A0993
100
AcDbEntity
  8
antet yazı
100
AcDbText
 10
80.24966615800758
 20
40.05077247268355
 30
0.0
 40
2.093125
  1
ALASIM
  7
antet yazı
100
AcDbText
1001
AcadAnnotative
1000
AnnotativeData
1002
{
1070
     1
1070
     0
1002
}
  0
LINE
  5
1A0A3E
330
1A0993
100
AcDbEntity
  8
antet yazı
100
AcDbLine
 10
86.54767705803612
 20
40.20482503706353
 30
0.0
 11
86.54767705803612
 21
39.8653812055718
 31
0.0
  0
ARC
  5
1A0A3F
330
1A0993
100
AcDbEntity
  8
antet yazı
100
AcDbCircle
 10
26.05130961889916
 20
30.69167310843068
 30
0.0
 40
0.3493815055179139
100
AcDbArc
 50
229.7998991402671
 51
313.5668334415746
  0
TEXT
  5
1A0A40
330
1A0993
100
AcDbEntity
  8
antet yazı
100
AcDbText
 10
155.5415423354578
 20
22.39382507266191
 30
0.0
 40
2.462499999999999
  1
Onay
  7
antet yazı
100
AcDbText
  0
TEXT
  5
1A0A41
330
1A0993
100
AcDbEntity
  8
antet yazı
100
AcDbText
 10
155.1900731709683
 20
34.00468074665105
 30
0.0
 40
2.462499999999999
  1
Cizen
  7
antet yazı
100
AcDbText
  0
TEXT
  5
1A0A42
330
1A0993
100
AcDbEntity
  8
antet yazı
100
AcDbText
 10
155.4356152951173
 20
27.7183670561526
 30
0.0
 40
2.462499999999999
  1
Kontrol
  7
antet yazı
100
AcDbText
  0
TEXT
  5
1A0A43
330
1A0993
100
AcDbEntity
  8
antet yazı
100
AcDbText
 10
155.3040993286075
 20
39.73553407112468
 30
0.0
 40
2.462499999999999
  1
Tarih
  7
antet yazı
100
AcDbText
  0
TEXT
  5
1A0A44
330
1A0993
100
AcDbEntity
  8
antet yazı
100
AcDbText
 10
130.8717465031936
 20
27.84170326075446
 30
0.0
 40
2.093125
  1
ÖLÇEK
  7
antet yazı
100
AcDbText
  0
MTEXT
  5
1A0A45
330
1A0993
100
AcDbEntity
  8
antet yazı
100
AcDbMText
 10
16.51424346382578
 20
109.0737071111339
 30
0.0
 40
2.166999999999999
 41
17.73
 46
0.0
 71
     1
 72
     5
  1
{\fTimes New Roman|b0|i0|c162|p18;\C256;Onay}
 11
0.0000000000000001
 21
1.0
 31
0.0
 73
     1
 44
1.0
  0
MTEXT
  5
1A0A46
330
1A0993
100
AcDbEntity
  8
antet yazı
100
AcDbMText
 10
16.51424346382578
 20
95.54948310910413
 30
0.0
 40
2.166999999999999
 41
17.73
 46
0.0
 71
     1
 72
     5
  1
{\fTimes New Roman|b0|i0|c162|p18;\C256;Tarih}
 11
0.0000000000000001
 21
1.0
 31
0.0
 73
     1
 44
1.0
  0
LINE
  5
1A0A47
330
1A0993
100
AcDbEntity
  8
Kesik Çizgi
 62
     6
 48
10.0
100
AcDbLine
 10
25.58871202666399
 20
261.5837922873707
 30
0.0
 11
53.1829163829193
 21
261.5837922873707
 31
0.0
  0
TEXT
  5
1A0A48
330
1A0993
100
AcDbEntity
  8
antet yazı
100
AcDbText
 10
54.74181356440829
 20
260.9270155130589
 30
0.0
 40
2.399999999999999
  1
Görünür yüzey
  7
yazı
100
AcDbText
  0
MTEXT
  5
1A0A49
330
1A0993
100
AcDbEntity
  8
antet yazı
100
AcDbMText
 10
167.8416748421075
 20
4.247000216613287
 30
0.0
 40
2.265499999999998
 41
35.06995239969886
 46
0.0
 71
     1
 72
     5
  1
{\fTahoma|b0|i0|c0|p34;F2.08-02/\fTahoma|b0|i0|c162|p34;21.03.12}
 73
     1
 44
1.0
  0
TEXT
  5
1A0A4A
330
1A0993
100
AcDbEntity
  8
antet yazı
100
AcDbText
 10
56.46799945741708
 20
34.20219813447875
 30
0.0
 40
3.0
  1
xxx
  7
yazı
 72
     1
 11
59.6822851717028
 21
34.20219813447875
 31
0.0
100
AcDbText
  0
TEXT
  5
1A0A4B
330
1A0993
100
AcDbEntity
  8
antet yazı
100
AcDbText
 10
28.86899757553634
 20
22.08147273972191
 30
0.0
 40
3.0
  1
0,
  7
yazı
 72
     1
 11
30.44042614696491
 21
22.08147273972191
 31
0.0
100
AcDbText
  0
TEXT
  5
1A0A4C
330
1A0993
100
AcDbEntity
  8
antet yazı
100
AcDbText
 10
28.70698780338632
 20
34.20219813447875
 30
0.0
 40
3.0
  1
xxx
  7
yazı
 72
     1
 11
31.92127351767203
 21
34.20219813447875
 31
0.0
100
AcDbText
  0
TEXT
  5
1A0A4D
330
1A0993
100
AcDbEntity
  8
antet yazı
100
AcDbText
 10
57.54492019954991
 20
22.08147273972191
 30
0.0
 40
3.0
  1
XX
  7
yazı
 72
     1
 11
59.97349162812134
 21
22.08147273972191
 31
0.0
100
AcDbText
  0
TEXT
  5
1A0A4E
330
1A0993
100
AcDbEntity
  8
antet yazı
100
AcDbText
 10
178.7283747685554
 20
33.36584919910092
 30
0.0
 40
3.0
  1
S.KANDEMİR
  7
yazı
100
AcDbText
  0
ENDBLK
  5
1A0A52
330
1A0993
100
AcDbEntity
  8
0
100
AcDbBlockEnd
  0
BLOCK
  5
1A39E0
330
1A39DF
100
AcDbEntity
  8
0
100
AcDbBlockBegin
  2
SW_NOTE_0
 70
     0
 10
0.0
 20
0.0
 30
0.0
  3
SW_NOTE_0
  1

  0
MTEXT
  5
1A39E1
330
1A39DF
100
AcDbEntity
  8
0
  6
Continuous
 62
     0
370
     0
100
AcDbMText
 10
0.0
 20
1.9645392354
 30
0.0
 40
1.524
 41
0.0
 46
0.0
 71
     1
 72
     1
  1
INTERPRET GEOMETRIC
  7
SLDTEXTSTYLE1
 73
     1
 44
1.0
  0
MTEXT
  5
1A39E2
330
1A39DF
100
AcDbEntity
  8
0
  6
Continuous
 62
     0
370
     0
100
AcDbMText
 10
0.0
 20
-0.5594606586000001
 30
0.0
 40
1.524
 41
0.0
 46
0.0
 71
     1
 72
     1
  1
TOLERANCING PER:
  7
SLDTEXTSTYLE1
 73
     1
 44
1.0
  0
ENDBLK
  5
1A39E3
330
1A39DF
100
AcDbEntity
  8
0
100
AcDbBlockEnd
  0
BLOCK
  5
1A39E5
330
1A39E4
100
AcDbEntity
  8
0
100
AcDbBlockBegin
  2
SW_NOTE_1
 70
     0
 10
0.0
 20
0.0
 30
0.0
  3
SW_NOTE_1
  1

  0
MTEXT
  5
1A39E6
330
1A39E4
100
AcDbEntity
  8
0
  6
Continuous
 62
     0
370
     0
100
AcDbMText
 10
0.0
 20
2.1282508384
 30
0.0
 40
1.650999999999999
 41
0.0
 46
0.0
 71
     1
 72
     1
  1
DIMENSIONS ARE IN INCHES
  7
SLDTEXTSTYLE1
 73
     1
 44
1.0
  0
MTEXT
  5
1A39E7
330
1A39E4
100
AcDbEntity
  8
0
  6
Continuous
 62
     0
370
     0
100
AcDbMText
 10
0.0
 20
-0.5227490914000001
 30
0.0
 40
1.650999999999999
 41
0.0
 46
0.0
 71
     1
 72
     1
  1
TOLERANCES:
  7
SLDTEXTSTYLE1
 73
     1
 44
1.0
  0
MTEXT
  5
1A39E8
330
1A39E4
100
AcDbEntity
  8
0
  6
Continuous
 62
     0
370
     0
100
AcDbMText
 10
0.0
 20
-3.1737490211
 30
0.0
 40
1.650999999999999
 41
0.0
 46
0.0
 71
     1
 72
     1
  1
FRACTIONAL
  7
SLDTEXTSTYLE1
 73
     1
 44
1.0
  0
MTEXT
  5
1A39E9
330
1A39E4
100
AcDbEntity
  8
0
  6
Continuous
 62
     0
370
     0
100
AcDbMText
 10
13.1466602907
 20
-3.1737490211
 30
0.0
 40
1.650999999999999
 41
0.0
 46
0.0
 71
     1
 72
     1
  1
%%p
  7
SLDTEXTSTYLE1
 73
     1
 44
1.0
  0
MTEXT
  5
1A39EA
330
1A39E4
100
AcDbEntity
  8
0
  6
Continuous
 62
     0
370
     0
100
AcDbMText
 10
0.0
 20
-5.8247489509
 30
0.0
 40
1.650999999999999
 41
0.0
 46
0.0
 71
     1
 72
     1
  1
ANGULAR: MACH
  7
SLDTEXTSTYLE1
 73
     1
 44
1.0
  0
MTEXT
  5
1A39EB
330
1A39E4
100
AcDbEntity
  8
0
  6
Continuous
 62
     0
370
     0
100
AcDbMText
 10
18.3736812323
 20
-5.8247489509
 30
0.0
 40
1.650999999999999
 41
0.0
 46
0.0
 71
     1
 72
     1
  1
%%p
  7
SLDTEXTSTYLE1
 73
     1
 44
1.0
  0
MTEXT
  5
1A39EC
330
1A39E4
100
AcDbEntity
  8
0
  6
Continuous
 62
     0
370
     0
100
AcDbMText
 10
23.04188351510001
 20
-5.8247489509
 30
0.0
 40
1.650999999999999
 41
0.0
 46
0.0
 71
     1
 72
     1
  1
BEND
  7
SLDTEXTSTYLE1
 73
     1
 44
1.0
  0
MTEXT
  5
1A39ED
330
1A39E4
100
AcDbEntity
  8
0
  6
Continuous
 62
     0
370
     0
100
AcDbMText
 10
29.1551686823
 20
-5.8247489509
 30
0.0
 40
1.650999999999999
 41
0.0
 46
0.0
 71
     1
 72
     1
  1
%%p
  7
SLDTEXTSTYLE1
 73
     1
 44
1.0
  0
MTEXT
  5
1A39EE
330
1A39E4
100
AcDbEntity
  8
0
  6
Continuous
 62
     0
370
     0
100
AcDbMText
 10
0.0
 20
-8.475748880700001
 30
0.0
 40
1.650999999999999
 41
0.0
 46
0.0
 71
     1
 72
     1
  1
TWO PLACE DECIMAL
  7
SLDTEXTSTYLE1
 73
     1
 44
1.0
  0
MTEXT
  5
1A39EF
330
1A39E4
100
AcDbEntity
  8
0
  6
Continuous
 62
     0
370
     0
100
AcDbMText
 10
24.877646938
 20
-8.475748880700001
 30
0.0
 40
1.650999999999999
 41
0.0
 46
0.0
 71
     1
 72
     1
  1
%%p
  7
SLDTEXTSTYLE1
 73
     1
 44
1.0
  0
MTEXT
  5
1A39F0
330
1A39E4
100
AcDbEntity
  8
0
  6
Continuous
 62
     0
370
     0
100
AcDbMText
 10
0.0
 20
-11.1267488104
 30
0.0
 40
1.650999999999999
 41
0.0
 46
0.0
 71
     1
 72
     1
  1
THREE PLACE DECIMAL
  7
SLDTEXTSTYLE1
 73
     1
 44
1.0
  0
MTEXT
  5
1A39F1
330
1A39E4
100
AcDbEntity
  8
0
  6
Continuous
 62
     0
370
     0
100
AcDbMText
 10
24.7346162796
 20
-11.1267488104
 30
0.0
 40
1.650999999999999
 41
0.0
 46
0.0
 71
     1
 72
     1
  1
%%p
  7
SLDTEXTSTYLE1
 73
     1
 44
1.0
  0
ENDBLK
  5
1A39F2
330
1A39E4
100
AcDbEntity
  8
0
100
AcDbBlockEnd
  0
BLOCK
  5
1A39F4
330
1A39F3
100
AcDbEntity
  8
0
100
AcDbBlockBegin
  2
SW_NOTE_2
 70
     0
 10
0.0
 20
0.0
 30
0.0
  3
SW_NOTE_2
  1

  0
MTEXT
  5
1A39F5
330
1A39F3
100
AcDbEntity
  8
0
  6
Continuous
 62
     0
370
     0
100
AcDbMText
 10
0.0
 20
1.9645392354
 30
0.0
 40
1.524
 41
0.0
 46
0.0
 71
     1
 72
     1
  1
THE INFORMATION CONTAINED IN THIS
  7
SLDTEXTSTYLE1
 73
     1
 44
1.0
  0
MTEXT
  5
1A39F6
330
1A39F3
100
AcDbEntity
  8
0
  6
Continuous
 62
     0
370
     0
100
AcDbMText
 10
0.0
 20
-0.5594606586000001
 30
0.0
 40
1.524
 41
0.0
 46
0.0
 71
     1
 72
     1
  1
DRAWING IS THE SOLE PROPERTY OF
  7
SLDTEXTSTYLE1
 73
     1
 44
1.0
  0
MTEXT
  5
1A39F7
330
1A39F3
100
AcDbEntity
  8
0
  6
Continuous
 62
     0
370
     0
100
AcDbMText
 10
0.0
 20
-3.083460552699999
 30
0.0
 40
1.524
 41
0.0
 46
0.0
 71
     1
 72
     1
  1
<INSERT COMPANY NAME HERE>.  ANY
  7
SLDTEXTSTYLE1
 73
     1
 44
1.0
  0
MTEXT
  5
1A39F8
330
1A39F3
100
AcDbEntity
  8
0
  6
Continuous
 62
     0
370
     0
100
AcDbMText
 10
0.0
 20
-5.607460446699999
 30
0.0
 40
1.524
 41
0.0
 46
0.0
 71
     1
 72
     1
  1
REPRODUCTION IN PART OR AS A WHOLE
  7
SLDTEXTSTYLE1
 73
     1
 44
1.0
  0
MTEXT
  5
1A39F9
330
1A39F3
100
AcDbEntity
  8
0
  6
Continuous
 62
     0
370
     0
100
AcDbMText
 10
0.0
 20
-8.1314603407
 30
0.0
 40
1.524
 41
0.0
 46
0.0
 71
     1
 72
     1
  1
WITHOUT THE WRITTEN PERMISSION OF
  7
SLDTEXTSTYLE1
 73
     1
 44
1.0
  0
MTEXT
  5
1A39FA
330
1A39F3
100
AcDbEntity
  8
0
  6
Continuous
 62
     0
370
     0
100
AcDbMText
 10
0.0
 20
-10.6554602348
 30
0.0
 40
1.524
 41
0.0
 46
0.0
 71
     1
 72
     1
  1
<INSERT COMPANY NAME HERE> IS
  7
SLDTEXTSTYLE1
 73
     1
 44
1.0
  0
MTEXT
  5
1A39FB
330
1A39F3
100
AcDbEntity
  8
0
  6
Continuous
 62
     0
370
     0
100
AcDbMText
 10
0.0
 20
-13.1794601288
 30
0.0
 40
1.524
 41
0.0
 46
0.0
 71
     1
 72
     1
  1
PROHIBITED.
  7
SLDTEXTSTYLE1
 73
     1
 44
1.0
  0
ENDBLK
  5
1A39FC
330
1A39F3
100
AcDbEntity
  8
0
100
AcDbBlockEnd
  0
BLOCK
  5
1A39FE
330
1A39FD
100
AcDbEntity
  8
0
100
AcDbBlockBegin
  2
_D
 70
     0
 10
0.0
 20
0.0
 30
0.0
  3
_D
  1

  0
SOLID
  5
1A39FF
330
1A39FD
100
AcDbEntity
  8
0
  6
Continuous
 62
     7
440
 16777216
370
    18
100
AcDbTrace
 10
137.0226224438
 20
145.9556535323
 30
0.0
 11
135.5226224438
 21
146.2056535323
 31
0.0
 12
135.5226224438
 22
145.7056535323
 32
0.0
 13
135.5226224438
 23
145.7056535323
 33
0.0
  0
SOLID
  5
1A3A00
330
1A39FD
100
AcDbEntity
  8
0
  6
Continuous
 62
     7
440
 16777216
370
    18
100
AcDbTrace
 10
122.2239467456
 20
145.9556535323
 30
0.0
 11
123.7239467456
 21
145.7056535323
 31
0.0
 12
123.7239467456
 22
146.2056535323
 32
0.0
 13
123.7239467456
 23
146.2056535323
 33
0.0
  0
LINE
  5
1A3A01
330
1A39FD
100
AcDbEntity
  8
0
  6
Continuous
 62
     7
440
 16777216
370
    18
100
AcDbLine
 10
137.0226224438
 20
142.2051705438
 30
0.0
 11
137.0226224438
 21
146.9556535323
 31
0.0
  0
LINE
  5
1A3A02
330
1A39FD
100
AcDbEntity
  8
0
  6
Continuous
 62
     7
440
 16777216
370
    18
100
AcDbLine
 10
122.2239467456
 20
141.7333277325
 30
0.0
 11
122.2239467456
 21
146.9556535323
 31
0.0
  0
LINE
  5
1A3A03
330
1A39FD
100
AcDbEntity
  8
0
  6
Continuous
 62
     7
440
 16777216
370
    18
100
AcDbLine
 10
137.0226224438
 20
145.9556535323
 30
0.0
 11
122.2239467456
 21
145.9556535323
 31
0.0
  0
MTEXT
  5
1A3A04
330
1A39FD
100
AcDbEntity
  8
0
  6
Continuous
 62
     7
440
 16777216
370
    18
100
AcDbMText
 10
122.7297741338
 20
148.6841801317
 30
0.0
 40
2.1166666667
 41
0.0
 46
0.0
 71
     1
 72
     1
  1
14,8
  7
SLDTEXTSTYLE1
 73
     1
 44
1.0
  0
MTEXT
  5
1A3A05
330
1A39FD
100
AcDbEntity
  8
0
  6
Continuous
 62
     7
440
 16777216
370
    18
100
AcDbMText
 10
128.9954996764
 20
148.6841801317
 30
0.0
 40
2.1166666667
 41
0.0
 46
0.0
 71
     1
 72
     1
  1
±0,3
  7
SLDTEXTSTYLE1
 73
     1
 44
1.0
  0
ENDBLK
  5
1A3A06
330
1A39FD
100
AcDbEntity
  8
0
100
AcDbBlockEnd
  0
BLOCK
  5
1A3A08
330
1A3A07
100
AcDbEntity
  8
0
100
AcDbBlockBegin
  2
_D_1
 70
     0
 10
0.0
 20
0.0
 30
0.0
  3
_D_1
  1

  0
SOLID
  5
1A3A09
330
1A3A07
100
AcDbEntity
  8
0
  6
Continuous
 62
     7
440
 16777216
370
    18
100
AcDbTrace
 10
147.0239467456
 20
140.9333277325
 30
0.0
 11
146.7739467456
 21
139.4333277325
 31
0.0
 12
147.2739467456
 22
139.4333277325
 32
0.0
 13
147.2739467456
 23
139.4333277325
 33
0.0
  0
SOLID
  5
1A3A0A
330
1A3A07
100
AcDbEntity
  8
0
  6
Continuous
 62
     7
440
 16777216
370
    18
100
AcDbTrace
 10
147.0239467456
 20
134.5833277325
 30
0.0
 11
147.2739467456
 21
136.0833277325
 31
0.0
 12
146.7739467456
 22
136.0833277325
 32
0.0
 13
146.7739467456
 23
136.0833277325
 33
0.0
  0
LINE
  5
1A3A0B
330
1A3A07
100
AcDbEntity
  8
0
  6
Continuous
 62
     7
440
 16777216
370
    18
100
AcDbLine
 10
137.7239467456
 20
140.9333277325
 30
0.0
 11
148.0239467456
 21
140.9333277325
 31
0.0
  0
LINE
  5
1A3A0C
330
1A3A07
100
AcDbEntity
  8
0
  6
Continuous
 62
     7
440
 16777216
370
    18
100
AcDbLine
 10
128.9239467456
 20
134.5833277325
 30
0.0
 11
148.0239467456
 21
134.5833277325
 31
0.0
  0
LINE
  5
1A3A0D
330
1A3A07
100
AcDbEntity
  8
0
  6
Continuous
 62
     7
440
 16777216
370
    18
100
AcDbLine
 10
147.0239467456
 20
140.9333277325
 30
0.0
 11
147.0239467456
 21
165.133195132
 31
0.0
  0
LINE
  5
1A3A0E
330
1A3A07
100
AcDbEntity
  8
0
  6
Continuous
 62
     7
440
 16777216
370
    18
100
AcDbLine
 10
147.0239467456
 20
140.9333277325
 30
0.0
 11
147.0239467456
 21
134.5833277325
 31
0.0
  0
MTEXT
  5
1A3A0F
330
1A3A07
100
AcDbEntity
  8
0
  6
Continuous
 62
     7
440
 16777216
370
    18
100
AcDbMText
 10
144.2954201461
 20
151.8609115332
 30
0.0
 40
2.1166666667
 41
0.0
 46
0.0
 71
     1
 72
     1
  1
6,35
  7
SLDTEXTSTYLE1
 11
-0.000000000000007
 21
1.0
 31
0.0
 73
     1
 44
1.0
  0
MTEXT
  5
1A3A10
330
1A3A07
100
AcDbEntity
  8
0
  6
Continuous
 62
     7
440
 16777216
370
    18
100
AcDbMText
 10
144.2954201461
 20
158.1266370758
 30
0.0
 40
2.1166666667
 41
0.0
 46
0.0
 71
     1
 72
     1
  1
±0,15
  7
SLDTEXTSTYLE1
 11
-0.000000000000007
 21
1.0
 31
0.0
 73
     1
 44
1.0
  0
ENDBLK
  5
1A3A11
330
1A3A07
100
AcDbEntity
  8
0
100
AcDbBlockEnd
  0
BLOCK
  5
1A3A13
330
1A3A12
100
AcDbEntity
  8
0
100
AcDbBlockBegin
  2
_D_2
 70
     0
 10
0.0
 20
0.0
 30
0.0
  3
_D_2
  1

  0
SOLID
  5
1A3A14
330
1A3A12
100
AcDbEntity
  8
0
  6
Continuous
 62
     7
440
 16777216
370
    18
100
AcDbTrace
 10
122.2239467456
 20
116.0869262273
 30
0.0
 11
123.7239467456
 21
115.8369262273
 31
0.0
 12
123.7239467456
 22
116.3369262273
 32
0.0
 13
123.7239467456
 23
116.3369262273
 33
0.0
  0
SOLID
  5
1A3A15
330
1A3A12
100
AcDbEntity
  8
0
  6
Continuous
 62
     7
440
 16777216
370
    18
100
AcDbTrace
 10
128.2239467456
 20
116.0869262273
 30
0.0
 11
126.7239467456
 21
116.3369262273
 31
0.0
 12
126.7239467456
 22
115.8369262273
 32
0.0
 13
126.7239467456
 23
115.8369262273
 33
0.0
  0
LINE
  5
1A3A16
330
1A3A12
100
AcDbEntity
  8
0
  6
Continuous
 62
     7
440
 16777216
370
    18
100
AcDbLine
 10
122.2239467456
 20
133.7833277325
 30
0.0
 11
122.2239467456
 21
115.0869262273
 31
0.0
  0
LINE
  5
1A3A17
330
1A3A12
100
AcDbEntity
  8
0
  6
Continuous
 62
     7
440
 16777216
370
    18
100
AcDbLine
 10
128.2239467456
 20
133.2733277325
 30
0.0
 11
128.2239467456
 21
115.0869262273
 31
0.0
  0
LINE
  5
1A3A18
330
1A3A12
100
AcDbEntity
  8
0
  6
Continuous
 62
     7
440
 16777216
370
    18
100
AcDbLine
 10
122.2239467456
 20
116.0869262273
 30
0.0
 11
128.2239467456
 21
116.0869262273
 31
0.0
  0
LINE
  5
1A3A19
330
1A3A12
100
AcDbEntity
  8
0
  6
Continuous
 62
     7
440
 16777216
370
    18
100
AcDbLine
 10
128.2239467456
 20
116.0869262273
 30
0.0
 11
138.1728447151
 21
116.0869262273
 31
0.0
  0
MTEXT
  5
1A3A1A
330
1A3A12
100
AcDbEntity
  8
0
  6
Continuous
 62
     7
440
 16777216
370
    18
100
AcDbMText
 10
128.8085545521
 20
118.8154528267
 30
0.0
 40
2.1166666667
 41
0.0
 46
0.0
 71
     1
 72
     1
  1
6
  7
SLDTEXTSTYLE1
 73
     1
 44
1.0
  0
MTEXT
  5
1A3A1B
330
1A3A12
100
AcDbEntity
  8
0
  6
Continuous
 62
     7
440
 16777216
370
    18
100
AcDbMText
 10
131.1662860768
 20
118.8154528267
 30
0.0
 40
2.1166666667
 41
0.0
 46
0.0
 71
     1
 72
     1
  1
±0,20
  7
SLDTEXTSTYLE1
 73
     1
 44
1.0
  0
ENDBLK
  5
1A3A1C
330
1A3A12
100
AcDbEntity
  8
0
100
AcDbBlockEnd
  0
BLOCK
  5
1A3A1E
330
1A3A1D
100
AcDbEntity
  8
0
100
AcDbBlockBegin
  2
_D_3
 70
     0
 10
0.0
 20
0.0
 30
0.0
  3
_D_3
  1

  0
SOLID
  5
1A3A1F
330
1A3A1D
100
AcDbEntity
  8
0
  6
Continuous
 62
     7
440
 16777216
370
    18
100
AcDbTrace
 10
112.8606879731
 20
134.5833277325
 30
0.0
 11
113.1106879731
 21
136.0833277325
 31
0.0
 12
112.6106879731
 22
136.0833277325
 32
0.0
 13
112.6106879731
 23
136.0833277325
 33
0.0
  0
SOLID
  5
1A3A20
330
1A3A1D
100
AcDbEntity
  8
0
  6
Continuous
 62
     7
440
 16777216
370
    18
100
AcDbTrace
 10
112.8606879731
 20
133.0833277325
 30
0.0
 11
112.6106879731
 21
131.5833277325
 31
0.0
 12
113.1106879731
 22
131.5833277325
 32
0.0
 13
113.1106879731
 23
131.5833277325
 33
0.0
  0
LINE
  5
1A3A21
330
1A3A1D
100
AcDbEntity
  8
0
  6
Continuous
 62
     7
440
 16777216
370
    18
100
AcDbLine
 10
121.4239467456
 20
134.5833277325
 30
0.0
 11
111.8606879731
 21
134.5833277325
 31
0.0
  0
LINE
  5
1A3A22
330
1A3A1D
100
AcDbEntity
  8
0
  6
Continuous
 62
     7
440
 16777216
370
    18
100
AcDbLine
 10
120.7239467456
 20
133.0833277325
 30
0.0
 11
111.8606879731
 21
133.0833277325
 31
0.0
  0
LINE
  5
1A3A23
330
1A3A1D
100
AcDbEntity
  8
0
  6
Continuous
 62
     7
440
 16777216
370
    18
100
AcDbLine
 10
112.8606879731
 20
134.5833277325
 30
0.0
 11
112.8606879731
 21
137.5833277325
 31
0.0
  0
LINE
  5
1A3A24
330
1A3A1D
100
AcDbEntity
  8
0
  6
Continuous
 62
     7
440
 16777216
370
    18
100
AcDbLine
 10
112.8606879731
 20
134.5833277325
 30
0.0
 11
112.8606879731
 21
133.0833277325
 31
0.0
  0
LINE
  5
1A3A25
330
1A3A1D
100
AcDbEntity
  8
0
  6
Continuous
 62
     7
440
 16777216
370
    18
100
AcDbLine
 10
112.8606879731
 20
133.0833277325
 30
0.0
 11
112.8606879731
 21
121.8712977014
 31
0.0
  0
MTEXT
  5
1A3A26
330
1A3A1D
100
AcDbEntity
  8
0
  6
Continuous
 62
     7
440
 16777216
370
    18
100
AcDbMText
 10
110.1321613737
 20
121.8712977014
 30
0.0
 40
2.1166666667
 41
0.0
 46
0.0
 71
     1
 72
     1
  1
1,5
  7
SLDTEXTSTYLE1
 11
-0.000000000000007
 21
1.0
 31
0.0
 73
     1
 44
1.0
  0
MTEXT
  5
1A3A27
330
1A3A1D
100
AcDbEntity
  8
0
  6
Continuous
 62
     7
440
 16777216
370
    18
100
AcDbMText
 10
110.1321613737
 20
126.5730416029
 30
0.0
 40
2.1166666667
 41
0.0
 46
0.0
 71
     1
 72
     1
  1
±0,2
  7
SLDTEXTSTYLE1
 11
-0.000000000000007
 21
1.0
 31
0.0
 73
     1
 44
1.0
  0
ENDBLK
  5
1A3A28
330
1A3A1D
100
AcDbEntity
  8
0
100
AcDbBlockEnd
  0
BLOCK
  5
1A3A2A
330
1A3A29
100
AcDbEntity
  8
0
100
AcDbBlockBegin
  2
_None
 70
     0
 10
0.0
 20
0.0
 30
0.0
  3
_None
  1

  0
ENDBLK
  5
1A3A2B
330
1A3A29
100
AcDbEntity
  8
0
100
AcDbBlockEnd
  0
BLOCK
  5
1A3A2D
330
1A3A2C
100
AcDbEntity
  8
0
100
AcDbBlockBegin
  2
_D_4
 70
     0
 10
0.0
 20
0.0
 30
0.0
  3
_D_4
  1

  0
MTEXT
  5
1A3A2E
330
1A3A2C
100
AcDbEntity
  8
0
  6
Continuous
 62
     7
440
 16777216
370
    18
100
AcDbMText
 10
129.275164908
 20
122.9544471274
 30
0.0
 40
2.1166666667
 41
0.0
 46
0.0
 71
     1
 72
     1
  1
R55
  7
SLDTEXTSTYLE1
 11
0.1200371555881594
 21
0.9927693998498867
 31
0.0
 73
     1
 44
1.0
  0
MTEXT
  5
1A3A2F
330
1A3A2C
100
AcDbEntity
  8
0
  6
Continuous
 62
     7
440
 16777216
370
    18
100
AcDbMText
 10
129.9515316747
 20
128.5483503299
 30
0.0
 40
2.1166666667
 41
0.0
 46
0.0
 71
     1
 72
     1
  1
±0,50
  7
SLDTEXTSTYLE1
 11
0.1200371555881594
 21
0.9927693998498867
 31
0.0
 73
     1
 44
1.0
  0
ENDBLK
  5
1A3A30
330
1A3A2C
100
AcDbEntity
  8
0
100
AcDbBlockEnd
  0
BLOCK
  5
1A3A32
330
1A3A31
100
AcDbEntity
  8
0
100
AcDbBlockBegin
  2
_D_5
 70
     0
 10
0.0
 20
0.0
 30
0.0
  3
_D_5
  1

  0
SOLID
  5
1A3A33
330
1A3A31
100
AcDbEntity
  8
0
  6
Continuous
 62
     7
440
 16777216
370
    18
100
AcDbTrace
 10
120.2239467456
 20
151.1045242092
 30
0.0
 11
118.7239467456
 21
151.3545242092
 31
0.0
 12
118.7239467456
 22
150.8545242092
 32
0.0
 13
118.7239467456
 23
150.8545242092
 33
0.0
  0
SOLID
  5
1A3A34
330
1A3A31
100
AcDbEntity
  8
0
  6
Continuous
 62
     7
440
 16777216
370
    18
100
AcDbTrace
 10
122.2239467456
 20
151.1045242092
 30
0.0
 11
123.7239467456
 21
150.8545242092
 31
0.0
 12
123.7239467456
 22
151.3545242092
 32
0.0
 13
123.7239467456
 23
151.3545242092
 33
0.0
  0
LINE
  5
1A3A35
330
1A3A31
100
AcDbEntity
  8
0
  6
Continuous
 62
     7
440
 16777216
370
    18
100
AcDbLine
 10
120.2239467456
 20
141.7833277325
 30
0.0
 11
120.2239467456
 21
152.1045242092
 31
0.0
  0
LINE
  5
1A3A36
330
1A3A31
100
AcDbEntity
  8
0
  6
Continuous
 62
     7
440
 16777216
370
    18
100
AcDbLine
 10
122.2239467456
 20
141.7333277325
 30
0.0
 11
122.2239467456
 21
152.1045242092
 31
0.0
  0
LINE
  5
1A3A37
330
1A3A31
100
AcDbEntity
  8
0
  6
Continuous
 62
     7
440
 16777216
370
    18
100
AcDbLine
 10
120.2239467456
 20
151.1045242092
 30
0.0
 11
110.5019006174
 21
151.1045242092
 31
0.0
  0
LINE
  5
1A3A38
330
1A3A31
100
AcDbEntity
  8
0
  6
Continuous
 62
     7
440
 16777216
370
    18
100
AcDbLine
 10
120.2239467456
 20
151.1045242092
 30
0.0
 11
122.2239467456
 21
151.1045242092
 31
0.0
  0
LINE
  5
1A3A39
330
1A3A31
100
AcDbEntity
  8
0
  6
Continuous
 62
     7
440
 16777216
370
    18
100
AcDbLine
 10
122.2239467456
 20
151.1045242092
 30
0.0
 11
125.2239467456
 21
151.1045242092
 31
0.0
  0
MTEXT
  5
1A3A3A
330
1A3A31
100
AcDbEntity
  8
0
  6
Continuous
 62
     7
440
 16777216
370
    18
100
AcDbMText
 10
110.5019006174
 20
153.8330508087
 30
0.0
 40
2.1166666667
 41
0.0
 46
0.0
 71
     1
 72
     1
  1
2
  7
SLDTEXTSTYLE1
 73
     1
 44
1.0
  0
MTEXT
  5
1A3A3B
330
1A3A31
100
AcDbEntity
  8
0
  6
Continuous
 62
     7
440
 16777216
370
    18
100
AcDbMText
 10
112.8596321421
 20
153.8330508087
 30
0.0
 40
2.1166666667
 41
0.0
 46
0.0
 71
     1
 72
     1
  1
±0,2
  7
SLDTEXTSTYLE1
 73
     1
 44
1.0
  0
ENDBLK
  5
1A3A3C
330
1A3A31
100
AcDbEntity
  8
0
100
AcDbBlockEnd
  0
BLOCK
  5
1A3A3E
330
1A3A3D
100
AcDbEntity
  8
0
100
AcDbBlockBegin
  2
_D_6
 70
     0
 10
0.0
 20
0.0
 30
0.0
  3
_D_6
  1

  0
SOLID
  5
1A3A3F
330
1A3A3D
100
AcDbEntity
  8
0
  6
Continuous
 62
     7
440
 16777216
370
    18
100
AcDbTrace
 10
120.4988049625
 20
141.6487915454
 30
0.0
 11
119.4179071483
 21
142.7184456554
 31
0.0
 12
119.1294192106
 22
142.3100650611
 32
0.0
 13
119.1294192106
 23
142.3100650611
 33
0.0
  0
LINE
  5
1A3A40
330
1A3A3D
100
AcDbEntity
  8
0
  6
Continuous
 62
     7
440
 16777216
370
    18
100
AcDbLine
 10
120.4988049625
 20
141.6487915454
 30
0.0
 11
111.5933909599
 21
147.9397479591
 31
0.0
  0
LINE
  5
1A3A41
330
1A3A3D
100
AcDbEntity
  8
0
  6
Continuous
 62
     7
440
 16777216
370
    18
100
AcDbLine
 10
120.4988049625
 20
141.6487915454
 30
0.0
 11
121.7239467456
 21
140.7833277325
 31
0.0
  0
MTEXT
  5
1A3A42
330
1A3A3D
100
AcDbEntity
  8
0
  6
Continuous
 62
     7
440
 16777216
370
    18
100
AcDbMText
 10
113.1510531911
 20
150.1447587925
 30
0.0
 40
2.1166666667
 41
0.0
 46
0.0
 71
     1
 72
     1
  1
R1,50
  7
SLDTEXTSTYLE1
 11
0.8167611887061971
 21
-0.5769758752523714
 31
0.0
 73
     1
 44
1.0
  0
ENDBLK
  5
1A3A43
330
1A3A3D
100
AcDbEntity
  8
0
100
AcDbBlockEnd
  0
BLOCK
  5
1A3A45
330
1A3A44
100
AcDbEntity
  8
0
100
AcDbBlockBegin
  2
_D_7
 70
     0
 10
0.0
 20
0.0
 30
0.0
  3
_D_7
  1

  0
SOLID
  5
1A3A46
330
1A3A44
100
AcDbEntity
  8
0
  6
Continuous
 62
     7
440
 16777216
370
    18
100
AcDbTrace
 10
121.3357181779
 20
133.134438993
 30
0.0
 11
120.7060081537
 21
131.7502550149
 31
0.0
 12
121.1889710668
 22
131.6208454923
 32
0.0
 13
121.1889710668
 23
131.6208454923
 33
0.0
  0
LINE
  5
1A3A47
330
1A3A44
100
AcDbEntity
  8
0
  6
Continuous
 62
     7
440
 16777216
370
    18
100
AcDbLine
 10
121.3357181779
 20
133.134438993
 30
0.0
 11
118.6342764829
 21
123.0525213335
 31
0.0
  0
LINE
  5
1A3A48
330
1A3A44
100
AcDbEntity
  8
0
  6
Continuous
 62
     7
440
 16777216
370
    18
100
AcDbLine
 10
121.3357181779
 20
133.134438993
 30
0.0
 11
121.7239467456
 21
134.5833277325
 31
0.0
  0
MTEXT
  5
1A3A49
330
1A3A44
100
AcDbEntity
  8
0
  6
Continuous
 62
     7
440
 16777216
370
    18
100
AcDbMText
 10
116.0295571556
 20
123.7504537738
 30
0.0
 40
2.1166666667
 41
0.0
 46
0.0
 71
     1
 72
     1
  1
R1,50
  7
SLDTEXTSTYLE1
 11
0.2588190451025095
 21
0.9659258262890714
 31
0.0
 73
     1
 44
1.0
  0
ENDBLK
  5
1A3A4A
330
1A3A44
100
AcDbEntity
  8
0
100
AcDbBlockEnd
  0
BLOCK
  5
1A3A4C
330
1A3A4B
100
AcDbEntity
  8
0
100
AcDbBlockBegin
  2
_D_8
 70
     0
 10
0.0
 20
0.0
 30
0.0
  3
_D_8
  1

  0
SOLID
  5
1A3A4D
330
1A3A4B
100
AcDbEntity
  8
0
  6
Continuous
 62
     7
440
 16777216
370
    18
100
AcDbTrace
 10
107.1874592136
 20
142.2833277325
 30
0.0
 11
107.4374592136
 21
143.7833277325
 31
0.0
 12
106.9374592136
 22
143.7833277325
 32
0.0
 13
106.9374592136
 23
143.7833277325
 33
0.0
  0
SOLID
  5
1A3A4E
330
1A3A4B
100
AcDbEntity
  8
0
  6
Continuous
 62
     7
440
 16777216
370
    18
100
AcDbTrace
 10
107.1874592136
 20
140.9333277325
 30
0.0
 11
106.9374592136
 21
139.4333277325
 31
0.0
 12
107.4374592136
 22
139.4333277325
 32
0.0
 13
107.4374592136
 23
139.4333277325
 33
0.0
  0
LINE
  5
1A3A4F
330
1A3A4B
100
AcDbEntity
  8
0
  6
Continuous
 62
     7
440
 16777216
370
    18
100
AcDbLine
 10
120.7239467456
 20
142.2833277325
 30
0.0
 11
106.1874592136
 21
142.2833277325
 31
0.0
  0
LINE
  5
1A3A50
330
1A3A4B
100
AcDbEntity
  8
0
  6
Continuous
 62
     7
440
 16777216
370
    18
100
AcDbLine
 10
121.4239467456
 20
140.9333277325
 30
0.0
 11
106.1874592136
 21
140.9333277325
 31
0.0
  0
LINE
  5
1A3A51
330
1A3A4B
100
AcDbEntity
  8
0
  6
Continuous
 62
     7
440
 16777216
370
    18
100
AcDbLine
 10
107.1874592136
 20
142.2833277325
 30
0.0
 11
107.1874592136
 21
152.5917953317
 31
0.0
  0
LINE
  5
1A3A52
330
1A3A4B
100
AcDbEntity
  8
0
  6
Continuous
 62
     7
440
 16777216
370
    18
100
AcDbLine
 10
107.1874592136
 20
142.2833277325
 30
0.0
 11
107.1874592136
 21
140.9333277325
 31
0.0
  0
LINE
  5
1A3A53
330
1A3A4B
100
AcDbEntity
  8
0
  6
Continuous
 62
     7
440
 16777216
370
    18
100
AcDbLine
 10
107.1874592136
 20
140.9333277325
 30
0.0
 11
107.1874592136
 21
137.9333277325
 31
0.0
  0
MTEXT
  5
1A3A54
330
1A3A4B
100
AcDbEntity
  8
0
  6
Continuous
 62
     7
440
 16777216
370
    18
100
AcDbMText
 10
104.4589326141
 20
139.3195117329
 30
0.0
 40
2.1166666667
 41
0.0
 46
0.0
 71
     1
 72
     1
  1
1,35
  7
SLDTEXTSTYLE1
 11
-0.000000000000007
 21
1.0
 31
0.0
 73
     1
 44
1.0
  0
MTEXT
  5
1A3A55
330
1A3A4B
100
AcDbEntity
  8
0
  6
Continuous
 62
     7
440
 16777216
370
    18
100
AcDbMText
 10
104.4589326141
 20
145.5852372755
 30
0.0
 40
2.1166666667
 41
0.0
 46
0.0
 71
     1
 72
     1
  1
±0,20
  7
SLDTEXTSTYLE1
 11
-0.000000000000007
 21
1.0
 31
0.0
 73
     1
 44
1.0
  0
ENDBLK
  5
1A3A56
330
1A3A4B
100
AcDbEntity
  8
0
100
AcDbBlockEnd
  0
BLOCK
  5
1A3A58
330
1A3A57
100
AcDbEntity
  8
0
100
AcDbBlockBegin
  2
_D_9
 70
     0
 10
0.0
 20
0.0
 30
0.0
  3
_D_9
  1

  0
SOLID
  5
1A3A59
330
1A3A57
100
AcDbEntity
  8
0
  6
Continuous
 62
     7
440
 16777216
370
    18
100
AcDbTrace
 10
99.18956459100002
 20
142.2833277325
 30
0.0
 11
98.93956459100001
 21
140.7833277325
 31
0.0
 12
99.439564591
 22
140.7833277325
 32
0.0
 13
99.439564591
 23
140.7833277325
 33
0.0
  0
SOLID
  5
1A3A5A
330
1A3A57
100
AcDbEntity
  8
0
  6
Continuous
 62
     7
440
 16777216
370
    18
100
AcDbTrace
 10
99.18956459100002
 20
133.0833277325
 30
0.0
 11
99.439564591
 21
134.5833277325
 31
0.0
 12
98.93956459100001
 22
134.5833277325
 32
0.0
 13
98.93956459100001
 23
134.5833277325
 33
0.0
  0
LINE
  5
1A3A5B
330
1A3A57
100
AcDbEntity
  8
0
  6
Continuous
 62
     7
440
 16777216
370
    18
100
AcDbLine
 10
120.7239467456
 20
142.2833277325
 30
0.0
 11
98.189564591
 21
142.2833277325
 31
0.0
  0
LINE
  5
1A3A5C
330
1A3A57
100
AcDbEntity
  8
0
  6
Continuous
 62
     7
440
 16777216
370
    18
100
AcDbLine
 10
120.7239467456
 20
133.0833277325
 30
0.0
 11
98.189564591
 21
133.0833277325
 31
0.0
  0
LINE
  5
1A3A5D
330
1A3A57
100
AcDbEntity
  8
0
  6
Continuous
 62
     7
440
 16777216
370
    18
100
AcDbLine
 10
99.18956459100002
 20
142.2833277325
 30
0.0
 11
99.18956459100002
 21
153.247003566
 31
0.0
  0
LINE
  5
1A3A5E
330
1A3A57
100
AcDbEntity
  8
0
  6
Continuous
 62
     7
440
 16777216
370
    18
100
AcDbLine
 10
99.18956459100002
 20
142.2833277325
 30
0.0
 11
99.18956459100002
 21
133.0833277325
 31
0.0
  0
MTEXT
  5
1A3A5F
330
1A3A57
100
AcDbEntity
  8
0
  6
Continuous
 62
     7
440
 16777216
370
    18
100
AcDbMText
 10
96.46103799149999
 20
139.9747199672
 30
0.0
 40
2.1166666667
 41
0.0
 46
0.0
 71
     1
 72
     1
  1
9,20
  7
SLDTEXTSTYLE1
 11
-0.000000000000007
 21
1.0
 31
0.0
 73
     1
 44
1.0
  0
MTEXT
  5
1A3A60
330
1A3A57
100
AcDbEntity
  8
0
  6
Continuous
 62
     7
440
 16777216
370
    18
100
AcDbMText
 10
96.46103799149999
 20
146.2404455098
 30
0.0
 40
2.1166666667
 41
0.0
 46
0.0
 71
     1
 72
     1
  1
±0,30
  7
SLDTEXTSTYLE1
 11
-0.000000000000007
 21
1.0
 31
0.0
 73
     1
 44
1.0
  0
ENDBLK
  5
1A3A61
330
1A3A57
100
AcDbEntity
  8
0
100
AcDbBlockEnd
  0
BLOCK
  5
1A3A63
330
1A3A62
100
AcDbEntity
  8
0
100
AcDbBlockBegin
  2
SW_NOTE_3
 70
     0
 10
0.0
 20
0.0
 30
0.0
  3
SW_NOTE_3
  1

  0
MTEXT
  5
1A3A64
330
1A3A62
100
AcDbEntity
  8
KATMAN1
 62
     0
100
AcDbMText
 10
-32.1825991747
 20
1.748925966899999
 30
0.0
 40
3.5
 41
0.0
 46
0.0
 71
     1
 72
     1
  1
görünür yüzey
  7
SLDTEXTSTYLE1
 73
     1
 44
1.0
  0
ENDBLK
  5
1A3A65
330
1A3A62
100
AcDbEntity
  8
0
100
AcDbBlockEnd
  0
BLOCK
  5
1A3EBC
330
1A3EBB
100
AcDbEntity
  8
0
100
AcDbBlockBegin
  2
_D_10
 70
     0
 10
0.0
 20
0.0
 30
0.0
  3
_D_10
  1

  0
LINE
  5
1A3EBD
330
1A3EBB
100
AcDbEntity
  8
SLD-0
440
 16777216
100
AcDbLine
 10
118.7093217318
 20
146.1872794523
 30
0.0
 11
118.7093217318
 21
149.1945077492
 31
0.0
  0
LINE
  5
1A3EBE
330
1A3EBB
100
AcDbEntity
  8
SLD-0
440
 16777216
100
AcDbLine
 10
128.7093217318
 20
146.1872794523
 30
0.0
 11
128.7093217318
 21
149.1945077492
 31
0.0
  0
LINE
  5
1A3EBF
330
1A3EBB
100
AcDbEntity
  8
SLD-0
440
 16777216
100
AcDbLine
 10
121.2093217318
 20
147.9445077492
 30
0.0
 11
126.2093217318
 21
147.9445077492
 31
0.0
  0
MTEXT
  5
1A3EC0
330
1A3EBB
100
AcDbEntity
  8
SLD-0
440
 16777216
100
AcDbMText
 10
122.4089526675
 20
151.3371410692
 30
0.0
 40
2.5
 41
0.0
 46
0.0
 71
     1
 72
     1
  1
2
  7
SLDTEXTSTYLE1
 73
     1
 44
1.0
  0
SOLID
  5
1A3EC1
330
1A3EBB
100
AcDbEntity
  8
SLD-0
440
 16777216
100
AcDbTrace
 10
121.2093217318
 20
148.3611744158
 30
0.0
 11
121.2093217318
 21
147.5278410825
 31
0.0
 12
118.7093217318
 22
147.9445077492
 32
0.0
 13
118.7093217318
 23
147.9445077492
 33
0.0
  0
SOLID
  5
1A3EC2
330
1A3EBB
100
AcDbEntity
  8
SLD-0
440
 16777216
100
AcDbTrace
 10
126.2093217318
 20
148.3611744158
 30
0.0
 11
126.2093217318
 21
147.5278410825
 31
0.0
 12
128.7093217318
 22
147.9445077492
 32
0.0
 13
128.7093217318
 23
147.9445077492
 33
0.0
  0
ENDBLK
  5
1A3EC3
330
1A3EBB
100
AcDbEntity
  8
0
100
AcDbBlockEnd
  0
BLOCK
  5
1A3EC5
330
1A3EC4
100
AcDbEntity
  8
0
100
AcDbBlockBegin
  2
_D_11
 70
     0
 10
0.0
 20
0.0
 30
0.0
  3
_D_11
  1

  0
LINE
  5
1A3EC6
330
1A3EC4
100
AcDbEntity
  8
SLD-0
440
 16777216
100
AcDbLine
 10
104.8041111701
 20
123.0541044729
 30
0.0
 11
97.8606763584
 21
126.8570407235
 31
0.0
  0
MTEXT
  5
1A3EC7
330
1A3EC4
100
AcDbEntity
  8
SLD-0
440
 16777216
100
AcDbMText
 10
101.7806430242
 20
128.5782297468
 30
0.0
 40
2.5
 41
0.0
 46
0.0
 71
     1
 72
     1
  1
R4
  7
SLDTEXTSTYLE1
 11
0.8770654499083775
 21
-0.4803708948063108
 31
0.0
 73
     1
 44
1.0
  0
SOLID
  5
1A3EC8
330
1A3EC4
100
AcDbEntity
  8
SLD-0
440
 16777216
100
AcDbTrace
 10
98.0608308979
 20
127.2224846609
 30
0.0
 11
97.6605218189
 21
126.491596786
 31
0.0
 12
95.66801273360001
 22
128.0579679604999
 32
0.0
 13
95.66801273360001
 23
128.0579679604999
 33
0.0
  0
ENDBLK
  5
1A3EC9
330
1A3EC4
100
AcDbEntity
  8
0
100
AcDbBlockEnd
  0
BLOCK
  5
1A3ECB
330
1A3ECA
100
AcDbEntity
  8
0
100
AcDbBlockBegin
  2
_D_12
 70
     0
 10
0.0
 20
0.0
 30
0.0
  3
_D_12
  1

  0
LINE
  5
1A3ECC
330
1A3ECA
100
AcDbEntity
  8
SLD-0
440
 16777216
100
AcDbLine
 10
113.2214459605
 20
176.5480803366999
 30
0.0
 11
117.8390721524
 21
171.1767546658
 31
0.0
  0
MTEXT
  5
1A3ECD
330
1A3ECA
100
AcDbEntity
  8
SLD-0
440
 16777216
100
AcDbMText
 10
115.8767745715
 20
178.6635651215
 30
0.0
 40
2.5
 41
0.0
 46
0.0
 71
     1
 72
     1
  1
R1
  7
SLDTEXTSTYLE1
 11
0.6519001682707854
 21
-0.7583048005970437
 31
0.0
 73
     1
 44
1.0
  0
SOLID
  5
1A3ECE
330
1A3ECA
100
AcDbEntity
  8
SLD-0
440
 16777216
100
AcDbTrace
 10
118.155032486
 20
171.448379736
 30
0.0
 11
117.5231118189
 21
170.9051295957
 31
0.0
 12
119.4688225731
 22
169.2809926644
 32
0.0
 13
119.4688225731
 23
169.2809926644
 33
0.0
  0
ENDBLK
  5
1A3ECF
330
1A3ECA
100
AcDbEntity
  8
0
100
AcDbBlockEnd
  0
BLOCK
  5
1A3ED1
330
1A3ED0
100
AcDbEntity
  8
0
100
AcDbBlockBegin
  2
_D_13
 70
     0
 10
0.0
 20
0.0
 30
0.0
  3
_D_13
  1

  0
LINE
  5
1A3ED2
330
1A3ED0
100
AcDbEntity
  8
SLD-0
440
 16777216
100
AcDbLine
 10
105.0877428509
 20
177.2844542816
 30
0.0
 11
102.2945604664
 21
170.7750961505
 31
0.0
  0
MTEXT
  5
1A3ED3
330
1A3ED0
100
AcDbEntity
  8
SLD-0
440
 16777216
100
AcDbMText
 10
100.2126792435
 20
174.5268891862
 30
0.0
 40
2.5
 41
0.0
 46
0.0
 71
     1
 72
     1
  1
R1
  7
SLDTEXTSTYLE1
 11
0.3943316307493301
 21
0.918968206735453
 31
0.0
 73
     1
 44
1.0
  0
SOLID
  5
1A3ED4
330
1A3ED0
100
AcDbEntity
  8
SLD-0
440
 16777216
100
AcDbTrace
 10
101.9116570469
 20
170.9394009967
 30
0.0
 11
102.6774638859
 21
170.6107913044
 31
0.0
 12
101.3087313895
 22
168.4776756337
 32
0.0
 13
101.3087313895
 23
168.4776756337
 33
0.0
  0
ENDBLK
  5
1A3ED5
330
1A3ED0
100
AcDbEntity
  8
0
100
AcDbBlockEnd
  0
BLOCK
  5
1A3ED7
330
1A3ED6
100
AcDbEntity
  8
0
100
AcDbBlockBegin
  2
_D_14
 70
     0
 10
0.0
 20
0.0
 30
0.0
  3
_D_14
  1

  0
LINE
  5
1A3ED8
330
1A3ED6
100
AcDbEntity
  8
SLD-0
440
 16777216
100
AcDbLine
 10
113.0110985234
 20
199.2894825898
 30
0.0
 11
117.9538071181
 21
204.3632625278
 31
0.0
  0
MTEXT
  5
1A3ED9
330
1A3ED6
100
AcDbEntity
  8
SLD-0
440
 16777216
100
AcDbMText
 10
110.6694599637
 20
201.7476881878
 30
0.0
 40
2.5
 41
0.0
 46
0.0
 71
     1
 72
     1
  1
R1
  7
SLDTEXTSTYLE1
 11
0.6977941545428176
 21
0.7162983441875839
 31
0.0
 73
     1
 44
1.0
  0
SOLID
  5
1A3EDA
330
1A3ED6
100
AcDbEntity
  8
SLD-0
440
 16777216
100
AcDbTrace
 10
117.6553494747
 20
204.6540100922
 30
0.0
 11
118.2522647615
 21
204.0725149634
 31
0.0
 12
119.6982925045
 22
206.1540083883
 32
0.0
 13
119.6982925045
 23
206.1540083883
 33
0.0
  0
ENDBLK
  5
1A3EDB
330
1A3ED6
100
AcDbEntity
  8
0
100
AcDbBlockEnd
  0
BLOCK
  5
1A3EDD
330
1A3EDC
100
AcDbEntity
  8
0
100
AcDbBlockBegin
  2
_D_15
 70
     0
 10
0.0
 20
0.0
 30
0.0
  3
_D_15
  1

  0
LINE
  5
1A3EDE
330
1A3EDC
100
AcDbEntity
  8
SLD-0
440
 16777216
100
AcDbLine
 10
105.4224638262
 20
198.6969051079999
 30
0.0
 11
98.91124422570001
 21
201.4857454448
 31
0.0
  0
MTEXT
  5
1A3EDF
330
1A3EDC
100
AcDbEntity
  8
SLD-0
440
 16777216
100
AcDbMText
 10
102.6616479131
 20
203.5701284687
 30
0.0
 40
2.5
 41
0.0
 46
0.0
 71
     1
 72
     1
  1
R1
  7
SLDTEXTSTYLE1
 11
0.9192310024317402
 21
-0.3937186357899994
 31
0.0
 73
     1
 44
1.0
  0
SOLID
  5
1A3EE0
330
1A3EDC
100
AcDbEntity
  8
SLD-0
440
 16777216
100
AcDbTrace
 10
99.07529365729999
 20
201.8687583625
 30
0.0
 11
98.7471947941
 21
201.1027325271
 31
0.0
 12
96.61316671959999
 22
202.4700420343
 32
0.0
 13
96.61316671959999
 23
202.4700420343
 33
0.0
  0
ENDBLK
  5
1A3EE1
330
1A3EDC
100
AcDbEntity
  8
0
100
AcDbBlockEnd
  0
BLOCK
  5
1A3EE3
330
1A3EE2
100
AcDbEntity
  8
0
100
AcDbBlockBegin
  2
_D_16
 70
     0
 10
0.0
 20
0.0
 30
0.0
  3
_D_16
  1

  0
LINE
  5
1A3EE4
330
1A3EE2
100
AcDbEntity
  8
SLD-0
440
 16777216
100
AcDbLine
 10
96.20932173180001
 20
187.1975166670999
 30
0.0
 11
96.20932173180001
 21
185.1966139589
 31
0.0
  0
LINE
  5
1A3EE5
330
1A3EE2
100
AcDbEntity
  8
SLD-0
440
 16777216
100
AcDbLine
 10
87.2093217315
 20
187.1975166670999
 30
0.0
 11
87.2093217315
 21
185.1966139589
 31
0.0
  0
LINE
  5
1A3EE6
330
1A3EE2
100
AcDbEntity
  8
SLD-0
440
 16777216
100
AcDbLine
 10
93.70932173179999
 20
186.4466139589
 30
0.0
 11
89.7093217315
 21
186.4466139589
 31
0.0
  0
MTEXT
  5
1A3EE7
330
1A3EE2
100
AcDbEntity
  8
SLD-0
440
 16777216
100
AcDbMText
 10
88.89612893899998
 20
190.0475806122
 30
0.0
 40
2.5
 41
0.0
 46
0.0
 71
     1
 72
     1
  1
1,8
  7
SLDTEXTSTYLE1
 73
     1
 44
1.0
  0
SOLID
  5
1A3EE8
330
1A3EE2
100
AcDbEntity
  8
SLD-0
440
 16777216
100
AcDbTrace
 10
93.70932173179999
 20
186.8632806256
 30
0.0
 11
93.70932173179999
 21
186.0299472922
 31
0.0
 12
96.20932173180001
 22
186.4466139589
 32
0.0
 13
96.20932173180001
 23
186.4466139589
 33
0.0
  0
SOLID
  5
1A3EE9
330
1A3EE2
100
AcDbEntity
  8
SLD-0
440
 16777216
100
AcDbTrace
 10
89.7093217315
 20
186.8632806256
 30
0.0
 11
89.7093217315
 21
186.0299472922
 31
0.0
 12
87.2093217315
 22
186.4466139589
 32
0.0
 13
87.2093217315
 23
186.4466139589
 33
0.0
  0
ENDBLK
  5
1A3EEA
330
1A3EE2
100
AcDbEntity
  8
0
100
AcDbBlockEnd
  0
BLOCK
  5
1A3EEC
330
1A3EEB
100
AcDbEntity
  8
0
100
AcDbBlockBegin
  2
_D_17
 70
     0
 10
0.0
 20
0.0
 30
0.0
  3
_D_17
  1

  0
LINE
  5
1A3EED
330
1A3EEB
100
AcDbEntity
  8
SLD-0
440
 16777216
100
AcDbLine
 10
87.2093217315
 20
208.9475166673
 30
0.0
 11
87.2093217315
 21
224.0959544014
 31
0.0
  0
LINE
  5
1A3EEE
330
1A3EEB
100
AcDbEntity
  8
SLD-0
440
 16777216
100
AcDbLine
 10
97.2093217315
 20
218.9475166673
 30
0.0
 11
97.2093217315
 21
224.0959544014
 31
0.0
  0
LINE
  5
1A3EEF
330
1A3EEB
100
AcDbEntity
  8
SLD-0
440
 16777216
100
AcDbLine
 10
89.7093217315
 20
222.8459544014
 30
0.0
 11
94.7093217315
 21
222.8459544014
 31
0.0
  0
MTEXT
  5
1A3EF0
330
1A3EEB
100
AcDbEntity
  8
SLD-0
440
 16777216
100
AcDbMText
 10
90.9089526672
 20
226.2385877214
 30
0.0
 40
2.5
 41
0.0
 46
0.0
 71
     1
 72
     1
  1
2
  7
SLDTEXTSTYLE1
 73
     1
 44
1.0
  0
SOLID
  5
1A3EF1
330
1A3EEB
100
AcDbEntity
  8
SLD-0
440
 16777216
100
AcDbTrace
 10
89.7093217315
 20
223.2626210681
 30
0.0
 11
89.7093217315
 21
222.4292877347
 31
0.0
 12
87.2093217315
 22
222.8459544014
 32
0.0
 13
87.2093217315
 23
222.8459544014
 33
0.0
  0
SOLID
  5
1A3EF2
330
1A3EEB
100
AcDbEntity
  8
SLD-0
440
 16777216
100
AcDbTrace
 10
94.7093217315
 20
223.2626210681
 30
0.0
 11
94.7093217315
 21
222.4292877347
 31
0.0
 12
97.2093217315
 22
222.8459544014
 32
0.0
 13
97.2093217315
 23
222.8459544014
 33
0.0
  0
ENDBLK
  5
1A3EF3
330
1A3EEB
100
AcDbEntity
  8
0
100
AcDbBlockEnd
  0
BLOCK
  5
1A3EF5
330
1A3EF4
100
AcDbEntity
  8
0
100
AcDbBlockBegin
  2
_D_18
 70
     0
 10
0.0
 20
0.0
 30
0.0
  3
_D_18
  1

  0
LINE
  5
1A3EF6
330
1A3EF4
100
AcDbEntity
  8
SLD-0
440
 16777216
100
AcDbLine
 10
96.5843217315
 20
218.3225166673
 30
0.0
 11
77.22183039729999
 21
218.3225166673
 31
0.0
  0
LINE
  5
1A3EF7
330
1A3EF4
100
AcDbEntity
  8
SLD-0
440
 16777216
100
AcDbLine
 10
86.5843217315
 20
208.3225166673
 30
0.0
 11
77.22183039729999
 21
208.3225166673
 31
0.0
  0
LINE
  5
1A3EF8
330
1A3EF4
100
AcDbEntity
  8
SLD-0
440
 16777216
100
AcDbLine
 10
78.47183039729999
 20
215.8225166673
 30
0.0
 11
78.47183039729999
 21
210.8225166673
 31
0.0
  0
MTEXT
  5
1A3EF9
330
1A3EF4
100
AcDbEntity
  8
SLD-0
440
 16777216
100
AcDbMText
 10
75.0791970773
 20
212.022147603
 30
0.0
 40
2.5
 41
0.0
 46
0.0
 71
     1
 72
     1
  1
2
  7
SLDTEXTSTYLE1
 11
0.0000000000000001
 21
1.0
 31
0.0
 73
     1
 44
1.0
  0
SOLID
  5
1A3EFA
330
1A3EF4
100
AcDbEntity
  8
SLD-0
440
 16777216
100
AcDbTrace
 10
78.0551637307
 20
215.8225166673
 30
0.0
 11
78.88849706399999
 21
215.8225166673
 31
0.0
 12
78.47183039729999
 22
218.3225166673
 32
0.0
 13
78.47183039729999
 23
218.3225166673
 33
0.0
  0
SOLID
  5
1A3EFB
330
1A3EF4
100
AcDbEntity
  8
SLD-0
440
 16777216
100
AcDbTrace
 10
78.0551637307
 20
210.8225166673
 30
0.0
 11
78.88849706399999
 21
210.8225166673
 31
0.0
 12
78.47183039729999
 22
208.3225166673
 32
0.0
 13
78.47183039729999
 23
208.3225166673
 33
0.0
  0
ENDBLK
  5
1A3EFC
330
1A3EF4
100
AcDbEntity
  8
0
100
AcDbBlockEnd
  0
BLOCK
  5
1A4F3B
330
1A4F37
100
AcDbEntity
  8
0
370
    35
100
AcDbBlockBegin
  2
A$C164d7da7
 70
     0
 10
0.0
 20
0.0
 30
0.0
  3
A$C164d7da7
  1

  0
LWPOLYLINE
  5
1A4F38
330
1A4F37
100
AcDbEntity
  8
0
  6
Continuous
 62
     7
370
    25
100
AcDbPolyline
 90
       21
 70
     1
 43
0.0
 10
10.51715680355096
 20
1.000000000000113
 42
0.198912367379658
 10
10.65857815985089
 20
1.05857864380016
 10
11.0414208722882
 20
1.441421356262821
 42
0.198912367379658
 10
11.09999951605096
 20
1.582842712500109
 10
11.09999951605084
 20
8.700000000000159
 42
-0.4142135623730951
 10
11.39999951605091
 20
9.000000000000113
 10
13.49999951605093
 20
9.000000000000113
 42
-0.4142135623730951
 10
13.79999951605089
 20
8.700000000000159
 10
13.799999516051
 20
0.5828427136506207
 42
-0.1989123653552604
 10
13.74142087415089
 20
0.4414213581002287
 10
13.35857815978818
 20
0.0585786437628713
 42
-0.198912367379658
 10
13.21715680355089
 20
0.0000000000001137
 10
1.999999516050934
 20
0.0000000000001137
 10
0.2984995347509311
 20
0.0085074999001336
 42
-0.4127498655678036
 10
-0.0000004839490657
 20
0.3085037500001135
 10
-0.0000004839490657
 20
2.200000000000159
 42
-0.4142135623730951
 10
0.2999995160508888
 20
2.500000000000227
 10
1.199999516050979
 20
2.500000000000113
 42
-0.4142135623730951
 10
1.499999516051047
 20
2.200000000000159
 10
1.499999516050934
 20
1.200000000000159
 42
0.4142135623725956
 10
1.699999516050638
 20
1.000000000000113
  0
ENDBLK
  5
1A4F3C
330
1A4F37
100
AcDbEntity
  8
0
370
    35
100
AcDbBlockEnd
  0
BLOCK
  5
1A5C9E
330
1A5C9A
100
AcDbEntity
  8
0
370
    35
100
AcDbBlockBegin
  2
A$C54346970
 70
     0
 10
0.0
 20
0.0
 30
0.0
  3
A$C54346970
  1

  0
LWPOLYLINE
  5
1A5C9B
330
1A5C9A
100
AcDbEntity
  8
SLD-0
 62
     0
100
AcDbPolyline
 90
       36
 70
     1
 43
0.0
 10
141.4854467137818
 20
45.13954380771878
 42
-0.0624356008589736
 10
143.1282552660325
 20
42.64683848903104
 42
0.5890054676921506
 10
153.6111585966807
 20
42.14111792519037
 42
0.0086898231241702
 10
154.4457631134571
 20
43.54287301277162
 42
0.0022215899757036
 10
154.7333535596947
 20
44.05078969446839
 42
1.086787548979485
 10
155.4492019061597
 20
45.36305795939092
 42
0.0033898792760803
 10
155.8614431962321
 20
46.15253426130578
 42
1.004003439753269
 10
156.5314269096327
 20
47.49457968001223
 42
0.0201654357404179
 10
158.6486946676266
 20
52.34893092844021
 42
0.0372902500848889
 10
162.2214577125417
 20
64.04717960927377
 42
0.4807948436377437
 10
159.2949926315325
 20
67.70733272002707
 10
105.4342950299331
 20
67.70733272002729
 42
0.4807948436565156
 10
102.5078299489039
 20
64.04717960936062
 42
0.0372902500862142
 10
106.0805929944647
 20
52.34893092848091
 42
0.0371901621649267
 10
110.2835245483027
 20
43.54287301276821
 42
0.0086899507758556
 10
111.118141681298
 20
42.14109754990516
 42
0.5890056663533185
 10
121.6010463187529
 20
42.64682664057994
 42
-0.0620838447830707
 10
123.2329304815873
 20
45.12674247382273
 42
-0.2194440569593717
 10
125.5136864284875
 20
46.18032187179841
 10
126.3940195415327
 20
46.18093929022728
 42
-0.2681371264298212
 10
127.6941096665093
 20
45.4309396592277
 10
128.7938247425325
 20
43.52617727362729
 42
-0.3355094005152185
 10
128.4925341284709
 20
41.1052647413025
 42
0.1952333201689738
 10
126.9646048933652
 20
37.34133088102743
 10
125.7646474805331
 20
37.34133088102743
 42
0.267953972755153
 10
129.0647494484171
 20
31.62550435099678
 10
129.6647275439334
 20
32.66469830572754
 42
0.267949192814146
 10
135.0647701289178
 20
32.66481535105862
 10
135.6647492974246
 20
31.62562200597103
 42
0.2679444189523969
 10
138.9646474724325
 20
37.34133088102743
 10
137.7646900556772
 20
37.34133088102743
 42
0.1952014651481664
 10
136.2372227846033
 20
41.10478944401387
 42
-0.3354752610972176
 10
135.9359257694329
 20
43.52696633962767
 10
137.0400216677555
 20
45.43931653222779
 42
-0.2677612763699863
 10
138.3380077559325
 20
46.1893161632276
 10
139.2032151650926
 20
46.18992297251174
 42
-0.2194440568683435
  0
ENDBLK
  5
1A5C9F
330
1A5C9A
100
AcDbEntity
  8
0
370
    35
100
AcDbBlockEnd
  0
BLOCK
  5
1A62FE
330
1A62FD
100
AcDbEntity
  8
0
100
AcDbBlockBegin
  2
SW_NOTE_4
 70
     0
 10
0.0
 20
0.0
 30
0.0
  3
SW_NOTE_4
  1

  0
MTEXT
  5
1A62FF
330
1A62FD
100
AcDbEntity
  8
KATMAN1
 62
     0
100
AcDbMText
 10
-32.1663649916
 20
1.7426308537
 30
0.0
 40
3.5
 41
0.0
 46
0.0
 71
     1
 72
     1
  1
görünür yüzey
  7
SLDTEXTSTYLE0
 73
     1
 44
1.0
  0
ENDBLK
  5
1A6300
330
1A62FD
100
AcDbEntity
  8
0
100
AcDbBlockEnd
  0
BLOCK
  5
1A6302
330
1A6301
100
AcDbEntity
  8
0
100
AcDbBlockBegin
  2
SW_CENTERMARKSYMBOL_0
 70
     0
 10
0.0
 20
0.0
 30
0.0
  3
SW_CENTERMARKSYMBOL_0
  1

  0
LINE
  5
1A6303
330
1A6301
100
AcDbEntity
  8
0
  6
Continuous
 62
     0
370
     0
100
AcDbLine
 10
0.0
 20
0.0
 30
0.0
 11
0.0
 21
2.5
 31
0.0
  0
LINE
  5
1A6304
330
1A6301
100
AcDbEntity
  8
0
  6
Continuous
 62
     0
370
     0
100
AcDbLine
 10
0.0
 20
0.0
 30
0.0
 11
-2.5
 21
0.0
 31
0.0
  0
LINE
  5
1A6305
330
1A6301
100
AcDbEntity
  8
0
  6
Continuous
 62
     0
370
     0
100
AcDbLine
 10
0.0
 20
0.0
 30
0.0
 11
0.0
 21
-2.5
 31
0.0
  0
LINE
  5
1A6306
330
1A6301
100
AcDbEntity
  8
0
  6
Continuous
 62
     0
370
     0
100
AcDbLine
 10
0.0
 20
0.0
 30
0.0
 11
2.5
 21
0.0
 31
0.0
  0
LINE
  5
1A6307
330
1A6301
100
AcDbEntity
  8
0
  6
Continuous
 62
     0
370
     0
100
AcDbLine
 10
0.0
 20
5.0
 30
0.0
 11
0.0
 21
15.0
 31
0.0
  0
LINE
  5
1A6308
330
1A6301
100
AcDbEntity
  8
0
  6
Continuous
 62
     0
370
     0
100
AcDbLine
 10
-5.0
 20
0.0
 30
0.0
 11
-15.0
 21
0.0
 31
0.0
  0
LINE
  5
1A6309
330
1A6301
100
AcDbEntity
  8
0
  6
Continuous
 62
     0
370
     0
100
AcDbLine
 10
0.0
 20
-5.0
 30
0.0
 11
0.0
 21
-15.0
 31
0.0
  0
LINE
  5
1A630A
330
1A6301
100
AcDbEntity
  8
0
  6
Continuous
 62
     0
370
     0
100
AcDbLine
 10
5.0
 20
0.0
 30
0.0
 11
15.0
 21
0.0
 31
0.0
  0
ENDBLK
  5
1A630B
330
1A6301
100
AcDbEntity
  8
0
100
AcDbBlockEnd
  0
BLOCK
  5
1A65C0
330
1A65BF
100
AcDbEntity
  8
0
100
AcDbBlockBegin
  2
_D_19
 70
     0
 10
0.0
 20
0.0
 30
0.0
  3
_D_19
  1

  0
SOLID
  5
1A65C1
330
1A65BF
100
AcDbEntity
  8
0
  6
Continuous
 62
     7
440
 16777216
370
    18
100
AcDbTrace
 10
114.4780678691
 20
143.074823202
 30
0.0
 11
115.9916613698
 21
143.2215703131
 31
0.0
 12
115.8622518472
 22
143.7045332262
 32
0.0
 13
115.8622518472
 23
143.7045332262
 33
0.0
  0
LINE
  5
1A65C2
330
1A65BF
100
AcDbEntity
  8
0
  6
Continuous
 62
     7
440
 16777216
370
     0
100
AcDbLine
 10
114.4780678691
 20
143.074823202
 30
0.0
 11
133.0872267739
 21
148.0611323023
 31
0.0
  0
LINE
  5
1A65C3
330
1A65BF
100
AcDbEntity
  8
0
  6
Continuous
 62
     7
440
 16777216
370
     0
100
AcDbLine
 10
114.4780678691
 20
143.074823202
 30
0.0
 11
104.0460689451
 21
140.2795775149
 31
0.0
  0
MTEXT
  5
1A65C4
330
1A65BF
100
AcDbEntity
  8
0
  6
Continuous
 62
     7
440
 16777216
370
    18
100
AcDbMText
 10
123.9311796781
 20
148.4288540328
 30
0.0
 40
2.1166666667
 41
0.0
 46
0.0
 71
     1
 72
     1
  1
R10,80
  7
SLDTEXTSTYLE0
 11
0.9659258262890693
 21
0.2588190451025171
 31
0.0
 73
     1
 44
1.0
  0
ENDBLK
  5
1A65C5
330
1A65BF
100
AcDbEntity
  8
0
100
AcDbBlockEnd
  0
BLOCK
  5
1A65C7
330
1A65C6
100
AcDbEntity
  8
0
100
AcDbBlockBegin
  2
_D_21
 70
     0
 10
0.0
 20
0.0
 30
0.0
  3
_D_21
  1

  0
MTEXT
  5
1A65C8
330
1A65C6
100
AcDbEntity
  8
0
  6
Continuous
 62
     7
440
 16777216
370
    18
100
AcDbMText
 10
117.9197944483
 20
138.4079176821
 30
0.0
 40
2.1166666667
 41
0.0
 46
0.0
 71
     1
 72
     1
  1
R27,50
  7
SLDTEXTSTYLE0
 11
0.9735102259640985
 21
0.228643477806234
 31
0.0
 73
     1
 44
1.0
  0
ENDBLK
  5
1A65C9
330
1A65C6
100
AcDbEntity
  8
0
100
AcDbBlockEnd
  0
BLOCK
  5
1A65CB
330
1A65CA
100
AcDbEntity
  8
0
100
AcDbBlockBegin
  2
_D_22
 70
     0
 10
0.0
 20
0.0
 30
0.0
  3
_D_22
  1

  0
SOLID
  5
1A65CC
330
1A65CA
100
AcDbEntity
  8
0
  6
Continuous
 62
     7
440
 16777216
370
    18
100
AcDbTrace
 10
117.1192893952
 20
129.8797407387
 30
0.0
 11
118.5034733734
 21
129.2500307145
 31
0.0
 12
118.6328828959
 22
129.7329936276
 32
0.0
 13
118.6328828959
 23
129.7329936276
 33
0.0
  0
LINE
  5
1A65CD
330
1A65CA
100
AcDbEntity
  8
0
  6
Continuous
 62
     7
440
 16777216
370
     0
100
AcDbLine
 10
117.1192893952
 20
129.8797407387
 30
0.0
 11
125.3213344791
 21
127.6820093822
 31
0.0
  0
LINE
  5
1A65CE
330
1A65CA
100
AcDbEntity
  8
0
  6
Continuous
 62
     7
440
 16777216
370
     0
100
AcDbLine
 10
117.1192893952
 20
129.8797407387
 30
0.0
 11
116.1533635689
 21
130.1385597838
 31
0.0
  0
MTEXT
  5
1A65CF
330
1A65CA
100
AcDbEntity
  8
0
  6
Continuous
 62
     7
440
 16777216
370
    18
100
AcDbMText
 10
122.8530190331
 20
131.1311528661
 30
0.0
 40
2.1166666667
 41
0.0
 46
0.0
 71
     1
 72
     1
  1
R1
  7
SLDTEXTSTYLE0
 11
0.965925826289069
 21
-0.258819045102519
 31
0.0
 73
     1
 44
1.0
  0
ENDBLK
  5
1A65D0
330
1A65CA
100
AcDbEntity
  8
0
100
AcDbBlockEnd
  0
BLOCK
  5
1A65D2
330
1A65D1
100
AcDbEntity
  8
0
100
AcDbBlockBegin
  2
_D_26
 70
     0
 10
0.0
 20
0.0
 30
0.0
  3
_D_26
  1

  0
SOLID
  5
1A65D3
330
1A65D1
100
AcDbEntity
  8
0
  6
Continuous
 62
     7
440
 16777216
370
    18
100
AcDbTrace
 10
120.5955322302
 20
123.2239169739
 30
0.0
 11
121.3437862612
 21
121.9000529684
 31
0.0
 12
121.7327013964
 22
122.2142901679
 32
0.0
 13
121.7327013964
 23
122.2142901679
 33
0.0
  0
LINE
  5
1A65D4
330
1A65D1
100
AcDbEntity
  8
0
  6
Continuous
 62
     7
440
 16777216
370
     0
100
AcDbLine
 10
120.5955322302
 20
123.2239169739
 30
0.0
 11
124.5096250728
 21
118.3796466281
 31
0.0
  0
LINE
  5
1A65D5
330
1A65D1
100
AcDbEntity
  8
0
  6
Continuous
 62
     7
440
 16777216
370
     0
100
AcDbLine
 10
120.5955322302
 20
123.2239169739
 30
0.0
 11
119.338583432
 21
124.7795775149
 31
0.0
  0
MTEXT
  5
1A65D6
330
1A65D1
100
AcDbEntity
  8
0
  6
Continuous
 62
     7
440
 16777216
370
    18
100
AcDbMText
 10
124.5341289806
 20
122.6123357677
 30
0.0
 40
2.1166666667
 41
0.0
 46
0.0
 71
     1
 72
     1
  1
R2
  7
SLDTEXTSTYLE0
 11
0.6284743990823646
 21
-0.7778302704948303
 31
0.0
 73
     1
 44
1.0
  0
ENDBLK
  5
1A65D7
330
1A65D1
100
AcDbEntity
  8
0
100
AcDbBlockEnd
  0
BLOCK
  5
1A65D9
330
1A65D8
100
AcDbEntity
  8
0
100
AcDbBlockBegin
  2
_D_29
 70
     0
 10
0.0
 20
0.0
 30
0.0
  3
_D_29
  1

  0
SOLID
  5
1A65DA
330
1A65D8
100
AcDbEntity
  8
0
  6
Continuous
 62
     7
440
 16777216
370
    18
100
AcDbTrace
 10
105.3385834319
 20
112.7795775147
 30
0.0
 11
103.8385834319
 21
113.0295775147
 31
0.0
 12
103.8385834319
 22
112.5295775147
 32
0.0
 13
103.8385834319
 23
112.5295775147
 33
0.0
  0
SOLID
  5
1A65DB
330
1A65D8
100
AcDbEntity
  8
0
  6
Continuous
 62
     7
440
 16777216
370
    18
100
AcDbTrace
 10
107.7385834319
 20
112.7795775147
 30
0.0
 11
109.2385834319
 21
112.5295775147
 31
0.0
 12
109.2385834319
 22
113.0295775147
 32
0.0
 13
109.2385834319
 23
113.0295775147
 33
0.0
  0
LINE
  5
1A65DC
330
1A65D8
100
AcDbEntity
  8
0
  6
Continuous
 62
     7
440
 16777216
370
     0
100
AcDbLine
 10
105.3385834319
 20
122.9795775147
 30
0.0
 11
105.3385834319
 21
111.7795775147
 31
0.0
  0
LINE
  5
1A65DD
330
1A65D8
100
AcDbEntity
  8
0
  6
Continuous
 62
     7
440
 16777216
370
     0
100
AcDbLine
 10
107.7385834319
 20
122.9795775147
 30
0.0
 11
107.7385834319
 21
111.7795775147
 31
0.0
  0
LINE
  5
1A65DE
330
1A65D8
100
AcDbEntity
  8
0
  6
Continuous
 62
     7
440
 16777216
370
     0
100
AcDbLine
 10
105.3385834319
 20
112.7795775147
 30
0.0
 11
98.41161379350001
 21
112.7795775147
 31
0.0
  0
LINE
  5
1A65DF
330
1A65D8
100
AcDbEntity
  8
0
  6
Continuous
 62
     7
440
 16777216
370
     0
100
AcDbLine
 10
105.3385834319
 20
112.7795775147
 30
0.0
 11
107.7385834319
 21
112.7795775147
 31
0.0
  0
LINE
  5
1A65E0
330
1A65D8
100
AcDbEntity
  8
0
  6
Continuous
 62
     7
440
 16777216
370
     0
100
AcDbLine
 10
107.7385834319
 20
112.7795775147
 30
0.0
 11
110.7385834319
 21
112.7795775147
 31
0.0
  0
MTEXT
  5
1A65E1
330
1A65D8
100
AcDbEntity
  8
0
  6
Continuous
 62
     7
440
 16777216
370
    18
100
AcDbMText
 10
98.41161379350001
 20
115.5081041142
 30
0.0
 40
2.1166666667
 41
0.0
 46
0.0
 71
     1
 72
     1
  1
2,40
  7
SLDTEXTSTYLE0
 73
     1
 44
1.0
  0
ENDBLK
  5
1A65E2
330
1A65D8
100
AcDbEntity
  8
0
100
AcDbBlockEnd
  0
BLOCK
  5
1A65E4
330
1A65E3
100
AcDbEntity
  8
0
100
AcDbBlockBegin
  2
_D_30
 70
     0
 10
0.0
 20
0.0
 30
0.0
  3
_D_30
  1

  0
SOLID
  5
1A65E5
330
1A65E3
100
AcDbEntity
  8
0
  6
Continuous
 62
     7
440
 16777216
370
    18
100
AcDbTrace
 10
97.6882416255
 20
126.6262880982
 30
0.0
 11
96.8017124056
 21
127.8618308706
 31
0.0
 12
96.4489163292
 22
127.5075217846
 32
0.0
 13
96.4489163292
 23
127.5075217846
 33
0.0
  0
LINE
  5
1A65E6
330
1A65E3
100
AcDbEntity
  8
0
  6
Continuous
 62
     7
440
 16777216
370
     0
100
AcDbLine
 10
97.6882416255
 20
126.6262880982
 30
0.0
 11
88.188169554
 21
136.085791919
 31
0.0
  0
LINE
  5
1A65E7
330
1A65E3
100
AcDbEntity
  8
0
  6
Continuous
 62
     7
440
 16777216
370
     0
100
AcDbLine
 10
97.6882416255
 20
126.6262880982
 30
0.0
 11
98.53858343190001
 21
125.7795775147
 31
0.0
  0
MTEXT
  5
1A65E8
330
1A65E3
100
AcDbEntity
  8
0
  6
Continuous
 62
     7
440
 16777216
370
    18
100
AcDbMText
 10
90.1001027981
 20
138.005924725
 30
0.0
 40
2.1166666667
 41
0.0
 46
0.0
 71
     1
 72
     1
  1
R1,20
  7
SLDTEXTSTYLE0
 11
0.7086181720359678
 21
-0.7055921529186699
 31
0.0
 73
     1
 44
1.0
  0
ENDBLK
  5
1A65E9
330
1A65E3
100
AcDbEntity
  8
0
100
AcDbBlockEnd
  0
BLOCK
  5
1A65EB
330
1A65EA
100
AcDbEntity
  8
0
100
AcDbBlockBegin
  2
_D_31
 70
     0
 10
0.0
 20
0.0
 30
0.0
  3
_D_31
  1

  0
SOLID
  5
1A65EC
330
1A65EA
100
AcDbEntity
  8
0
  6
Continuous
 62
     7
440
 16777216
370
    18
100
AcDbTrace
 10
104.5437163273
 20
125.7795775147
 30
0.0
 11
104.7937163273
 21
127.2795775147
 31
0.0
 12
104.2937163273
 22
127.2795775147
 32
0.0
 13
104.2937163273
 23
127.2795775147
 33
0.0
  0
SOLID
  5
1A65ED
330
1A65EA
100
AcDbEntity
  8
0
  6
Continuous
 62
     7
440
 16777216
370
    18
100
AcDbTrace
 10
104.5437163273
 20
124.5795775147
 30
0.0
 11
104.2937163273
 21
123.0795775147
 31
0.0
 12
104.7937163273
 22
123.0795775147
 32
0.0
 13
104.7937163273
 23
123.0795775147
 33
0.0
  0
LINE
  5
1A65EE
330
1A65EA
100
AcDbEntity
  8
0
  6
Continuous
 62
     7
440
 16777216
370
     0
100
AcDbLine
 10
104.5437163273
 20
125.7795775147
 30
0.0
 11
104.5437163273
 21
128.7795775146999
 31
0.0
  0
LINE
  5
1A65EF
330
1A65EA
100
AcDbEntity
  8
0
  6
Continuous
 62
     7
440
 16777216
370
     0
100
AcDbLine
 10
104.5437163273
 20
125.7795775147
 30
0.0
 11
104.5437163273
 21
124.5795775147
 31
0.0
  0
LINE
  5
1A65F0
330
1A65EA
100
AcDbEntity
  8
0
  6
Continuous
 62
     7
440
 16777216
370
     0
100
AcDbLine
 10
104.5437163273
 20
124.5795775147
 30
0.0
 11
104.5437163273
 21
115.0785204123
 31
0.0
  0
MTEXT
  5
1A65F1
330
1A65EA
100
AcDbEntity
  8
0
  6
Continuous
 62
     7
440
 16777216
370
    18
100
AcDbMText
 10
101.8151897279
 20
115.0785204123
 30
0.0
 40
2.1166666667
 41
0.0
 46
0.0
 71
     1
 72
     1
  1
1,20
  7
SLDTEXTSTYLE0
 11
-0.000000000000007
 21
1.0
 31
0.0
 73
     1
 44
1.0
  0
ENDBLK
  5
1A65F2
330
1A65EA
100
AcDbEntity
  8
0
100
AcDbBlockEnd
  0
BLOCK
  5
1A65F4
330
1A65F3
100
AcDbEntity
  8
0
100
AcDbBlockBegin
  2
_D_32
 70
     0
 10
0.0
 20
0.0
 30
0.0
  3
_D_32
  1

  0
SOLID
  5
1A65F5
330
1A65F3
100
AcDbEntity
  8
0
  6
Continuous
 62
     7
440
 16777216
370
    18
100
AcDbTrace
 10
79.6058932091
 20
145.4795775147
 30
0.0
 11
79.35589320910001
 21
143.9795775147
 31
0.0
 12
79.8558932091
 22
143.9795775147
 32
0.0
 13
79.8558932091
 23
143.9795775147
 33
0.0
  0
SOLID
  5
1A65F6
330
1A65F3
100
AcDbEntity
  8
0
  6
Continuous
 62
     7
440
 16777216
370
    18
100
AcDbTrace
 10
79.6058932091
 20
125.7795775147
 30
0.0
 11
79.8558932091
 21
127.2795775147
 31
0.0
 12
79.35589320910001
 22
127.2795775147
 32
0.0
 13
79.35589320910001
 23
127.2795775147
 33
0.0
  0
LINE
  5
1A65F7
330
1A65F3
100
AcDbEntity
  8
0
  6
Continuous
 62
     7
440
 16777216
370
     0
100
AcDbLine
 10
99.48858343190002
 20
145.4795775147
 30
0.0
 11
78.6058932091
 21
145.4795775147
 31
0.0
  0
LINE
  5
1A65F8
330
1A65F3
100
AcDbEntity
  8
0
  6
Continuous
 62
     7
440
 16777216
370
     0
100
AcDbLine
 10
98.73858343190001
 20
125.7795775147
 30
0.0
 11
78.6058932091
 21
125.7795775147
 31
0.0
  0
LINE
  5
1A65F9
330
1A65F3
100
AcDbEntity
  8
0
  6
Continuous
 62
     7
440
 16777216
370
     0
100
AcDbLine
 10
79.6058932091
 20
145.4795775147
 30
0.0
 11
79.6058932091
 21
125.7795775147
 31
0.0
  0
MTEXT
  5
1A65FA
330
1A65F3
100
AcDbEntity
  8
0
  6
Continuous
 62
     7
440
 16777216
370
    18
100
AcDbMText
 10
76.8773666097
 20
132.2569373366
 30
0.0
 40
2.1166666667
 41
0.0
 46
0.0
 71
     1
 72
     1
  1
19,70
  7
SLDTEXTSTYLE0
 11
-0.000000000000007
 21
1.0
 31
0.0
 73
     1
 44
1.0
  0
ENDBLK
  5
1A65FB
330
1A65F3
100
AcDbEntity
  8
0
100
AcDbBlockEnd
  0
BLOCK
  5
1A7142
330
1A7141
100
AcDbEntity
  8
0
100
AcDbBlockBegin
  2
SW_NOTE_0_1
 70
     0
 10
0.0
 20
0.0
 30
0.0
  3
SW_NOTE_0_1
  1

  0
MTEXT
  5
1A7143
330
1A7141
100
AcDbEntity
  8
0
  6
Continuous
 62
     0
370
     0
100
AcDbMText
 10
0.0
 20
2.1282508384
 30
0.0
 40
1.650999999999999
 41
0.0
 46
0.0
 71
     1
 72
     1
  1
DIMENSIONS ARE IN INCHES
  7
SLDTEXTSTYLE0
 73
     1
 44
1.0
  0
MTEXT
  5
1A7144
330
1A7141
100
AcDbEntity
  8
0
  6
Continuous
 62
     0
370
     0
100
AcDbMText
 10
0.0
 20
-0.5227490914000001
 30
0.0
 40
1.650999999999999
 41
0.0
 46
0.0
 71
     1
 72
     1
  1
TOLERANCES:
  7
SLDTEXTSTYLE0
 73
     1
 44
1.0
  0
MTEXT
  5
1A7145
330
1A7141
100
AcDbEntity
  8
0
  6
Continuous
 62
     0
370
     0
100
AcDbMText
 10
0.0
 20
-3.1737490211
 30
0.0
 40
1.650999999999999
 41
0.0
 46
0.0
 71
     1
 72
     1
  1
FRACTIONAL
  7
SLDTEXTSTYLE0
 73
     1
 44
1.0
  0
MTEXT
  5
1A7146
330
1A7141
100
AcDbEntity
  8
0
  6
Continuous
 62
     0
370
     0
100
AcDbMText
 10
13.1466602907
 20
-3.1737490211
 30
0.0
 40
1.650999999999999
 41
0.0
 46
0.0
 71
     1
 72
     1
  1
%%p
  7
SLDTEXTSTYLE0
 73
     1
 44
1.0
  0
MTEXT
  5
1A7147
330
1A7141
100
AcDbEntity
  8
0
  6
Continuous
 62
     0
370
     0
100
AcDbMText
 10
0.0
 20
-5.8247489509
 30
0.0
 40
1.650999999999999
 41
0.0
 46
0.0
 71
     1
 72
     1
  1
ANGULAR: MACH
  7
SLDTEXTSTYLE0
 73
     1
 44
1.0
  0
MTEXT
  5
1A7148
330
1A7141
100
AcDbEntity
  8
0
  6
Continuous
 62
     0
370
     0
100
AcDbMText
 10
18.3736812323
 20
-5.8247489509
 30
0.0
 40
1.650999999999999
 41
0.0
 46
0.0
 71
     1
 72
     1
  1
%%p
  7
SLDTEXTSTYLE0
 73
     1
 44
1.0
  0
MTEXT
  5
1A7149
330
1A7141
100
AcDbEntity
  8
0
  6
Continuous
 62
     0
370
     0
100
AcDbMText
 10
23.04188351510001
 20
-5.8247489509
 30
0.0
 40
1.650999999999999
 41
0.0
 46
0.0
 71
     1
 72
     1
  1
BEND
  7
SLDTEXTSTYLE0
 73
     1
 44
1.0
  0
MTEXT
  5
1A714A
330
1A7141
100
AcDbEntity
  8
0
  6
Continuous
 62
     0
370
     0
100
AcDbMText
 10
29.1551686823
 20
-5.8247489509
 30
0.0
 40
1.650999999999999
 41
0.0
 46
0.0
 71
     1
 72
     1
  1
%%p
  7
SLDTEXTSTYLE0
 73
     1
 44
1.0
  0
MTEXT
  5
1A714B
330
1A7141
100
AcDbEntity
  8
0
  6
Continuous
 62
     0
370
     0
100
AcDbMText
 10
0.0
 20
-8.475748880700001
 30
0.0
 40
1.650999999999999
 41
0.0
 46
0.0
 71
     1
 72
     1
  1
TWO PLACE DECIMAL
  7
SLDTEXTSTYLE0
 73
     1
 44
1.0
  0
MTEXT
  5
1A714C
330
1A7141
100
AcDbEntity
  8
0
  6
Continuous
 62
     0
370
     0
100
AcDbMText
 10
24.877646938
 20
-8.475748880700001
 30
0.0
 40
1.650999999999999
 41
0.0
 46
0.0
 71
     1
 72
     1
  1
%%p
  7
SLDTEXTSTYLE0
 73
     1
 44
1.0
  0
MTEXT
  5
1A714D
330
1A7141
100
AcDbEntity
  8
0
  6
Continuous
 62
     0
370
     0
100
AcDbMText
 10
0.0
 20
-11.1267488104
 30
0.0
 40
1.650999999999999
 41
0.0
 46
0.0
 71
     1
 72
     1
  1
THREE PLACE DECIMAL
  7
SLDTEXTSTYLE0
 73
     1
 44
1.0
  0
MTEXT
  5
1A714E
330
1A7141
100
AcDbEntity
  8
0
  6
Continuous
 62
     0
370
     0
100
AcDbMText
 10
24.7346162796
 20
-11.1267488104
 30
0.0
 40
1.650999999999999
 41
0.0
 46
0.0
 71
     1
 72
     1
  1
%%p
  7
SLDTEXTSTYLE0
 73
     1
 44
1.0
  0
ENDBLK
  5
1A714F
330
1A7141
100
AcDbEntity
  8
0
100
AcDbBlockEnd
  0
BLOCK
  5
1A7151
330
1A7150
100
AcDbEntity
  8
0
100
AcDbBlockBegin
  2
SW_NOTE_0_2
 70
     0
 10
0.0
 20
0.0
 30
0.0
  3
SW_NOTE_0_2
  1

  0
MTEXT
  5
1A7152
330
1A7150
100
AcDbEntity
  8
0
  6
Continuous
 62
     0
370
     0
100
AcDbMText
 10
0.0
 20
1.9645392354
 30
0.0
 40
1.524
 41
0.0
 46
0.0
 71
     1
 72
     1
  1
THE INFORMATION CONTAINED IN THIS
  7
SLDTEXTSTYLE0
 73
     1
 44
1.0
  0
MTEXT
  5
1A7153
330
1A7150
100
AcDbEntity
  8
0
  6
Continuous
 62
     0
370
     0
100
AcDbMText
 10
0.0
 20
-0.5594606586000001
 30
0.0
 40
1.524
 41
0.0
 46
0.0
 71
     1
 72
     1
  1
DRAWING IS THE SOLE PROPERTY OF
  7
SLDTEXTSTYLE0
 73
     1
 44
1.0
  0
MTEXT
  5
1A7154
330
1A7150
100
AcDbEntity
  8
0
  6
Continuous
 62
     0
370
     0
100
AcDbMText
 10
0.0
 20
-3.083460552699999
 30
0.0
 40
1.524
 41
0.0
 46
0.0
 71
     1
 72
     1
  1
<INSERT COMPANY NAME HERE>.  ANY
  7
SLDTEXTSTYLE0
 73
     1
 44
1.0
  0
MTEXT
  5
1A7155
330
1A7150
100
AcDbEntity
  8
0
  6
Continuous
 62
     0
370
     0
100
AcDbMText
 10
0.0
 20
-5.607460446699999
 30
0.0
 40
1.524
 41
0.0
 46
0.0
 71
     1
 72
     1
  1
REPRODUCTION IN PART OR AS A WHOLE
  7
SLDTEXTSTYLE0
 73
     1
 44
1.0
  0
MTEXT
  5
1A7156
330
1A7150
100
AcDbEntity
  8
0
  6
Continuous
 62
     0
370
     0
100
AcDbMText
 10
0.0
 20
-8.1314603407
 30
0.0
 40
1.524
 41
0.0
 46
0.0
 71
     1
 72
     1
  1
WITHOUT THE WRITTEN PERMISSION OF
  7
SLDTEXTSTYLE0
 73
     1
 44
1.0
  0
MTEXT
  5
1A7157
330
1A7150
100
AcDbEntity
  8
0
  6
Continuous
 62
     0
370
     0
100
AcDbMText
 10
0.0
 20
-10.6554602348
 30
0.0
 40
1.524
 41
0.0
 46
0.0
 71
     1
 72
     1
  1
<INSERT COMPANY NAME HERE> IS
  7
SLDTEXTSTYLE0
 73
     1
 44
1.0
  0
MTEXT
  5
1A7158
330
1A7150
100
AcDbEntity
  8
0
  6
Continuous
 62
     0
370
     0
100
AcDbMText
 10
0.0
 20
-13.1794601288
 30
0.0
 40
1.524
 41
0.0
 46
0.0
 71
     1
 72
     1
  1
PROHIBITED.
  7
SLDTEXTSTYLE0
 73
     1
 44
1.0
  0
ENDBLK
  5
1A7159
330
1A7150
100
AcDbEntity
  8
0
100
AcDbBlockEnd
  0
BLOCK
  5
1A73F9
330
1A73D3
100
AcDbEntity
  8
0
 62
     1
370
    -2
100
AcDbBlockBegin
  2
A$C7C642BA4
 70
     0
 10
0.0
 20
0.0
 30
0.0
  3
A$C7C642BA4
  1

  0
HATCH
  5
1A73D4
330
1A73D3
100
AcDbEntity
  8
0
100
AcDbHatch
 10
0.0
 20
0.0
 30
0.0
210
0.0
220
0.0
230
1.0
  2
SOLID
 70
     1
 71
     1
 91
        2
 92
        7
 72
     1
 73
     1
 93
       17
 10
18.15959214856627
 20
75.44692497096775
 42
0.0
 10
23.05959214847303
 20
75.44692497096775
 42
1.27632823526607
 10
22.66189291639182
 20
76.64692497096769
 42
0.0
 10
18.15959214856627
 20
76.64692497096769
 42
0.0
 10
18.15959214856627
 20
81.04692497096772
 42
0.0
 10
22.66189291639182
 20
81.04692497096772
 42
1.384903844783143
 10
22.95759134885918
 20
82.24692497096771
 42
0.0
 10
14.74959214856631
 20
82.24692497096771
 42
0.2487351190824597
 10
10.61065814038545
 20
80.05213891569917
 42
0.1296793007347211
 10
2.159140697048997
 20
55.98609042858675
 42
0.4377862857916092
 10
5.149592148566284
 20
52.74692497096771
 42
0.0
 10
16.95959214856628
 20
52.74692497096771
 42
0.4142135623730951
 10
18.15959214856627
 20
53.9469249709677
 42
0.0
 10
18.15959214856627
 20
54.54692497096772
 42
0.0
 10
24.95959214856629
 20
54.54692497096772
 42
2.414213562373094
 10
23.7595921485663
 20
55.74692497096771
 42
0.0
 10
18.15959214856627
 20
55.74692497096771
 42
0.0
 97
       17
330
1A73E1
330
1A73E0
330
1A73DF
330
1A73DE
330
1A73DD
330
1A73DC
330
1A73DB
330
1A73EB
330
1A73EA
330
1A73E9
330
1A73E8
330
1A73E7
330
1A73E6
330
1A73E5
330
1A73E4
330
1A73E3
330
1A73E2
 92
       22
 72
     1
 73
     1
 93
        6
 10
11.60400230233574
 20
79.37888756897251
 42
-0.2487351190830474
 10
14.74959214856631
 20
81.04692497096772
 42
0.0
 10
16.95959214856628
 20
81.04692497096772
 42
0.0
 10
16.95959214856628
 20
53.9469249709677
 42
0.0
 10
5.149592148566284
 20
53.9469249709677
 42
-0.4377862857863767
 10
3.355321277684993
 20
55.89042424553679
 42
-0.1296793007347107
 97
        6
330
1A73D9
330
1A73D8
330
1A73D7
330
1A73D6
330
1A73D5
330
1A73DA
 75
     1
 76
     1
 47
0.165408882246738
 98
        2
 10
3.683510995518645
 20
63.71472728339535
 10
3.683510995518645
 20
63.71472728339535
450
        0
451
        0
460
0.0
461
0.0
452
        0
462
0.0
453
        2
463
0.0
 63
     5
421
      255
463
1.0
 63
     2
421
 16776960
470
LINEAR
1001
GradientColor1ACI
1070
     5
1001
GradientColor2ACI
1070
     2
1001
ACAD
1010
0.0
1020
0.0
1030
0.0
  0
ARC
  5
1A73D5
102
{ACAD_REACTORS
330
1A73D4
102
}
330
1A73D3
100
AcDbEntity
  8
0
  6
Continuous
 62
     7
370
    25
100
AcDbCircle
 10
5.149592148566284
 20
55.74692497096771
 30
0.0
 40
1.800000000000025
100
AcDbArc
 50
175.4274239203989
 51
270.0
  0
LINE
  5
1A73D6
102
{ACAD_REACTORS
330
1A73D4
102
}
330
1A73D3
100
AcDbEntity
  8
0
  6
Continuous
 62
     7
370
    25
100
AcDbLine
 10
5.149592148566284
 20
53.9469249709677
 30
0.0
 11
16.95959214856628
 21
53.9469249709677
 31
0.0
  0
LINE
  5
1A73D7
102
{ACAD_REACTORS
330
1A73D4
102
}
330
1A73D3
100
AcDbEntity
  8
0
  6
Continuous
 62
     7
370
    25
100
AcDbLine
 10
16.95959214856628
 20
53.9469249709677
 30
0.0
 11
16.95959214856628
 21
81.04692497096772
 31
0.0
  0
LINE
  5
1A73D8
102
{ACAD_REACTORS
330
1A73D4
102
}
330
1A73D3
100
AcDbEntity
  8
0
  6
Continuous
 62
     7
370
    25
100
AcDbLine
 10
16.95959214856628
 20
81.04692497096772
 30
0.0
 11
14.74959214856631
 21
81.04692497096772
 31
0.0
  0
ARC
  5
1A73D9
102
{ACAD_REACTORS
330
1A73D4
102
}
330
1A73D3
100
AcDbEntity
  8
0
  6
Continuous
 62
     7
370
    25
100
AcDbCircle
 10
14.74959214856631
 20
77.24692497096771
 30
0.0
 40
3.800000000000011
100
AcDbArc
 50
90.0
 51
145.8720557373991
  0
ARC
  5
1A73DA
102
{ACAD_REACTORS
330
1A73D4
102
}
330
1A73D3
100
AcDbEntity
  8
0
  6
Continuous
 62
     7
370
    25
100
AcDbCircle
 10
51.99999822236629
 20
51.99999946826773
 30
0.0
 40
48.79999999999999
100
AcDbArc
 50
145.8720557373991
 51
175.4274239203989
  0
LINE
  5
1A73DB
102
{ACAD_REACTORS
330
1A73D4
102
}
330
1A73D3
100
AcDbEntity
  8
0
  6
Continuous
 62
     7
370
    25
100
AcDbLine
 10
23.05959214856631
 20
82.24692497096771
 30
0.0
 11
14.74959214856631
 21
82.24692497096771
 31
0.0
  0
ARC
  5
1A73DC
102
{ACAD_REACTORS
330
1A73D4
102
}
330
1A73D3
100
AcDbEntity
  8
0
  6
Continuous
 62
     7
370
    25
100
AcDbCircle
 10
23.00859174866628
 20
81.59792537116771
 30
0.0
 40
0.6510004004000466
100
AcDbArc
 50
237.8211984415977
 51
85.50675394460052
  0
LINE
  5
1A73DD
102
{ACAD_REACTORS
330
1A73D4
102
}
330
1A73D3
100
AcDbEntity
  8
0
  6
Continuous
 62
     7
370
    25
100
AcDbLine
 10
18.15959214856627
 20
81.04692497096772
 30
0.0
 11
22.6618929163663
 21
81.04692497096772
 31
0.0
  0
LINE
  5
1A73DE
102
{ACAD_REACTORS
330
1A73D4
102
}
330
1A73D3
100
AcDbEntity
  8
0
  6
Continuous
 62
     7
370
    25
100
AcDbLine
 10
18.15959214856627
 20
76.64692497096769
 30
0.0
 11
18.15959214856627
 21
81.04692497096772
 31
0.0
  0
LINE
  5
1A73DF
102
{ACAD_REACTORS
330
1A73D4
102
}
330
1A73D3
100
AcDbEntity
  8
0
  6
Continuous
 62
     7
370
    25
100
AcDbLine
 10
22.6618929163663
 20
76.64692497096769
 30
0.0
 11
18.15959214856627
 21
76.64692497096769
 31
0.0
  0
ARC
  5
1A73E0
102
{ACAD_REACTORS
330
1A73D4
102
}
330
1A73D3
100
AcDbEntity
  8
0
  6
Continuous
 62
     7
370
    25
100
AcDbCircle
 10
23.00859174866628
 20
76.09592457076769
 30
0.0
 40
0.6510004004000445
100
AcDbArc
 50
274.4932460553995
 51
122.1788015584023
  0
LINE
  5
1A73E1
102
{ACAD_REACTORS
330
1A73D4
102
}
330
1A73D3
100
AcDbEntity
  8
0
  6
Continuous
 62
     7
370
    25
100
AcDbLine
 10
18.15959214856627
 20
75.44692497096775
 30
0.0
 11
23.05959214856631
 21
75.44692497096775
 31
0.0
  0
LINE
  5
1A73E2
102
{ACAD_REACTORS
330
1A73D4
102
}
330
1A73D3
100
AcDbEntity
  8
0
  6
Continuous
 62
     7
370
    25
100
AcDbLine
 10
18.15959214856627
 20
55.74692497096771
 30
0.0
 11
18.15959214856627
 21
75.44692497096775
 31
0.0
  0
LINE
  5
1A73E3
102
{ACAD_REACTORS
330
1A73D4
102
}
330
1A73D3
100
AcDbEntity
  8
0
  6
Continuous
 62
     7
370
    25
100
AcDbLine
 10
23.7595921485663
 20
55.74692497096771
 30
0.0
 11
18.15959214856627
 21
55.74692497096771
 31
0.0
  0
ARC
  5
1A73E4
102
{ACAD_REACTORS
330
1A73D4
102
}
330
1A73D3
100
AcDbEntity
  8
0
  6
Continuous
 62
     7
370
    25
100
AcDbCircle
 10
24.95959214856629
 20
55.74692497096771
 30
0.0
 40
1.199999999999989
100
AcDbArc
 50
270.0
 51
180.0
  0
LINE
  5
1A73E5
102
{ACAD_REACTORS
330
1A73D4
102
}
330
1A73D3
100
AcDbEntity
  8
0
  6
Continuous
 62
     7
370
    25
100
AcDbLine
 10
18.15959214856627
 20
54.54692497096772
 30
0.0
 11
24.95959214856629
 21
54.54692497096772
 31
0.0
  0
LINE
  5
1A73E6
102
{ACAD_REACTORS
330
1A73D4
102
}
330
1A73D3
100
AcDbEntity
  8
0
  6
Continuous
 62
     7
370
    25
100
AcDbLine
 10
18.15959214856627
 20
53.9469249709677
 30
0.0
 11
18.15959214856627
 21
54.54692497096772
 31
0.0
  0
ARC
  5
1A73E7
102
{ACAD_REACTORS
330
1A73D4
102
}
330
1A73D3
100
AcDbEntity
  8
0
  6
Continuous
 62
     7
370
    25
100
AcDbCircle
 10
16.95959214856628
 20
53.9469249709677
 30
0.0
 40
1.199999999999973
100
AcDbArc
 50
270.0
 51
0.0
  0
LINE
  5
1A73E8
102
{ACAD_REACTORS
330
1A73D4
102
}
330
1A73D3
100
AcDbEntity
  8
0
  6
Continuous
 62
     7
370
    25
100
AcDbLine
 10
5.149592148566284
 20
52.74692497096771
 30
0.0
 11
16.95959214856628
 21
52.74692497096771
 31
0.0
  0
ARC
  5
1A73E9
102
{ACAD_REACTORS
330
1A73D4
102
}
330
1A73D3
100
AcDbEntity
  8
0
  6
Continuous
 62
     7
370
    25
100
AcDbCircle
 10
5.149592148566284
 20
55.74692497096771
 30
0.0
 40
3.0
100
AcDbArc
 50
175.4274239203989
 51
270.0
  0
ARC
  5
1A73EA
102
{ACAD_REACTORS
330
1A73D4
102
}
330
1A73D3
100
AcDbEntity
  8
0
  6
Continuous
 62
     7
370
    25
100
AcDbCircle
 10
51.99999822236629
 20
51.99999946826773
 30
0.0
 40
50.0
100
AcDbArc
 50
145.8720557373006
 51
175.4274239203989
  0
ARC
  5
1A73EB
102
{ACAD_REACTORS
330
1A73D4
102
}
330
1A73D3
100
AcDbEntity
  8
0
  6
Continuous
 62
     7
370
    25
100
AcDbCircle
 10
14.74959214856631
 20
77.24692497096771
 30
0.0
 40
5.000000000000004
100
AcDbArc
 50
90.0
 51
145.8720557373006
  0
LINE
  5
1A73EC
330
1A73D3
100
AcDbEntity
  8
KATMAN1
370
    25
100
AcDbLine
 10
5.149592148566284
 20
50.74692497096771
 30
0.0
 11
19.16662698536629
 21
50.74692497096771
 31
0.0
  0
LINE
  5
1A73ED
330
1A73D3
100
AcDbEntity
  8
KATMAN1
370
    25
100
AcDbLine
 10
22.90760481106628
 20
84.24692497096771
 30
0.0
 11
14.74959214856631
 21
84.24692497096771
 31
0.0
  0
ARC
  5
1A73EE
330
1A73D3
100
AcDbEntity
  8
KATMAN1
370
    25
100
AcDbCircle
 10
5.149592148566284
 20
55.74692497096771
 30
0.0
 40
5.000000000000002
100
AcDbArc
 50
175.4274239203989
 51
270.0
  0
ARC
  5
1A73EF
330
1A73D3
100
AcDbEntity
  8
KATMAN1
370
    25
100
AcDbCircle
 10
51.99999822236629
 20
51.99999946826773
 30
0.0
 40
51.99999999999997
100
AcDbArc
 50
145.8720557373006
 51
175.4274239203989
  0
ARC
  5
1A73F0
330
1A73D3
100
AcDbEntity
  8
KATMAN1
370
    25
100
AcDbCircle
 10
14.74959214856631
 20
77.24692497096771
 30
0.0
 40
7.0
100
AcDbArc
 50
90.0
 51
145.8720557373006
  0
ARC
  5
1A73F1
330
1A73D3
100
AcDbEntity
  8
KATMAN1
370
    25
100
AcDbCircle
 10
22.90760481106628
 20
82.13999032586769
 30
0.0
 40
2.10693464510075
100
AcDbArc
 50
18.65924299699999
 51
90.0
  0
POINT
  5
1A73F2
330
1A73D3
100
AcDbEntity
  8
0
  6
Continuous
 62
     7
370
     0
100
AcDbPoint
 10
2.149592148566284
 20
55.74692497096771
 30
0.0
  0
POINT
  5
1A73F3
330
1A73D3
100
AcDbEntity
  8
0
  6
Continuous
 62
     7
370
     0
100
AcDbPoint
 10
26.15959214856628
 20
55.74692497096771
 30
0.0
  0
POINT
  5
1A73F4
330
1A73D3
100
AcDbEntity
  8
0
  6
Continuous
 62
     7
370
     0
100
AcDbPoint
 10
23.00859174866628
 20
76.74692497116769
 30
0.0
  0
POINT
  5
1A73F5
330
1A73D3
100
AcDbEntity
  8
0
  6
Continuous
 62
     7
370
     0
100
AcDbPoint
 10
23.65959214906627
 20
81.59792537116771
 30
0.0
  0
POINT
  5
1A73F6
330
1A73D3
100
AcDbEntity
  8
0
  6
Continuous
 62
     7
370
     0
100
AcDbPoint
 10
23.00859174866628
 20
80.94692497076772
 30
0.0
  0
ENDBLK
  5
1A73FA
330
1A73D3
100
AcDbEntity
  8
0
 62
     1
370
    -2
100
AcDbBlockEnd
  0
BLOCK
  5
1A744E
330
1A7448
100
AcDbEntity
  8
0
 62
     1
370
    -2
100
AcDbBlockBegin
  2
A$C20C60831
 70
     0
 10
0.0
 20
0.0
 30
0.0
  3
A$C20C60831
  1

  0
ARC
  5
1A7449
330
1A7448
100
AcDbEntity
  8
0
  6
Continuous
 62
     7
370
    25
100
AcDbCircle
 10
5.24999957958289
 20
1.249999765922893
 30
0.0
 40
1.249999999999431
100
AcDbArc
 50
180.0000000000521
 51
359.9999999999479
  0
ARC
  5
1A744A
330
1A7448
100
AcDbEntity
  8
0
  6
Continuous
 62
     7
370
    25
100
AcDbCircle
 10
1.24999957958289
 20
1.249999765930851
 30
0.0
 40
1.25
100
AcDbArc
 50
180.0000000004169
 51
359.9999999995831
  0
LINE
  5
1A744B
330
1A7448
100
AcDbEntity
  8
0
  6
Continuous
 62
     7
370
    25
100
AcDbLine
 10
2.49999957958289
 20
1.249999765921756
 30
0.0
 11
3.999999579583345
 21
1.249999765921756
 31
0.0
  0
ENDBLK
  5
1A744F
330
1A7448
100
AcDbEntity
  8
0
 62
     1
370
    -2
100
AcDbBlockEnd
  0
BLOCK
  5
1A91A1
330
1A91A0
100
AcDbEntity
  8
0
100
AcDbBlockBegin
  2
SW_NOTE_0_3
 70
     0
 10
0.0
 20
0.0
 30
0.0
  3
SW_NOTE_0_3
  1

  0
MTEXT
  5
1A91A2
330
1A91A0
100
AcDbEntity
  8
KATMAN1
 62
     0
100
AcDbMText
 10
-32.08480875860001
 20
1.7448665568
 30
0.0
 40
3.5
 41
0.0
 46
0.0
 71
     1
 72
     1
  1
görünür yüzey
  7
SLDTEXTSTYLE1
 73
     1
 44
1.0
  0
ENDBLK
  5
1A91A3
330
1A91A0
100
AcDbEntity
  8
0
100
AcDbBlockEnd
  0
BLOCK
  5
1A9763
330
1A9762
100
AcDbEntity
  8
0
100
AcDbBlockBegin
  2
_D_20
 70
     0
 10
0.0
 20
0.0
 30
0.0
  3
_D_20
  1

  0
SOLID
  5
1A9764
330
1A9762
100
AcDbEntity
  8
0
  6
Continuous
 62
     7
440
 16777216
370
    18
100
AcDbTrace
 10
163.9801076441
 20
136.39494883
 30
0.0
 11
164.2301076441
 21
137.89494883
 31
0.0
 12
163.7301076441
 22
137.89494883
 32
0.0
 13
163.7301076441
 23
137.89494883
 33
0.0
  0
SOLID
  5
1A9765
330
1A9762
100
AcDbEntity
  8
0
  6
Continuous
 62
     7
440
 16777216
370
    18
100
AcDbTrace
 10
163.9801076441
 20
139.89494883
 30
0.0
 11
163.7301076441
 21
138.39494883
 31
0.0
 12
164.2301076441
 22
138.39494883
 32
0.0
 13
164.2301076441
 23
138.39494883
 33
0.0
  0
LINE
  5
1A9766
330
1A9762
100
AcDbEntity
  8
0
  6
Continuous
 62
     7
440
 16777216
370
     0
100
AcDbLine
 10
149.6241755061
 20
136.39494883
 30
0.0
 11
164.9801076441
 21
136.39494883
 31
0.0
  0
LINE
  5
1A9767
330
1A9762
100
AcDbEntity
  8
0
  6
Continuous
 62
     7
440
 16777216
370
     0
100
AcDbLine
 10
149.6241755061
 20
139.89494883
 30
0.0
 11
164.9801076441
 21
139.89494883
 31
0.0
  0
LINE
  5
1A9768
330
1A9762
100
AcDbEntity
  8
0
  6
Continuous
 62
     7
440
 16777216
370
     0
100
AcDbLine
 10
163.9801076441
 20
136.39494883
 30
0.0
 11
163.9801076441
 21
139.89494883
 31
0.0
  0
LINE
  5
1A9769
330
1A9762
100
AcDbEntity
  8
0
  6
Continuous
 62
     7
440
 16777216
370
     0
100
AcDbLine
 10
163.9801076441
 20
139.89494883
 30
0.0
 11
163.9801076441
 21
145.7567157122
 31
0.0
  0
MTEXT
  5
1A976A
330
1A9762
100
AcDbEntity
  8
0
  6
Continuous
 62
     7
440
 16777216
370
    18
100
AcDbMText
 10
161.2515810447
 20
140.2847401696
 30
0.0
 40
2.1166666667
 41
0.0
 46
0.0
 71
     1
 72
     1
  1
3,50
  7
SLDTEXTSTYLE0
 11
-0.0000000000000008
 21
1.0
 31
0.0
 73
     1
 44
1.0
  0
ENDBLK
  5
1A976B
330
1A9762
100
AcDbEntity
  8
0
100
AcDbBlockEnd
  0
BLOCK
  5
1A9FB6
330
1A9FB0
100
AcDbEntity
  8
0
 62
     1
370
    -2
100
AcDbBlockBegin
  2
A$C6dbcd26a
 70
     0
 10
0.0
 20
0.0
 30
0.0
  3
A$C6dbcd26a
  1

  0
HATCH
  5
1A9FB1
330
1A9FB0
100
AcDbEntity
  8
0
  6
ByBlock
 62
     0
370
    -2
100
AcDbHatch
 10
0.0
 20
0.0
 30
0.0
210
0.0
220
0.0
230
1.0
  2
SOLID
 70
     1
 71
     1
 91
        1
 92
        7
 72
     1
 73
     1
 93
       16
 10
19.99999919841696
 20
3.579333855408435
 42
0.2776701157678129
 10
19.6271370494278
 20
4.197397463557877
 42
0.0
 10
15.89023604186366
 20
6.175756973009697
 42
0.122329619050259
 10
6.532479508316896
 20
8.499999771158741
 42
0.0
 10
0.3999996454178927
 20
8.499999771175225
 42
0.4142135623738833
 10
-0.0000003545831078
 20
8.099999771175248
 42
0.0
 10
-0.0000003545831078
 20
6.899999771175316
 42
0.4142135623730951
 10
0.3999996454168695
 20
6.499999771175339
 42
0.0
 10
1.499999658416868
 20
6.49999967617532
 42
0.0
 10
1.499999658416868
 20
6.899999811575298
 42
0.0
 10
11.09999964541691
 20
6.899999771175203
 42
-0.4142135623730951
 10
11.49999964541689
 20
6.499999771175225
 42
0.0
 10
11.49999966771759
 20
0.6998230761531659
 42
0.4141396317707127
 10
12.19999964541682
 20
-0.0000002288247742
 42
0.0
 10
19.29999959986753
 20
-0.0000002288247742
 42
0.4145446209882959
 10
19.99999919841696
 20
0.700790846208065
 42
0.0
 97
        2
330
1A9FB3
330
1A9FB2
 75
     1
 76
     1
 47
0.0896725303202388
 98
        1
 10
17.3366514044078
 20
3.431254452011899
450
        0
451
        0
460
0.0
461
0.0
452
        0
462
0.0
453
        2
463
0.0
 63
     5
421
      255
463
1.0
 63
     2
421
 16776960
470
LINEAR
1001
GradientColor1ACI
1070
     5
1001
GradientColor2ACI
1070
     2
1001
ACAD
1010
0.0
1020
0.0
1030
0.0
  0
LWPOLYLINE
  5
1A9FB2
102
{ACAD_REACTORS
330
1A9FB1
102
}
330
1A9FB0
100
AcDbEntity
  8
0
  6
Continuous
 62
     7
370
    25
100
AcDbPolyline
 90
        2
 70
     0
 43
0.0
 10
19.99999919841696
 20
0.699999982775239
 10
19.99999919841696
 20
3.578542972175227
  0
ARC
  5
1A9FB3
102
{ACAD_REACTORS
330
1A9FB1
102
}
330
1A9FB0
100
AcDbEntity
  8
0
  6
Continuous
 62
     7
370
    25
100
AcDbCircle
 10
19.29999964541685
 20
0.6999997711752713
 30
0.0
 40
0.7000000000000029
100
AcDbArc
 50
270.0
 51
0.0
  0
ENDBLK
  5
1A9FB7
330
1A9FB0
100
AcDbEntity
  8
0
 62
     1
370
    -2
100
AcDbBlockEnd
  0
BLOCK
  5
1AA17F
330
1AA17E
100
AcDbEntity
  8
0
100
AcDbBlockBegin
  2
SW_NOTE_0_4
 70
     0
 10
0.0
 20
0.0
 30
0.0
  3
SW_NOTE_0_4
  1

  0
MTEXT
  5
1AA180
330
1AA17E
100
AcDbEntity
  8
KATMAN1
 62
     0
100
AcDbMText
 10
-32.1775446835
 20
1.7375572947
 30
0.0
 40
3.5
 41
0.0
 46
0.0
 71
     1
 72
     1
  1
görünür yüzey
  7
SLDTEXTSTYLE0
 73
     1
 44
1.0
  0
ENDBLK
  5
1AA181
330
1AA17E
100
AcDbEntity
  8
0
100
AcDbBlockEnd
  0
BLOCK
  5
1AA410
330
1AA40F
100
AcDbEntity
  8
0
 62
     1
370
    -2
100
AcDbBlockBegin
  2
*D46
 70
     1
 10
0.0
 20
0.0
 30
0.0
  3
*D46
  1

  0
LINE
  5
1AA713
330
1AA40F
100
AcDbEntity
  8
0
  6
ByBlock
 62
     5
440
 16777216
100
AcDbLine
 10
-806.8762240532491
 20
461.130912380305
 30
0.0
 11
-806.8762240532491
 21
499.7376859553288
 31
0.0
  0
LINE
  5
1AA714
330
1AA40F
100
AcDbEntity
  8
0
  6
ByBlock
 62
     5
440
 16777216
100
AcDbLine
 10
-716.69099938705
 20
461.1309123803622
 30
0.0
 11
-716.69099938705
 21
499.7376859553288
 31
0.0
  0
LINE
  5
1AA715
330
1AA40F
100
AcDbEntity
  8
0
  6
ByBlock
 62
     5
440
 16777216
100
AcDbLine
 10
-804.3762240532492
 20
498.4876859553287
 30
0.0
 11
-719.19099938705
 21
498.4876859553287
 31
0.0
  0
SOLID
  5
1AA716
330
1AA40F
100
AcDbEntity
  8
0
  6
ByBlock
 62
     5
440
 16777216
370
    -2
100
AcDbTrace
 10
-804.3762240532492
 20
498.9043526219955
 30
0.0
 11
-804.3762240532492
 21
498.0710192886621
 31
0.0
 12
-806.8762240532491
 22
498.4876859553287
 32
0.0
 13
-806.8762240532491
 23
498.4876859553287
 33
0.0
  0
SOLID
  5
1AA717
330
1AA40F
100
AcDbEntity
  8
0
  6
ByBlock
 62
     5
440
 16777216
370
    -2
100
AcDbTrace
 10
-719.19099938705
 20
498.9043526219955
 30
0.0
 11
-719.19099938705
 21
498.0710192886621
 31
0.0
 12
-716.69099938705
 22
498.4876859553287
 32
0.0
 13
-716.69099938705
 23
498.4876859553287
 33
0.0
  0
MTEXT
  5
1AA718
330
1AA40F
100
AcDbEntity
  8
0
  6
ByBlock
 62
     1
440
 16777216
370
    -2
100
AcDbMText
 10
-761.7836117201496
 20
500.5710192886621
 30
0.0
 40
2.5
 41
0.0
 46
0.0
 71
     5
 72
     1
  1
30,06±0,15
 73
     1
 44
1.0
  0
POINT
  5
1AA719
330
1AA40F
100
AcDbEntity
  8
DEFPOINTS
  6
ByBlock
 62
     0
440
 16777216
370
    -2
100
AcDbPoint
 10
-806.8762240532491
 20
460.5059123803051
 30
0.0
  0
POINT
  5
1AA71A
330
1AA40F
100
AcDbEntity
  8
DEFPOINTS
  6
ByBlock
 62
     0
440
 16777216
370
    -2
100
AcDbPoint
 10
-716.69099938705
 20
460.5059123803622
 30
0.0
  0
POINT
  5
1AA71B
330
1AA40F
100
AcDbEntity
  8
DEFPOINTS
  6
ByBlock
 62
     0
440
 16777216
370
    -2
100
AcDbPoint
 10
-716.69099938705
 20
498.4876859553287
 30
0.0
  0
ENDBLK
  5
1AA411
330
1AA40F
100
AcDbEntity
  8
0
 62
     1
370
    -2
100
AcDbBlockEnd
  0
BLOCK
  5
1AA41D
330
1AA41C
100
AcDbEntity
  8
0
 62
     1
370
    -2
100
AcDbBlockBegin
  2
*D47
 70
     1
 10
0.0
 20
0.0
 30
0.0
  3
*D47
  1

  0
LINE
  5
1AA71C
330
1AA41C
100
AcDbEntity
  8
0
  6
ByBlock
 62
     5
440
 16777216
100
AcDbLine
 10
-807.2318277594517
 20
439.5083896858557
 30
0.0
 11
-807.2318277594517
 21
390.4895484940888
 31
0.0
  0
LINE
  5
1AA71D
330
1AA41C
100
AcDbEntity
  8
0
  6
ByBlock
 62
     5
440
 16777216
100
AcDbLine
 10
-716.3336104718829
 20
439.2671196612654
 30
0.0
 11
-716.3336104718829
 21
390.4895484940888
 31
0.0
  0
LINE
  5
1AA71E
330
1AA41C
100
AcDbEntity
  8
0
  6
ByBlock
 62
     5
440
 16777216
100
AcDbLine
 10
-804.7318277594518
 20
391.7395484940887
 30
0.0
 11
-718.8336104718829
 21
391.7395484940887
 31
0.0
  0
SOLID
  5
1AA71F
330
1AA41C
100
AcDbEntity
  8
0
  6
ByBlock
 62
     5
440
 16777216
370
    -2
100
AcDbTrace
 10
-804.7318277594518
 20
392.1562151607554
 30
0.0
 11
-804.7318277594518
 21
391.322881827422
 31
0.0
 12
-807.2318277594517
 22
391.7395484940887
 32
0.0
 13
-807.2318277594517
 23
391.7395484940887
 33
0.0
  0
SOLID
  5
1AA720
330
1AA41C
100
AcDbEntity
  8
0
  6
ByBlock
 62
     5
440
 16777216
370
    -2
100
AcDbTrace
 10
-718.8336104718829
 20
392.1562151607554
 30
0.0
 11
-718.8336104718829
 21
391.322881827422
 31
0.0
 12
-716.3336104718829
 22
391.7395484940887
 32
0.0
 13
-716.3336104718829
 23
391.7395484940887
 33
0.0
  0
MTEXT
  5
1AA721
330
1AA41C
100
AcDbEntity
  8
0
  6
ByBlock
 62
     1
440
 16777216
370
    -2
100
AcDbMText
 10
-761.7827191156672
 20
393.8228818274221
 30
0.0
 40
2.5
 41
0.0
 46
0.0
 71
     5
 72
     1
  1
30,3±0,15
 73
     1
 44
1.0
  0
POINT
  5
1AA722
330
1AA41C
100
AcDbEntity
  8
DEFPOINTS
  6
ByBlock
 62
     0
440
 16777216
370
    -2
100
AcDbPoint
 10
-807.2318277594517
 20
440.1333896858557
 30
0.0
  0
POINT
  5
1AA723
330
1AA41C
100
AcDbEntity
  8
DEFPOINTS
  6
ByBlock
 62
     0
440
 16777216
370
    -2
100
AcDbPoint
 10
-716.3336104718829
 20
439.8921196612654
 30
0.0
  0
POINT
  5
1AA724
330
1AA41C
100
AcDbEntity
  8
DEFPOINTS
  6
ByBlock
 62
     0
440
 16777216
370
    -2
100
AcDbPoint
 10
-716.3336104718829
 20
391.7395484940887
 30
0.0
  0
ENDBLK
  5
1AA41E
330
1AA41C
100
AcDbEntity
  8
0
 62
     1
370
    -2
100
AcDbBlockEnd
  0
BLOCK
  5
1AA42A
330
1AA429
100
AcDbEntity
  8
0
 62
     1
370
    -2
100
AcDbBlockBegin
  2
*D48
 70
     1
 10
0.0
 20
0.0
 30
0.0
  3
*D48
  1

  0
LINE
  5
1AA725
330
1AA429
100
AcDbEntity
  8
0
  6
ByBlock
 62
     5
440
 16777216
100
AcDbLine
 10
-767.7836117201491
 20
455.936669385805
 30
0.0
 11
-767.7836117201491
 21
476.1709040546618
 31
0.0
  0
LINE
  5
1AA726
330
1AA429
100
AcDbEntity
  8
0
  6
ByBlock
 62
     5
440
 16777216
100
AcDbLine
 10
-755.7836117201491
 20
455.936669385805
 30
0.0
 11
-755.7836117201491
 21
476.1709040546618
 31
0.0
  0
LINE
  5
1AA727
330
1AA429
100
AcDbEntity
  8
0
  6
ByBlock
 62
     5
440
 16777216
100
AcDbLine
 10
-765.283611720149
 20
474.9209040546618
 30
0.0
 11
-758.2836117201491
 21
474.9209040546618
 31
0.0
  0
SOLID
  5
1AA728
330
1AA429
100
AcDbEntity
  8
0
  6
ByBlock
 62
     5
440
 16777216
370
    -2
100
AcDbTrace
 10
-765.283611720149
 20
475.3375707213284
 30
0.0
 11
-765.283611720149
 21
474.504237387995
 31
0.0
 12
-767.7836117201491
 22
474.9209040546618
 32
0.0
 13
-767.7836117201491
 23
474.9209040546618
 33
0.0
  0
SOLID
  5
1AA729
330
1AA429
100
AcDbEntity
  8
0
  6
ByBlock
 62
     5
440
 16777216
370
    -2
100
AcDbTrace
 10
-758.2836117201491
 20
475.3375707213284
 30
0.0
 11
-758.2836117201491
 21
474.504237387995
 31
0.0
 12
-755.7836117201491
 22
474.9209040546618
 32
0.0
 13
-755.7836117201491
 23
474.9209040546618
 33
0.0
  0
MTEXT
  5
1AA72A
330
1AA429
100
AcDbEntity
  8
0
  6
ByBlock
 62
     1
440
 16777216
370
    -2
100
AcDbMText
 10
-761.7836117201491
 20
476.7959040546617
 30
0.0
 40
2.5
 41
0.0
 46
0.0
 71
     5
 72
     1
  1
4
 73
     1
 44
1.0
  0
POINT
  5
1AA72B
330
1AA429
100
AcDbEntity
  8
DEFPOINTS
  6
ByBlock
 62
     0
440
 16777216
370
    -2
100
AcDbPoint
 10
-767.7836117201491
 20
455.3116693858051
 30
0.0
  0
POINT
  5
1AA72C
330
1AA429
100
AcDbEntity
  8
DEFPOINTS
  6
ByBlock
 62
     0
440
 16777216
370
    -2
100
AcDbPoint
 10
-755.7836117201491
 20
455.3116693858051
 30
0.0
  0
POINT
  5
1AA72D
330
1AA429
100
AcDbEntity
  8
DEFPOINTS
  6
ByBlock
 62
     0
440
 16777216
370
    -2
100
AcDbPoint
 10
-755.7836117201491
 20
474.9209040546618
 30
0.0
  0
ENDBLK
  5
1AA42B
330
1AA429
100
AcDbEntity
  8
0
 62
     1
370
    -2
100
AcDbBlockEnd
  0
BLOCK
  5
1AA437
330
1AA436
100
AcDbEntity
  8
0
 62
     1
370
    -2
100
AcDbBlockBegin
  2
*D49
 70
     1
 10
0.0
 20
0.0
 30
0.0
  3
*D49
  1

  0
LINE
  5
1AA72E
330
1AA436
100
AcDbEntity
  8
0
  6
ByBlock
 62
     5
440
 16777216
100
AcDbLine
 10
-749.1147870130492
 20
456.5116693858053
 30
0.0
 11
-737.4316557069549
 21
456.5116693858053
 31
0.0
  0
LINE
  5
1AA72F
330
1AA436
100
AcDbEntity
  8
0
  6
ByBlock
 62
     5
440
 16777216
100
AcDbLine
 10
-749.1732594172536
 20
461.611669385805
 30
0.0
 11
-737.4316557069549
 21
461.611669385805
 31
0.0
  0
LINE
  5
1AA730
330
1AA436
100
AcDbEntity
  8
0
  6
ByBlock
 62
     5
440
 16777216
100
AcDbLine
 10
-738.6816557069549
 20
454.0116693858053
 30
0.0
 11
-738.6816557069549
 21
451.5116693858053
 31
0.0
  0
LINE
  5
1AA731
330
1AA436
100
AcDbEntity
  8
0
  6
ByBlock
 62
     5
440
 16777216
100
AcDbLine
 10
-738.6816557069549
 20
464.111669385805
 30
0.0
 11
-738.6816557069549
 21
472.4450027191383
 31
0.0
  0
LINE
  5
1AA732
330
1AA436
100
AcDbEntity
  8
0
  6
ByBlock
 62
     5
440
 16777216
100
AcDbLine
 10
-738.6816557069549
 20
456.5116693858053
 30
0.0
 11
-738.6816557069549
 21
461.611669385805
 31
0.0
  0
SOLID
  5
1AA733
330
1AA436
100
AcDbEntity
  8
0
  6
ByBlock
 62
     5
440
 16777216
370
    -2
100
AcDbTrace
 10
-739.0983223736214
 20
454.0116693858053
 30
0.0
 11
-738.2649890402882
 21
454.0116693858053
 31
0.0
 12
-738.6816557069549
 22
456.5116693858053
 32
0.0
 13
-738.6816557069549
 23
456.5116693858053
 33
0.0
  0
SOLID
  5
1AA734
330
1AA436
100
AcDbEntity
  8
0
  6
ByBlock
 62
     5
440
 16777216
370
    -2
100
AcDbTrace
 10
-739.0983223736214
 20
464.111669385805
 30
0.0
 11
-738.2649890402882
 21
464.111669385805
 31
0.0
 12
-738.6816557069549
 22
461.611669385805
 32
0.0
 13
-738.6816557069549
 23
461.611669385805
 33
0.0
  0
MTEXT
  5
1AA735
330
1AA436
100
AcDbEntity
  8
0
  6
ByBlock
 62
     1
440
 16777216
370
    -2
100
AcDbMText
 10
-740.764989040288
 20
469.5283360524718
 30
0.0
 40
2.5
 41
0.0
 46
0.0
 71
     5
 72
     1
  1
1,7
 11
0.0000000000000001
 21
1.0
 31
0.0
 73
     1
 44
1.0
  0
POINT
  5
1AA736
330
1AA436
100
AcDbEntity
  8
DEFPOINTS
  6
ByBlock
 62
     0
440
 16777216
370
    -2
100
AcDbPoint
 10
-749.7397870130493
 20
456.5116693858053
 30
0.0
  0
POINT
  5
1AA737
330
1AA436
100
AcDbEntity
  8
DEFPOINTS
  6
ByBlock
 62
     0
440
 16777216
370
    -2
100
AcDbPoint
 10
-749.7982594172537
 20
461.611669385805
 30
0.0
  0
POINT
  5
1AA738
330
1AA436
100
AcDbEntity
  8
DEFPOINTS
  6
ByBlock
 62
     0
440
 16777216
370
    -2
100
AcDbPoint
 10
-738.6816557069549
 20
461.611669385805
 30
0.0
  0
ENDBLK
  5
1AA438
330
1AA436
100
AcDbEntity
  8
0
 62
     1
370
    -2
100
AcDbBlockEnd
  0
BLOCK
  5
1AA446
330
1AA445
100
AcDbEntity
  8
0
 62
     1
370
    -2
100
AcDbBlockBegin
  2
*D50
 70
     1
 10
0.0
 20
0.0
 30
0.0
  3
*D50
  1

  0
LINE
  5
1AA739
330
1AA445
100
AcDbEntity
  8
0
  6
ByBlock
 62
     5
440
 16777216
100
AcDbLine
 10
-774.4524364272493
 20
456.5116693858053
 30
0.0
 11
-783.7261819623035
 21
456.5116693858053
 31
0.0
  0
LINE
  5
1AA73A
330
1AA445
100
AcDbEntity
  8
0
  6
ByBlock
 62
     5
440
 16777216
100
AcDbLine
 10
-774.4524364272493
 20
452.9116693858052
 30
0.0
 11
-783.7261819623035
 21
452.9116693858052
 31
0.0
  0
LINE
  5
1AA73B
330
1AA445
100
AcDbEntity
  8
0
  6
ByBlock
 62
     5
440
 16777216
100
AcDbLine
 10
-782.4761819623035
 20
459.0116693858053
 30
0.0
 11
-782.4761819623035
 21
461.5116693858054
 31
0.0
  0
LINE
  5
1AA73C
330
1AA445
100
AcDbEntity
  8
0
  6
ByBlock
 62
     5
440
 16777216
100
AcDbLine
 10
-782.4761819623035
 20
450.4116693858052
 30
0.0
 11
-782.4761819623035
 21
442.0783360524719
 31
0.0
  0
LINE
  5
1AA73D
330
1AA445
100
AcDbEntity
  8
0
  6
ByBlock
 62
     5
440
 16777216
100
AcDbLine
 10
-782.4761819623035
 20
456.5116693858053
 30
0.0
 11
-782.4761819623035
 21
452.9116693858052
 31
0.0
  0
SOLID
  5
1AA73E
330
1AA445
100
AcDbEntity
  8
0
  6
ByBlock
 62
     5
440
 16777216
370
    -2
100
AcDbTrace
 10
-782.8928486289702
 20
459.0116693858053
 30
0.0
 11
-782.059515295637
 21
459.0116693858053
 31
0.0
 12
-782.4761819623035
 22
456.5116693858053
 32
0.0
 13
-782.4761819623035
 23
456.5116693858053
 33
0.0
  0
SOLID
  5
1AA73F
330
1AA445
100
AcDbEntity
  8
0
  6
ByBlock
 62
     5
440
 16777216
370
    -2
100
AcDbTrace
 10
-782.8928486289702
 20
450.4116693858052
 30
0.0
 11
-782.059515295637
 21
450.4116693858052
 31
0.0
 12
-782.4761819623035
 22
452.9116693858052
 32
0.0
 13
-782.4761819623035
 23
452.9116693858052
 33
0.0
  0
MTEXT
  5
1AA740
330
1AA445
100
AcDbEntity
  8
0
  6
ByBlock
 62
     1
440
 16777216
370
    -2
100
AcDbMText
 10
-784.5595152956366
 20
444.9950027191386
 30
0.0
 40
2.5
 41
0.0
 46
0.0
 71
     5
 72
     1
  1
1,2
 11
0.0000000000000001
 21
1.0
 31
0.0
 73
     1
 44
1.0
  0
POINT
  5
1AA741
330
1AA445
100
AcDbEntity
  8
DEFPOINTS
  6
ByBlock
 62
     0
440
 16777216
370
    -2
100
AcDbPoint
 10
-773.8274364272492
 20
456.5116693858053
 30
0.0
  0
POINT
  5
1AA742
330
1AA445
100
AcDbEntity
  8
DEFPOINTS
  6
ByBlock
 62
     0
440
 16777216
370
    -2
100
AcDbPoint
 10
-773.8274364272492
 20
452.9116693858052
 30
0.0
  0
POINT
  5
1AA743
330
1AA445
100
AcDbEntity
  8
DEFPOINTS
  6
ByBlock
 62
     0
440
 16777216
370
    -2
100
AcDbPoint
 10
-782.4761819623035
 20
452.9116693858052
 30
0.0
  0
ENDBLK
  5
1AA447
330
1AA445
100
AcDbEntity
  8
0
 62
     1
370
    -2
100
AcDbBlockEnd
  0
BLOCK
  5
1AA455
330
1AA454
100
AcDbEntity
  8
0
 62
     1
370
    -2
100
AcDbBlockBegin
  2
*D51
 70
     1
 10
0.0
 20
0.0
 30
0.0
  3
*D51
  1

  0
LINE
  5
1AA744
330
1AA454
100
AcDbEntity
  8
0
  6
ByBlock
 62
     5
440
 16777216
100
AcDbLine
 10
-722.1307349724631
 20
461.611669385805
 30
0.0
 11
-696.9679628366764
 21
461.611669385805
 31
0.0
  0
LINE
  5
1AA745
330
1AA454
100
AcDbEntity
  8
0
  6
ByBlock
 62
     5
440
 16777216
100
AcDbLine
 10
-721.4651769409495
 20
465.811669385805
 30
0.0
 11
-696.9679628366764
 21
465.811669385805
 31
0.0
  0
LINE
  5
1AA746
330
1AA454
100
AcDbEntity
  8
0
  6
ByBlock
 62
     5
440
 16777216
100
AcDbLine
 10
-698.2179628366764
 20
459.111669385805
 30
0.0
 11
-698.2179628366764
 21
456.611669385805
 31
0.0
  0
LINE
  5
1AA747
330
1AA454
100
AcDbEntity
  8
0
  6
ByBlock
 62
     5
440
 16777216
100
AcDbLine
 10
-698.2179628366764
 20
468.3116693858051
 30
0.0
 11
-698.2179628366764
 21
486.6450027191383
 31
0.0
  0
LINE
  5
1AA748
330
1AA454
100
AcDbEntity
  8
0
  6
ByBlock
 62
     5
440
 16777216
100
AcDbLine
 10
-698.2179628366764
 20
461.611669385805
 30
0.0
 11
-698.2179628366764
 21
465.811669385805
 31
0.0
  0
SOLID
  5
1AA749
330
1AA454
100
AcDbEntity
  8
0
  6
ByBlock
 62
     5
440
 16777216
370
    -2
100
AcDbTrace
 10
-698.634629503343
 20
459.111669385805
 30
0.0
 11
-697.8012961700097
 21
459.111669385805
 31
0.0
 12
-698.2179628366764
 22
461.611669385805
 32
0.0
 13
-698.2179628366764
 23
461.611669385805
 33
0.0
  0
SOLID
  5
1AA74A
330
1AA454
100
AcDbEntity
  8
0
  6
ByBlock
 62
     5
440
 16777216
370
    -2
100
AcDbTrace
 10
-698.634629503343
 20
468.3116693858051
 30
0.0
 11
-697.8012961700097
 21
468.3116693858051
 31
0.0
 12
-698.2179628366764
 22
465.811669385805
 32
0.0
 13
-698.2179628366764
 23
465.811669385805
 33
0.0
  0
MTEXT
  5
1AA74B
330
1AA454
100
AcDbEntity
  8
0
  6
ByBlock
 62
     1
440
 16777216
370
    -2
100
AcDbMText
 10
-700.3012961700095
 20
478.7283360524718
 30
0.0
 40
2.5
 41
0.0
 46
0.0
 71
     5
 72
     1
  1
1,4±0,15
 11
0.0000000000000001
 21
1.0
 31
0.0
 73
     1
 44
1.0
  0
POINT
  5
1AA74C
330
1AA454
100
AcDbEntity
  8
DEFPOINTS
  6
ByBlock
 62
     0
440
 16777216
370
    -2
100
AcDbPoint
 10
-722.7557349724632
 20
461.611669385805
 30
0.0
  0
POINT
  5
1AA74D
330
1AA454
100
AcDbEntity
  8
DEFPOINTS
  6
ByBlock
 62
     0
440
 16777216
370
    -2
100
AcDbPoint
 10
-722.0901769409494
 20
465.811669385805
 30
0.0
  0
POINT
  5
1AA74E
330
1AA454
100
AcDbEntity
  8
DEFPOINTS
  6
ByBlock
 62
     0
440
 16777216
370
    -2
100
AcDbPoint
 10
-698.2179628366764
 20
465.811669385805
 30
0.0
  0
ENDBLK
  5
1AA456
330
1AA454
100
AcDbEntity
  8
0
 62
     1
370
    -2
100
AcDbBlockEnd
  0
BLOCK
  5
1AA464
330
1AA463
100
AcDbEntity
  8
0
 62
     1
370
    -2
100
AcDbBlockBegin
  2
*D52
 70
     1
 10
0.0
 20
0.0
 30
0.0
  3
*D52
  1

  0
LINE
  5
1AA84E
330
1AA463
100
AcDbEntity
  8
0
  6
ByBlock
 62
     5
440
 16777216
100
AcDbLine
 10
-753.0586117201494
 20
438.5116693858048
 30
0.0
 11
-692.8844079621748
 21
438.5116693858048
 31
0.0
  0
LINE
  5
1AA84F
330
1AA463
100
AcDbEntity
  8
0
  6
ByBlock
 62
     5
440
 16777216
100
AcDbLine
 10
-722.1307349724631
 20
461.611669385805
 30
0.0
 11
-692.8844079621748
 21
461.611669385805
 31
0.0
  0
LINE
  5
1AA850
330
1AA463
100
AcDbEntity
  8
0
  6
ByBlock
 62
     5
440
 16777216
100
AcDbLine
 10
-694.1344079621749
 20
441.0116693858048
 30
0.0
 11
-694.1344079621749
 21
459.111669385805
 31
0.0
  0
SOLID
  5
1AA851
330
1AA463
100
AcDbEntity
  8
0
  6
ByBlock
 62
     5
440
 16777216
370
    -2
100
AcDbTrace
 10
-694.5510746288415
 20
441.0116693858048
 30
0.0
 11
-693.7177412955082
 21
441.0116693858048
 31
0.0
 12
-694.1344079621749
 22
438.5116693858048
 32
0.0
 13
-694.1344079621749
 23
438.5116693858048
 33
0.0
  0
SOLID
  5
1AA852
330
1AA463
100
AcDbEntity
  8
0
  6
ByBlock
 62
     5
440
 16777216
370
    -2
100
AcDbTrace
 10
-694.5510746288415
 20
459.111669385805
 30
0.0
 11
-693.7177412955082
 21
459.111669385805
 31
0.0
 12
-694.1344079621749
 22
461.611669385805
 32
0.0
 13
-694.1344079621749
 23
461.611669385805
 33
0.0
  0
MTEXT
  5
1AA853
330
1AA463
100
AcDbEntity
  8
0
  6
ByBlock
 62
     1
440
 16777216
370
    -2
100
AcDbMText
 10
-696.217741295508
 20
448.9123286777144
 30
0.0
 40
2.5
 41
0.0
 46
0.0
 71
     5
 72
     1
  1
7,7±0,15
 11
0.0000000000000001
 21
1.0
 31
0.0
 73
     1
 44
1.0
  0
POINT
  5
1AA854
330
1AA463
100
AcDbEntity
  8
DEFPOINTS
  6
ByBlock
 62
     0
440
 16777216
370
    -2
100
AcDbPoint
 10
-753.6836117201494
 20
438.5116693858048
 30
0.0
  0
POINT
  5
1AA855
330
1AA463
100
AcDbEntity
  8
DEFPOINTS
  6
ByBlock
 62
     0
440
 16777216
370
    -2
100
AcDbPoint
 10
-722.7557349724632
 20
461.611669385805
 30
0.0
  0
POINT
  5
1AA856
330
1AA463
100
AcDbEntity
  8
DEFPOINTS
  6
ByBlock
 62
     0
440
 16777216
370
    -2
100
AcDbPoint
 10
-694.1344079621749
 20
461.611669385805
 30
0.0
  0
ENDBLK
  5
1AA465
330
1AA463
100
AcDbEntity
  8
0
 62
     1
370
    -2
100
AcDbBlockEnd
  0
BLOCK
  5
1AA471
330
1AA470
100
AcDbEntity
  8
0
 62
     1
370
    -2
100
AcDbBlockBegin
  2
*D53
 70
     1
 10
0.0
 20
0.0
 30
0.0
  3
*D53
  1

  0
LINE
  5
1AA860
330
1AA470
100
AcDbEntity
  8
0
  6
ByBlock
 62
     5
440
 16777216
100
AcDbLine
 10
-761.1586117201333
 20
423.5116693857435
 30
0.0
 11
-692.8844079621751
 21
423.5116693857435
 31
0.0
  0
LINE
  5
1AA861
330
1AA470
100
AcDbEntity
  8
0
  6
ByBlock
 62
     5
440
 16777216
100
AcDbLine
 10
-753.0586117201493
 20
438.5116693858048
 30
0.0
 11
-692.8844079621751
 21
438.5116693858048
 31
0.0
  0
LINE
  5
1AA862
330
1AA470
100
AcDbEntity
  8
0
  6
ByBlock
 62
     5
440
 16777216
100
AcDbLine
 10
-694.1344079621751
 20
426.0116693857435
 30
0.0
 11
-694.1344079621751
 21
436.0116693858048
 31
0.0
  0
SOLID
  5
1AA863
330
1AA470
100
AcDbEntity
  8
0
  6
ByBlock
 62
     5
440
 16777216
370
    -2
100
AcDbTrace
 10
-694.5510746288418
 20
426.0116693857435
 30
0.0
 11
-693.7177412955085
 21
426.0116693857435
 31
0.0
 12
-694.1344079621751
 22
423.5116693857435
 32
0.0
 13
-694.1344079621751
 23
423.5116693857435
 33
0.0
  0
SOLID
  5
1AA864
330
1AA470
100
AcDbEntity
  8
0
  6
ByBlock
 62
     5
440
 16777216
370
    -2
100
AcDbTrace
 10
-694.5510746288418
 20
436.0116693858048
 30
0.0
 11
-693.7177412955085
 21
436.0116693858048
 31
0.0
 12
-694.1344079621751
 22
438.5116693858048
 32
0.0
 13
-694.1344079621751
 23
438.5116693858048
 33
0.0
  0
MTEXT
  5
1AA865
330
1AA470
100
AcDbEntity
  8
0
  6
ByBlock
 62
     1
440
 16777216
370
    -2
100
AcDbMText
 10
-696.2177412955083
 20
431.0116693857742
 30
0.0
 40
2.5
 41
0.0
 46
0.0
 71
     5
 72
     1
  1
5±0,15
 11
0.0000000000000001
 21
1.0
 31
0.0
 73
     1
 44
1.0
  0
POINT
  5
1AA866
330
1AA470
100
AcDbEntity
  8
DEFPOINTS
  6
ByBlock
 62
     0
440
 16777216
370
    -2
100
AcDbPoint
 10
-761.7836117201333
 20
423.5116693857435
 30
0.0
  0
POINT
  5
1AA867
330
1AA470
100
AcDbEntity
  8
DEFPOINTS
  6
ByBlock
 62
     0
440
 16777216
370
    -2
100
AcDbPoint
 10
-753.6836117201493
 20
438.5116693858048
 30
0.0
  0
POINT
  5
1AA868
330
1AA470
100
AcDbEntity
  8
DEFPOINTS
  6
ByBlock
 62
     0
440
 16777216
370
    -2
100
AcDbPoint
 10
-694.1344079621751
 20
438.5116693858048
 30
0.0
  0
ENDBLK
  5
1AA472
330
1AA470
100
AcDbEntity
  8
0
 62
     1
370
    -2
100
AcDbBlockEnd
  0
BLOCK
  5
1AA47E
330
1AA47D
100
AcDbEntity
  8
0
 62
     1
370
    -2
100
AcDbBlockBegin
  2
*D54
 70
     1
 10
0.0
 20
0.0
 30
0.0
  3
*D54
  1

  0
LINE
  5
1AA762
330
1AA47D
100
AcDbEntity
  8
0
  6
ByBlock
 62
     5
440
 16777216
100
AcDbLine
 10
-802.1020464992442
 20
465.811669385805
 30
0.0
 11
-827.0107057035717
 21
465.811669385805
 31
0.0
  0
LINE
  5
1AA763
330
1AA47D
100
AcDbEntity
  8
0
  6
ByBlock
 62
     5
440
 16777216
100
AcDbLine
 10
-762.4086117203761
 20
423.5116693857434
 30
0.0
 11
-827.0107057035717
 21
423.5116693857434
 31
0.0
  0
LINE
  5
1AA764
330
1AA47D
100
AcDbEntity
  8
0
  6
ByBlock
 62
     5
440
 16777216
100
AcDbLine
 10
-825.7607057035718
 20
463.3116693858051
 30
0.0
 11
-825.7607057035718
 21
426.0116693857434
 31
0.0
  0
SOLID
  5
1AA765
330
1AA47D
100
AcDbEntity
  8
0
  6
ByBlock
 62
     5
440
 16777216
370
    -2
100
AcDbTrace
 10
-826.1773723702384
 20
463.3116693858051
 30
0.0
 11
-825.3440390369052
 21
463.3116693858051
 31
0.0
 12
-825.7607057035718
 22
465.811669385805
 32
0.0
 13
-825.7607057035718
 23
465.811669385805
 33
0.0
  0
SOLID
  5
1AA766
330
1AA47D
100
AcDbEntity
  8
0
  6
ByBlock
 62
     5
440
 16777216
370
    -2
100
AcDbTrace
 10
-826.1773723702384
 20
426.0116693857434
 30
0.0
 11
-825.3440390369052
 21
426.0116693857434
 31
0.0
 12
-825.7607057035718
 22
423.5116693857434
 32
0.0
 13
-825.7607057035718
 23
423.5116693857434
 33
0.0
  0
MTEXT
  5
1AA767
330
1AA47D
100
AcDbEntity
  8
0
  6
ByBlock
 62
     1
440
 16777216
370
    -2
100
AcDbMText
 10
-827.8440390369048
 20
444.6616693857743
 30
0.0
 40
2.5
 41
0.0
 46
0.0
 71
     5
 72
     1
  1
14,1±0,15
 11
0.0000000000000001
 21
1.0
 31
0.0
 73
     1
 44
1.0
  0
POINT
  5
1AA768
330
1AA47D
100
AcDbEntity
  8
DEFPOINTS
  6
ByBlock
 62
     0
440
 16777216
370
    -2
100
AcDbPoint
 10
-801.4770464992443
 20
465.811669385805
 30
0.0
  0
POINT
  5
1AA769
330
1AA47D
100
AcDbEntity
  8
DEFPOINTS
  6
ByBlock
 62
     0
440
 16777216
370
    -2
100
AcDbPoint
 10
-761.7836117203761
 20
423.5116693857434
 30
0.0
  0
POINT
  5
1AA76A
330
1AA47D
100
AcDbEntity
  8
DEFPOINTS
  6
ByBlock
 62
     0
440
 16777216
370
    -2
100
AcDbPoint
 10
-825.7607057035718
 20
423.5116693857434
 30
0.0
  0
ENDBLK
  5
1AA47F
330
1AA47D
100
AcDbEntity
  8
0
 62
     1
370
    -2
100
AcDbBlockEnd
  0
BLOCK
  5
1AA48B
330
1AA48A
100
AcDbEntity
  8
0
 62
     1
370
    -2
100
AcDbBlockBegin
  2
*D55
 70
     1
 10
0.0
 20
0.0
 30
0.0
  3
*D55
  1

  0
LINE
  5
1AA76B
330
1AA48A
100
AcDbEntity
  8
0
  6
ByBlock
 62
     5
440
 16777216
100
AcDbLine
 10
-815.4378589531946
 20
472.9030061199328
 30
0.0
 11
-807.3644353811385
 21
465.6793683288141
 31
0.0
  0
MTEXT
  5
1AA76C
330
1AA48A
100
AcDbEntity
  8
0
  6
ByBlock
 62
     1
440
 16777216
370
    -2
100
AcDbMText
 10
-810.9435349271887
 20
471.6772653487441
 30
0.0
 40
2.5
 41
0.0
 46
0.0
 71
     5
 72
     1
  1
R1,8
 11
0.7452390989590374
 21
-0.6667973345648002
 31
0.0
 73
     1
 44
1.0
  0
LINE
  5
1AA76D
330
1AA48A
100
AcDbEntity
  8
0
  6
ByBlock
 62
     5
440
 16777216
100
AcDbLine
 10
-801.4770464992436
 20
460.4116693856464
 30
0.0
 11
-805.5013376337408
 21
464.0123749924021
 31
0.0
  0
SOLID
  5
1AA76E
330
1AA48A
100
AcDbEntity
  8
0
  6
ByBlock
 62
     5
440
 16777216
370
    -2
100
AcDbTrace
 10
-807.0866031584031
 20
465.989884620047
 30
0.0
 11
-807.6422676038738
 21
465.3688520375812
 31
0.0
 12
-805.5013376337408
 22
464.0123749924021
 32
0.0
 13
-805.5013376337408
 23
464.0123749924021
 33
0.0
  0
POINT
  5
1AA76F
330
1AA48A
100
AcDbEntity
  8
DEFPOINTS
  6
ByBlock
 62
     0
440
 16777216
370
    -2
100
AcDbPoint
 10
-805.5013376337408
 20
464.0123749924021
 30
0.0
  0
POINT
  5
1AA770
330
1AA48A
100
AcDbEntity
  8
DEFPOINTS
  6
ByBlock
 62
     0
440
 16777216
370
    -2
100
AcDbPoint
 10
-801.4770464992436
 20
460.4116693856464
 30
0.0
  0
ENDBLK
  5
1AA48C
330
1AA48A
100
AcDbEntity
  8
0
 62
     1
370
    -2
100
AcDbBlockEnd
  0
BLOCK
  5
1AA495
330
1AA494
100
AcDbEntity
  8
0
 62
     1
370
    -2
100
AcDbBlockBegin
  2
*D56
 70
     1
 10
0.0
 20
0.0
 30
0.0
  3
*D56
  1

  0
LINE
  5
1AA771
330
1AA494
100
AcDbEntity
  8
0
  6
ByBlock
 62
     5
440
 16777216
100
AcDbLine
 10
-783.7285565338182
 20
473.0423377950796
 30
0.0
 11
-776.3550407332825
 21
463.2471034557279
 31
0.0
  0
MTEXT
  5
1AA772
330
1AA494
100
AcDbEntity
  8
0
  6
ByBlock
 62
     1
440
 16777216
370
    -2
100
AcDbMText
 10
-779.4329193432111
 20
470.7999275060269
 30
0.0
 40
2.5
 41
0.0
 46
0.0
 71
     5
 72
     1
  1
R0,6
 11
0.6014131884263802
 21
-0.7989381557960638
 31
0.0
 73
     1
 44
1.0
  0
LINE
  5
1AA773
330
1AA494
100
AcDbEntity
  8
0
  6
ByBlock
 62
     5
440
 16777216
100
AcDbLine
 10
-773.7689640230489
 20
459.8116693858047
 30
0.0
 11
-774.8515077622165
 21
461.2497580662377
 31
0.0
  0
SOLID
  5
1AA774
330
1AA494
100
AcDbEntity
  8
0
  6
ByBlock
 62
     5
440
 16777216
370
    -2
100
AcDbTrace
 10
-776.0221498350341
 20
463.497692284239
 30
0.0
 11
-776.6879316315309
 21
462.9965146272168
 31
0.0
 12
-774.8515077622165
 22
461.2497580662377
 32
0.0
 13
-774.8515077622165
 23
461.2497580662377
 33
0.0
  0
POINT
  5
1AA775
330
1AA494
100
AcDbEntity
  8
DEFPOINTS
  6
ByBlock
 62
     0
440
 16777216
370
    -2
100
AcDbPoint
 10
-774.8515077622165
 20
461.2497580662377
 30
0.0
  0
POINT
  5
1AA776
330
1AA494
100
AcDbEntity
  8
DEFPOINTS
  6
ByBlock
 62
     0
440
 16777216
370
    -2
100
AcDbPoint
 10
-773.7689640230489
 20
459.8116693858047
 30
0.0
  0
ENDBLK
  5
1AA496
330
1AA494
100
AcDbEntity
  8
0
 62
     1
370
    -2
100
AcDbBlockEnd
  0
BLOCK
  5
1AA49F
330
1AA49E
100
AcDbEntity
  8
0
 62
     1
370
    -2
100
AcDbBlockBegin
  2
*D57
 70
     1
 10
0.0
 20
0.0
 30
0.0
  3
*D57
  1

  0
LINE
  5
1AA777
330
1AA49E
100
AcDbEntity
  8
0
  6
ByBlock
 62
     5
440
 16777216
100
AcDbLine
 10
-742.4232706379276
 20
474.4733816464839
 30
0.0
 11
-747.8659962382574
 21
463.6530700427496
 31
0.0
  0
MTEXT
  5
1AA778
330
1AA49E
100
AcDbEntity
  8
0
  6
ByBlock
 62
     1
440
 16777216
370
    -2
100
AcDbMText
 10
-746.2503798107778
 20
471.5011538360924
 30
0.0
 40
2.5
 41
0.0
 46
0.0
 71
     5
 72
     1
  1
R0,6
 11
0.4493635299898331
 21
0.8933489899893974
 31
0.0
 73
     1
 44
1.0
  0
LINE
  5
1AA779
330
1AA49E
100
AcDbEntity
  8
0
  6
ByBlock
 62
     5
440
 16777216
100
AcDbLine
 10
-749.7982594172533
 20
459.8116693857163
 30
0.0
 11
-748.989405063232
 21
461.4196975677761
 31
0.0
  0
SOLID
  5
1AA77A
330
1AA49E
100
AcDbEntity
  8
0
  6
ByBlock
 62
     5
440
 16777216
370
    -2
100
AcDbTrace
 10
-748.2382249840862
 20
463.8403048469121
 30
0.0
 11
-747.4937674924284
 21
463.4658352385872
 31
0.0
 12
-748.989405063232
 22
461.4196975677761
 32
0.0
 13
-748.989405063232
 23
461.4196975677761
 33
0.0
  0
POINT
  5
1AA77B
330
1AA49E
100
AcDbEntity
  8
DEFPOINTS
  6
ByBlock
 62
     0
440
 16777216
370
    -2
100
AcDbPoint
 10
-748.989405063232
 20
461.4196975677761
 30
0.0
  0
POINT
  5
1AA77C
330
1AA49E
100
AcDbEntity
  8
DEFPOINTS
  6
ByBlock
 62
     0
440
 16777216
370
    -2
100
AcDbPoint
 10
-749.7982594172533
 20
459.8116693857163
 30
0.0
  0
ENDBLK
  5
1AA4A0
330
1AA49E
100
AcDbEntity
  8
0
 62
     1
370
    -2
100
AcDbBlockEnd
  0
BLOCK
  5
1AA4A9
330
1AA4A8
100
AcDbEntity
  8
0
 62
     1
370
    -2
100
AcDbBlockBegin
  2
*D58
 70
     1
 10
0.0
 20
0.0
 30
0.0
  3
*D58
  1

  0
LINE
  5
1AA77D
330
1AA4A8
100
AcDbEntity
  8
0
  6
ByBlock
 62
     5
440
 16777216
100
AcDbLine
 10
-706.0674006886931
 20
470.8490626036629
 30
0.0
 11
-715.4707397930113
 21
464.7236355086135
 31
0.0
  0
MTEXT
  5
1AA77E
330
1AA4A8
100
AcDbEntity
  8
0
  6
ByBlock
 62
     1
440
 16777216
370
    -2
100
AcDbMText
 10
-710.6957868750594
 20
470.320451027225
 30
0.0
 40
2.5
 41
0.0
 46
0.0
 71
     5
 72
     1
  1
R1,8
 11
0.8379034364442599
 21
0.5458184965672198
 31
0.0
 73
     1
 44
1.0
  0
LINE
  5
1AA77F
330
1AA4A8
100
AcDbEntity
  8
0
  6
ByBlock
 62
     5
440
 16777216
100
AcDbLine
 10
-722.0901769410545
 20
460.4116693856455
 30
0.0
 11
-717.565498384122
 21
463.3590892671954
 31
0.0
  0
SOLID
  5
1AA780
330
1AA4A8
100
AcDbEntity
  8
0
  6
ByBlock
 62
     5
440
 16777216
370
    -2
100
AcDbTrace
 10
-715.698164166581
 20
465.0727619404651
 30
0.0
 11
-715.2433154194417
 21
464.3745090767616
 31
0.0
 12
-717.565498384122
 22
463.3590892671954
 32
0.0
 13
-717.565498384122
 23
463.3590892671954
 33
0.0
  0
POINT
  5
1AA781
330
1AA4A8
100
AcDbEntity
  8
DEFPOINTS
  6
ByBlock
 62
     0
440
 16777216
370
    -2
100
AcDbPoint
 10
-717.565498384122
 20
463.3590892671954
 30
0.0
  0
POINT
  5
1AA782
330
1AA4A8
100
AcDbEntity
  8
DEFPOINTS
  6
ByBlock
 62
     0
440
 16777216
370
    -2
100
AcDbPoint
 10
-722.0901769410545
 20
460.4116693856455
 30
0.0
  0
ENDBLK
  5
1AA4AA
330
1AA4A8
100
AcDbEntity
  8
0
 62
     1
370
    -2
100
AcDbBlockEnd
  0
BLOCK
  5
1AA4C8
330
1AA4C7
100
AcDbEntity
  8
0
 62
     1
370
    -2
100
AcDbBlockBegin
  2
*D59
 70
     1
 10
0.0
 20
0.0
 30
0.0
  3
*D59
  1

  0
LINE
  5
1AA783
330
1AA4C7
100
AcDbEntity
  8
0
  6
ByBlock
 62
     5
440
 16777216
100
AcDbLine
 10
-716.690999387049
 20
461.1309123803049
 30
0.0
 11
-716.690999387049
 21
478.5344685932197
 31
0.0
  0
LINE
  5
1AA784
330
1AA4C7
100
AcDbEntity
  8
0
  6
ByBlock
 62
     5
440
 16777216
100
AcDbLine
 10
-716.7019071410667
 20
461.1308171897777
 30
0.0
 11
-717.005641077395
 21
478.531722756788
 31
0.0
  0
ARC
  5
1AA785
330
1AA4C7
100
AcDbEntity
  8
0
  6
ByBlock
 62
     5
440
 16777216
100
AcDbCircle
 10
-716.6909993870489
 20
460.5059123803051
 30
0.0
 40
16.7785562129147
100
AcDbArc
 50
77.68293794016459
 51
90.00000000000007
  0
LINE
  5
1AA786
330
1AA4C7
100
AcDbEntity
  8
0
  6
ByBlock
 62
     5
440
 16777216
100
AcDbLine
 10
-713.111775454053
 20
476.8982613464357
 30
0.0
 11
-709.4480926053657
 21
476.0983063575551
 31
0.0
  0
ARC
  5
1AA787
330
1AA4C7
100
AcDbEntity
  8
0
  6
ByBlock
 62
     5
440
 16777216
100
AcDbCircle
 10
-716.6909993870489
 20
460.5059123803051
 30
0.0
 40
16.7785562129147
100
AcDbArc
 50
77.70073872359387
 51
83.85036936179696
  0
ARC
  5
1AA788
330
1AA4C7
100
AcDbEntity
  8
0
  6
ByBlock
 62
     5
440
 16777216
100
AcDbCircle
 10
-716.6909993870489
 20
460.5059123803051
 30
0.0
 40
16.7785562129147
100
AcDbArc
 50
97.14963063769697
 51
103.2992612759001
  0
ARC
  5
1AA789
330
1AA4C7
100
AcDbEntity
  8
0
  6
ByBlock
 62
     5
440
 16777216
100
AcDbCircle
 10
-716.6909993870489
 20
460.5059123803051
 30
0.0
 40
16.7785562129147
100
AcDbArc
 50
90.00000000000007
 51
90.99999999949387
  0
SOLID
  5
1AA78A
330
1AA4C7
100
AcDbEntity
  8
0
  6
ByBlock
 62
     5
440
 16777216
370
    -2
100
AcDbTrace
 10
-714.9096827355515
 20
476.8883486781715
 30
0.0
 11
-714.8774987983196
 21
477.487484884876
 31
0.0
 12
-716.690999387049
 22
477.2844685932197
 32
0.0
 13
-716.690999387049
 23
477.2844685932197
 33
0.0
  0
SOLID
  5
1AA78B
330
1AA4C7
100
AcDbEntity
  8
0
  6
ByBlock
 62
     5
440
 16777216
370
    -2
100
AcDbTrace
 10
-718.8005930759992
 20
477.4532485598014
 30
0.0
 11
-718.7579576719513
 21
476.854765291596
 31
0.0
 12
-716.9838255693593
 22
477.2819131378422
 32
0.0
 13
-716.9838255693593
 23
477.2819131378422
 33
0.0
  0
MTEXT
  5
1AA78C
330
1AA4C7
100
AcDbEntity
  8
0
  6
ByBlock
 62
     1
440
 16777216
370
    -2
100
AcDbMText
 10
-710.879956535269
 20
478.3301252763391
 30
0.0
 40
2.5
 41
0.0
 46
0.0
 71
     5
 72
     1
  1
1\U+00B0
 11
0.9769820929832622
 21
-0.2133213303681673
 31
0.0
 73
     1
 44
1.0
  0
POINT
  5
1AA78D
330
1AA4C7
100
AcDbEntity
  8
DEFPOINTS
  6
ByBlock
 62
     0
440
 16777216
370
    -2
100
AcDbPoint
 10
-716.8862223482512
 20
477.2833328192568
 30
0.0
  0
POINT
  5
1AA78E
330
1AA4C7
100
AcDbEntity
  8
DEFPOINTS
  6
ByBlock
 62
     0
440
 16777216
370
    -2
100
AcDbPoint
 10
-716.6909993870489
 20
460.5059123803051
 30
0.0
  0
POINT
  5
1AA78F
330
1AA4C7
100
AcDbEntity
  8
DEFPOINTS
  6
ByBlock
 62
     0
440
 16777216
370
    -2
100
AcDbPoint
 10
-716.3353956808641
 20
440.133389686902
 30
0.0
  0
POINT
  5
1AA790
330
1AA4C7
100
AcDbEntity
  8
DEFPOINTS
  6
ByBlock
 62
     0
440
 16777216
370
    -2
100
AcDbPoint
 10
-716.6909993870489
 20
460.5059123803051
 30
0.0
  0
POINT
  5
1AA791
330
1AA4C7
100
AcDbEntity
  8
DEFPOINTS
  6
ByBlock
 62
     0
440
 16777216
370
    -2
100
AcDbPoint
 10
-716.6909993870489
 20
426.9873216082574
 30
0.0
  0
ENDBLK
  5
1AA4C9
330
1AA4C7
100
AcDbEntity
  8
0
 62
     1
370
    -2
100
AcDbBlockEnd
  0
BLOCK
  5
1AA4EA
330
1AA4E9
100
AcDbEntity
  8
0
 62
     1
370
    -2
100
AcDbBlockBegin
  2
*D60
 70
     1
 10
0.0
 20
0.0
 30
0.0
  3
*D60
  1

  0
LINE
  5
1AA792
330
1AA4E9
100
AcDbEntity
  8
0
  6
ByBlock
 62
     5
440
 16777216
100
AcDbLine
 10
-807.4086117202719
 20
465.8116693858048
 30
0.0
 11
-821.1231599816768
 21
465.8116693858049
 31
0.0
  0
ARC
  5
1AA793
330
1AA4E9
100
AcDbEntity
  8
0
  6
ByBlock
 62
     5
440
 16777216
100
AcDbCircle
 10
-806.7836117202718
 20
465.8116693858048
 30
0.0
 40
13.08954826140488
100
AcDbArc
 50
190.9597410165234
 51
258.0402589839843
  0
SOLID
  5
1AA794
330
1AA4E9
100
AcDbEntity
  8
0
  6
ByBlock
 62
     5
440
 16777216
370
    -2
100
AcDbTrace
 10
-820.0491823071745
 20
463.2833048448342
 30
0.0
 11
-819.2196574654815
 21
463.3628848766172
 31
0.0
 12
-819.8731599816769
 22
465.8116693858049
 32
0.0
 13
-819.8731599816769
 23
465.8116693858049
 33
0.0
  0
SOLID
  5
1AA795
330
1AA4E9
100
AcDbEntity
  8
0
  6
ByBlock
 62
     5
440
 16777216
370
    -2
100
AcDbTrace
 10
-809.449062192426
 20
453.4202548931056
 30
0.0
 11
-809.5431073084643
 21
452.592245255122
 31
0.0
 12
-807.0120558364944
 22
452.7241147259988
 32
0.0
 13
-807.0120558364944
 23
452.7241147259988
 33
0.0
  0
MTEXT
  5
1AA796
330
1AA4E9
100
AcDbEntity
  8
0
  6
ByBlock
 62
     1
440
 16777216
370
    -2
100
AcDbMText
 10
-814.7823933047453
 20
457.951288614413
 30
0.0
 40
2.5
 41
0.0
 46
0.0
 71
     5
 72
     1
  1
89\U+00B0
 11
0.7009092643030118
 21
-0.7132504491510754
 31
0.0
 73
     1
 44
1.0
  0
POINT
  5
1AA797
330
1AA4E9
100
AcDbEntity
  8
DEFPOINTS
  6
ByBlock
 62
     0
440
 16777216
370
    -2
100
AcDbPoint
 10
-818.1573769376312
 20
459.3329551253953
 30
0.0
  0
POINT
  5
1AA798
330
1AA4E9
100
AcDbEntity
  8
DEFPOINTS
  6
ByBlock
 62
     0
440
 16777216
370
    -2
100
AcDbPoint
 10
-806.8762240532491
 20
460.5059123803051
 30
0.0
  0
POINT
  5
1AA799
330
1AA4E9
100
AcDbEntity
  8
DEFPOINTS
  6
ByBlock
 62
     0
440
 16777216
370
    -2
100
AcDbPoint
 10
-722.0901769409493
 20
465.8116693858048
 30
0.0
  0
POINT
  5
1AA79A
330
1AA4E9
100
AcDbEntity
  8
DEFPOINTS
  6
ByBlock
 62
     0
440
 16777216
370
    -2
100
AcDbPoint
 10
-801.4770464993491
 20
465.8116693858049
 30
0.0
  0
POINT
  5
1AA79B
330
1AA4E9
100
AcDbEntity
  8
DEFPOINTS
  6
ByBlock
 62
     0
440
 16777216
370
    -2
100
AcDbPoint
 10
-807.2318277594517
 20
440.1333896858557
 30
0.0
  0
ENDBLK
  5
1AA4EB
330
1AA4E9
100
AcDbEntity
  8
0
 62
     1
370
    -2
100
AcDbBlockEnd
  0
BLOCK
  5
1AA4F8
330
1AA4F7
100
AcDbEntity
  8
0
 62
     1
370
    -2
100
AcDbBlockBegin
  2
*D61
 70
     1
 10
0.0
 20
0.0
 30
0.0
  3
*D61
  1

  0
LINE
  5
1AA79C
330
1AA4F7
100
AcDbEntity
  8
0
  6
ByBlock
 62
     5
440
 16777216
100
AcDbLine
 10
-813.2773689793754
 20
426.6224169979258
 30
0.0
 11
-806.905053718135
 21
431.3199918320793
 31
0.0
  0
MTEXT
  5
1AA79D
330
1AA4F7
100
AcDbEntity
  8
0
  6
ByBlock
 62
     1
440
 16777216
370
    -2
100
AcDbMText
 10
-812.2099499033559
 20
429.7387146346406
 30
0.0
 40
2.5
 41
0.0
 46
0.0
 71
     5
 72
     1
  1
R4
 11
0.8049240329987986
 21
0.5933778737878157
 31
0.0
 73
     1
 44
1.0
  0
LINE
  5
1AA79E
330
1AA4F7
100
AcDbEntity
  8
0
  6
ByBlock
 62
     5
440
 16777216
100
AcDbLine
 10
-795.2336552396496
 20
439.9239710020047
 30
0.0
 11
-804.8927436356379
 21
432.8034365165489
 31
0.0
  0
SOLID
  5
1AA79F
330
1AA4F7
100
AcDbEntity
  8
0
  6
ByBlock
 62
     5
440
 16777216
370
    -2
100
AcDbTrace
 10
-807.1522944988798
 20
431.6553768458288
 30
0.0
 11
-806.6578129373901
 21
430.98460681833
 31
0.0
 12
-804.8927436356379
 22
432.8034365165489
 32
0.0
 13
-804.8927436356379
 23
432.8034365165489
 33
0.0
  0
POINT
  5
1AA7A0
330
1AA4F7
100
AcDbEntity
  8
DEFPOINTS
  6
ByBlock
 62
     0
440
 16777216
370
    -2
100
AcDbPoint
 10
-804.8927436356379
 20
432.8034365165489
 30
0.0
  0
POINT
  5
1AA7A1
330
1AA4F7
100
AcDbEntity
  8
DEFPOINTS
  6
ByBlock
 62
     0
440
 16777216
370
    -2
100
AcDbPoint
 10
-795.2336552396496
 20
439.9239710020047
 30
0.0
  0
ENDBLK
  5
1AA4F9
330
1AA4F7
100
AcDbEntity
  8
0
 62
     1
370
    -2
100
AcDbBlockEnd
  0
BLOCK
  5
1AA510
330
1AA50F
100
AcDbEntity
  8
0
 62
     1
370
    -2
100
AcDbBlockBegin
  2
*D62
 70
     1
 10
0.0
 20
0.0
 30
0.0
  3
*D62
  1

  0
LINE
  5
1AA7A2
330
1AA50F
100
AcDbEntity
  8
0
  6
ByBlock
 62
     5
440
 16777216
100
AcDbLine
 10
-710.9946832091017
 20
425.7158743070887
 30
0.0
 11
-717.1180812544357
 21
430.7336036231751
 31
0.0
  0
MTEXT
  5
1AA7A3
330
1AA50F
100
AcDbEntity
  8
0
  6
ByBlock
 62
     1
440
 16777216
370
    -2
100
AcDbMText
 10
-711.9011203339588
 20
428.8827443996446
 30
0.0
 40
2.5
 41
0.0
 46
0.0
 71
     5
 72
     1
  1
R4
 11
0.7734818583579674
 21
-0.6338184399266918
 31
0.0
 73
     1
 44
1.0
  0
LINE
  5
1AA7A4
330
1AA50F
100
AcDbEntity
  8
0
  6
ByBlock
 62
     5
440
 16777216
100
AcDbLine
 10
-728.333568200561
 20
439.9239710020586
 30
0.0
 11
-719.0517859003306
 21
432.3181497229918
 31
0.0
  0
SOLID
  5
1AA7A5
330
1AA50F
100
AcDbEntity
  8
0
  6
ByBlock
 62
     5
440
 16777216
370
    -2
100
AcDbTrace
 10
-716.8539902377997
 20
431.0558877308242
 30
0.0
 11
-717.3821722710719
 21
430.4113195155259
 31
0.0
 12
-719.0517859003306
 22
432.3181497229918
 32
0.0
 13
-719.0517859003306
 23
432.3181497229918
 33
0.0
  0
POINT
  5
1AA7A6
330
1AA50F
100
AcDbEntity
  8
DEFPOINTS
  6
ByBlock
 62
     0
440
 16777216
370
    -2
100
AcDbPoint
 10
-719.0517859003306
 20
432.3181497229918
 30
0.0
  0
POINT
  5
1AA7A7
330
1AA50F
100
AcDbEntity
  8
DEFPOINTS
  6
ByBlock
 62
     0
440
 16777216
370
    -2
100
AcDbPoint
 10
-728.333568200561
 20
439.9239710020586
 30
0.0
  0
ENDBLK
  5
1AA511
330
1AA50F
100
AcDbEntity
  8
0
 62
     1
370
    -2
100
AcDbBlockEnd
  0
BLOCK
  5
1AA51A
330
1AA519
100
AcDbEntity
  8
0
 62
     1
370
    -2
100
AcDbBlockBegin
  2
*D63
 70
     1
 10
0.0
 20
0.0
 30
0.0
  3
*D63
  1

  0
LINE
  5
1AA7A8
330
1AA519
100
AcDbEntity
  8
0
  6
ByBlock
 62
     5
440
 16777216
100
AcDbLine
 10
-745.4516788508024
 20
455.6432800412645
 30
0.0
 11
-748.3110945091503
 21
444.9717955218367
 31
0.0
  0
ARC
  5
1AA7A9
330
1AA519
100
AcDbEntity
  8
0
  6
ByBlock
 62
     5
440
 16777216
100
AcDbCircle
 10
-743.8524537461952
 20
461.6116693858052
 30
0.0
 40
15.97686505612306
100
AcDbArc
 50
263.97460079492
 51
351.0253992084554
  0
SOLID
  5
1AA7AA
330
1AA519
100
AcDbEntity
  8
0
  6
ByBlock
 62
     5
440
 16777216
370
    -2
100
AcDbTrace
 10
-745.6055567502215
 20
445.3133964518728
 30
0.0
 11
-745.4535122007921
 21
446.1327418609851
 31
0.0
 12
-747.9875707028433
 22
446.1792028047169
 32
0.0
 13
-747.9875707028433
 23
446.1792028047169
 33
0.0
  0
SOLID
  5
1AA7AB
330
1AA519
100
AcDbEntity
  8
0
  6
ByBlock
 62
     5
440
 16777216
370
    -2
100
AcDbTrace
 10
-728.4865734661977
 20
459.1519318562188
 30
0.0
 11
-727.6557945497845
 21
459.0867334169125
 31
0.0
 12
-727.8755886900722
 22
461.611669385805
 32
0.0
 13
-727.8755886900722
 23
461.611669385805
 33
0.0
  0
MTEXT
  5
1AA7AC
330
1AA519
100
AcDbEntity
  8
0
  6
ByBlock
 62
     1
440
 16777216
370
    -2
100
AcDbMText
 10
-735.2677822226121
 20
450.4239076394467
 30
0.0
 40
2.5
 41
0.0
 46
0.0
 71
     5
 72
     1
  1
105\U+00B0
 11
0.7933533402733124
 21
0.6087614290320781
 31
0.0
 73
     1
 44
1.0
  0
POINT
  5
1AA7AD
330
1AA519
100
AcDbEntity
  8
DEFPOINTS
  6
ByBlock
 62
     0
440
 16777216
370
    -2
100
AcDbPoint
 10
-738.3880440692154
 20
446.5983271894888
 30
0.0
  0
POINT
  5
1AA7AE
330
1AA519
100
AcDbEntity
  8
DEFPOINTS
  6
ByBlock
 62
     0
440
 16777216
370
    -2
100
AcDbPoint
 10
-744.2099316550693
 20
460.2775436669894
 30
0.0
  0
POINT
  5
1AA7AF
330
1AA519
100
AcDbEntity
  8
DEFPOINTS
  6
ByBlock
 62
     0
440
 16777216
370
    -2
100
AcDbPoint
 10
-721.8836117201488
 20
461.6116693858048
 30
0.0
  0
POINT
  5
1AA7B0
330
1AA519
100
AcDbEntity
  8
DEFPOINTS
  6
ByBlock
 62
     0
440
 16777216
370
    -2
100
AcDbPoint
 10
-742.4712651677491
 20
461.6116693858052
 30
0.0
  0
POINT
  5
1AA7B1
330
1AA519
100
AcDbEntity
  8
DEFPOINTS
  6
ByBlock
 62
     0
440
 16777216
370
    -2
100
AcDbPoint
 10
-745.289916947649
 20
456.2469836827047
 30
0.0
  0
ENDBLK
  5
1AA51B
330
1AA519
100
AcDbEntity
  8
0
 62
     1
370
    -2
100
AcDbBlockEnd
  0
BLOCK
  5
1AA528
330
1AA527
100
AcDbEntity
  8
0
 62
     1
370
    -2
100
AcDbBlockBegin
  2
*D64
 70
     1
 10
0.0
 20
0.0
 30
0.0
  3
*D64
  1

  0
LINE
  5
1AA7B2
330
1AA527
100
AcDbEntity
  8
0
  6
ByBlock
 62
     5
440
 16777216
100
AcDbLine
 10
-806.8653162992797
 20
461.1308171897778
 30
0.0
 11
-806.5615823629515
 21
478.531722756788
 31
0.0
  0
LINE
  5
1AA7B3
330
1AA527
100
AcDbEntity
  8
0
  6
ByBlock
 62
     5
440
 16777216
100
AcDbLine
 10
-806.8762240532974
 20
461.1309123803049
 30
0.0
 11
-806.8762240532974
 21
478.5344685932197
 31
0.0
  0
ARC
  5
1AA7B4
330
1AA527
100
AcDbEntity
  8
0
  6
ByBlock
 62
     5
440
 16777216
100
AcDbCircle
 10
-806.8762240532974
 20
460.505912380305
 30
0.0
 40
16.7785562129147
100
AcDbArc
 50
76.68293794067064
 51
89.00000000050612
  0
LINE
  5
1AA7B5
330
1AA527
100
AcDbEntity
  8
0
  6
ByBlock
 62
     5
440
 16777216
100
AcDbLine
 10
-803.0114593169683
 20
476.8332986415154
 30
0.0
 11
-799.3622956045143
 21
475.9695254075539
 31
0.0
  0
ARC
  5
1AA7B6
330
1AA527
100
AcDbEntity
  8
0
  6
ByBlock
 62
     5
440
 16777216
100
AcDbCircle
 10
-806.8762240532974
 20
460.505912380305
 30
0.0
 40
16.7785562129147
100
AcDbArc
 50
76.7007387240999
 51
82.85036936230303
  0
ARC
  5
1AA7B7
330
1AA527
100
AcDbEntity
  8
0
  6
ByBlock
 62
     5
440
 16777216
100
AcDbCircle
 10
-806.8762240532974
 20
460.505912380305
 30
0.0
 40
16.7785562129147
100
AcDbArc
 50
96.14963063820299
 51
102.2992612764061
  0
ARC
  5
1AA7B8
330
1AA527
100
AcDbEntity
  8
0
  6
ByBlock
 62
     5
440
 16777216
100
AcDbCircle
 10
-806.8762240532974
 20
460.505912380305
 30
0.0
 40
16.7785562129147
100
AcDbArc
 50
89.00000000050612
 51
89.99999999999991
  0
SOLID
  5
1AA7B9
330
1AA527
100
AcDbEntity
  8
0
  6
ByBlock
 62
     5
440
 16777216
370
    -2
100
AcDbTrace
 10
-804.8092657683952
 20
476.854765291596
 30
0.0
 11
-804.7666303643474
 21
477.4532485598013
 31
0.0
 12
-806.5833978709871
 22
477.2819131378423
 32
0.0
 13
-806.5833978709871
 23
477.2819131378423
 33
0.0
  0
SOLID
  5
1AA7BA
330
1AA527
100
AcDbEntity
  8
0
  6
ByBlock
 62
     5
440
 16777216
370
    -2
100
AcDbTrace
 10
-808.6897246420269
 20
477.487484884876
 30
0.0
 11
-808.657540704795
 21
476.8883486781716
 31
0.0
 12
-806.8762240532974
 22
477.2844685932197
 32
0.0
 13
-806.8762240532974
 23
477.2844685932197
 33
0.0
  0
MTEXT
  5
1AA7BB
330
1AA527
100
AcDbEntity
  8
0
  6
ByBlock
 62
     1
440
 16777216
370
    -2
100
AcDbMText
 10
-800.7549908437605
 20
478.2259938807619
 30
0.0
 40
2.5
 41
0.0
 46
0.0
 71
     5
 72
     1
  1
1\U+00B0
 11
0.9731103233210898
 21
-0.2303395290563999
 31
0.0
 73
     1
 44
1.0
  0
POINT
  5
1AA7BC
330
1AA527
100
AcDbEntity
  8
DEFPOINTS
  6
ByBlock
 62
     0
440
 16777216
370
    -2
100
AcDbPoint
 10
-806.7786109207755
 20
477.2841846473263
 30
0.0
  0
POINT
  5
1AA7BD
330
1AA527
100
AcDbEntity
  8
DEFPOINTS
  6
ByBlock
 62
     0
440
 16777216
370
    -2
100
AcDbPoint
 10
-806.8762240532974
 20
460.505912380305
 30
0.0
  0
POINT
  5
1AA7BE
330
1AA527
100
AcDbEntity
  8
DEFPOINTS
  6
ByBlock
 62
     0
440
 16777216
370
    -2
100
AcDbPoint
 10
-807.2318277594824
 20
440.133389686902
 30
0.0
  0
POINT
  5
1AA7BF
330
1AA527
100
AcDbEntity
  8
DEFPOINTS
  6
ByBlock
 62
     0
440
 16777216
370
    -2
100
AcDbPoint
 10
-806.8762240532974
 20
460.505912380305
 30
0.0
  0
POINT
  5
1AA7C0
330
1AA527
100
AcDbEntity
  8
DEFPOINTS
  6
ByBlock
 62
     0
440
 16777216
370
    -2
100
AcDbPoint
 10
-806.8762240532976
 20
426.9873216082573
 30
0.0
  0
ENDBLK
  5
1AA529
330
1AA527
100
AcDbEntity
  8
0
 62
     1
370
    -2
100
AcDbBlockEnd
  0
BLOCK
  5
1AA54A
330
1AA549
100
AcDbEntity
  8
0
 62
     1
370
    -2
100
AcDbBlockBegin
  2
*D65
 70
     1
 10
0.0
 20
0.0
 30
0.0
  3
*D65
  1

  0
LINE
  5
1AA7C1
330
1AA549
100
AcDbEntity
  8
0
  6
ByBlock
 62
     5
440
 16777216
100
AcDbLine
 10
-802.5836117201489
 20
461.3366693858049
 30
0.0
 11
-802.5836117201489
 21
487.6333873746625
 31
0.0
  0
LINE
  5
1AA7C2
330
1AA549
100
AcDbEntity
  8
0
  6
ByBlock
 62
     5
440
 16777216
100
AcDbLine
 10
-720.9836117201489
 20
461.3366693858048
 30
0.0
 11
-720.9836117201489
 21
487.6333873746625
 31
0.0
  0
LINE
  5
1AA7C3
330
1AA549
100
AcDbEntity
  8
0
  6
ByBlock
 62
     5
440
 16777216
100
AcDbLine
 10
-800.0836117201489
 20
486.3833873746624
 30
0.0
 11
-723.4836117201489
 21
486.3833873746624
 31
0.0
  0
SOLID
  5
1AA7C4
330
1AA549
100
AcDbEntity
  8
0
  6
ByBlock
 62
     5
440
 16777216
370
    -2
100
AcDbTrace
 10
-800.0836117201489
 20
486.8000540413292
 30
0.0
 11
-800.0836117201489
 21
485.9667207079958
 31
0.0
 12
-802.5836117201489
 22
486.3833873746624
 32
0.0
 13
-802.5836117201489
 23
486.3833873746624
 33
0.0
  0
SOLID
  5
1AA7C5
330
1AA549
100
AcDbEntity
  8
0
  6
ByBlock
 62
     5
440
 16777216
370
    -2
100
AcDbTrace
 10
-723.4836117201489
 20
486.8000540413292
 30
0.0
 11
-723.4836117201489
 21
485.9667207079958
 31
0.0
 12
-720.9836117201489
 22
486.3833873746624
 32
0.0
 13
-720.9836117201489
 23
486.3833873746624
 33
0.0
  0
MTEXT
  5
1AA7C6
330
1AA549
100
AcDbEntity
  8
0
  6
ByBlock
 62
     1
440
 16777216
370
    -2
100
AcDbMText
 10
-761.7836117201489
 20
488.4667207079957
 30
0.0
 40
2.5
 41
0.0
 46
0.0
 71
     5
 72
     1
  1
27,2±0,15
 73
     1
 44
1.0
  0
POINT
  5
1AA7C7
330
1AA549
100
AcDbEntity
  8
DEFPOINTS
  6
ByBlock
 62
     0
440
 16777216
370
    -2
100
AcDbPoint
 10
-802.5836117201489
 20
460.7116693858049
 30
0.0
  0
POINT
  5
1AA7C8
330
1AA549
100
AcDbEntity
  8
DEFPOINTS
  6
ByBlock
 62
     0
440
 16777216
370
    -2
100
AcDbPoint
 10
-720.9836117201489
 20
460.7116693858048
 30
0.0
  0
POINT
  5
1AA7C9
330
1AA549
100
AcDbEntity
  8
DEFPOINTS
  6
ByBlock
 62
     0
440
 16777216
370
    -2
100
AcDbPoint
 10
-720.9836117201489
 20
486.3833873746624
 30
0.0
  0
ENDBLK
  5
1AA54B
330
1AA549
100
AcDbEntity
  8
0
 62
     1
370
    -2
100
AcDbBlockEnd
  0
BLOCK
  5
1AA687
330
1AA686
100
AcDbEntity
  8
0
 62
     1
370
    -2
100
AcDbBlockBegin
  2
*D66
 70
     1
 10
0.0
 20
0.0
 30
0.0
  3
*D66
  1

  0
LINE
  5
1AA6B4
330
1AA686
100
AcDbEntity
  8
0
  6
ByBlock
 62
     5
440
 16777216
370
    20
100
AcDbLine
 10
-689.7206316451709
 20
375.4302586748391
 30
0.0
 11
-689.7206316451709
 21
381.1147898387919
 31
0.0
  0
LINE
  5
1AA6B5
330
1AA686
100
AcDbEntity
  8
0
  6
ByBlock
 62
     5
440
 16777216
370
    20
100
AcDbLine
 10
-685.7206316451705
 20
375.4302586748311
 30
0.0
 11
-685.7206316451705
 21
381.1147898387919
 31
0.0
  0
LINE
  5
1AA6B6
330
1AA686
100
AcDbEntity
  8
0
  6
ByBlock
 62
     5
440
 16777216
370
    20
100
AcDbLine
 10
-692.220631645171
 20
379.8647898387919
 30
0.0
 11
-694.720631645171
 21
379.8647898387919
 31
0.0
  0
LINE
  5
1AA6B7
330
1AA686
100
AcDbEntity
  8
0
  6
ByBlock
 62
     5
440
 16777216
370
    20
100
AcDbLine
 10
-683.2206316451705
 20
379.8647898387919
 30
0.0
 11
-680.7206316451705
 21
379.8647898387919
 31
0.0
  0
LINE
  5
1AA6B8
330
1AA686
100
AcDbEntity
  8
0
  6
ByBlock
 62
     5
440
 16777216
370
    20
100
AcDbLine
 10
-689.7206316451709
 20
379.8647898387919
 30
0.0
 11
-685.7206316451705
 21
379.8647898387919
 31
0.0
  0
SOLID
  5
1AA6B9
330
1AA686
100
AcDbEntity
  8
0
  6
ByBlock
 62
     5
440
 16777216
370
    -2
100
AcDbTrace
 10
-692.220631645171
 20
380.2814565054586
 30
0.0
 11
-692.220631645171
 21
379.4481231721253
 31
0.0
 12
-689.7206316451709
 22
379.8647898387919
 32
0.0
 13
-689.7206316451709
 23
379.8647898387919
 33
0.0
  0
SOLID
  5
1AA6BA
330
1AA686
100
AcDbEntity
  8
0
  6
ByBlock
 62
     5
440
 16777216
370
    -2
100
AcDbTrace
 10
-683.2206316451705
 20
380.2814565054586
 30
0.0
 11
-683.2206316451705
 21
379.4481231721253
 31
0.0
 12
-685.7206316451705
 22
379.8647898387919
 32
0.0
 13
-685.7206316451705
 23
379.8647898387919
 33
0.0
  0
MTEXT
  5
1AA6BB
330
1AA686
100
AcDbEntity
  8
0
  6
ByBlock
 62
     1
440
 16777216
370
    -2
100
AcDbMText
 10
-687.7206316451707
 20
381.9481231721253
 30
0.0
 40
2.5
 41
0.0
 46
0.0
 71
     5
 72
     1
  1
0,8
 73
     1
 44
1.0
  0
POINT
  5
1AA6BC
330
1AA686
100
AcDbEntity
  8
DEFPOINTS
  6
ByBlock
 62
     0
440
 16777216
370
    -2
100
AcDbPoint
 10
-689.7206316451709
 20
374.8052586748391
 30
0.0
  0
POINT
  5
1AA6BD
330
1AA686
100
AcDbEntity
  8
DEFPOINTS
  6
ByBlock
 62
     0
440
 16777216
370
    -2
100
AcDbPoint
 10
-685.7206316451705
 20
374.8052586748311
 30
0.0
  0
POINT
  5
1AA6BE
330
1AA686
100
AcDbEntity
  8
DEFPOINTS
  6
ByBlock
 62
     0
440
 16777216
370
    -2
100
AcDbPoint
 10
-685.7206316451705
 20
379.8647898387919
 30
0.0
  0
ENDBLK
  5
1AA688
330
1AA686
100
AcDbEntity
  8
0
 62
     1
370
    -2
100
AcDbBlockEnd
  0
BLOCK
  5
1AA6A1
330
1AA6A0
100
AcDbEntity
  8
0
 62
     1
370
    -2
100
AcDbBlockBegin
  2
*D67
 70
     1
 10
0.0
 20
0.0
 30
0.0
  3
*D67
  1

  0
LINE
  5
1AA6BF
330
1AA6A0
100
AcDbEntity
  8
0
  6
ByBlock
 62
     5
440
 16777216
370
    20
100
AcDbLine
 10
-678.0834179905487
 20
359.0596888981086
 30
0.0
 11
-684.0840858620373
 21
371.4312080083912
 31
0.0
  0
MTEXT
  5
1AA6C0
330
1AA6A0
100
AcDbEntity
  8
0
  6
ByBlock
 62
     1
440
 16777216
370
    -2
100
AcDbMText
 10
-678.6637640727816
 20
365.0299569995102
 30
0.0
 40
2.5
 41
0.0
 46
0.0
 71
     5
 72
     1
  1
R0,25
 11
0.4364122088355351
 21
-0.89974684438418
 31
0.0
 73
     1
 44
1.0
  0
LINE
  5
1AA6C1
330
1AA6A0
100
AcDbEntity
  8
0
  6
ByBlock
 62
     5
440
 16777216
370
    20
100
AcDbLine
 10
-685.7206316451703
 20
374.8052586748313
 30
0.0
 11
-685.1751163841262
 21
373.6805751193515
 31
0.0
  0
SOLID
  5
1AA6C2
330
1AA6A0
100
AcDbEntity
  8
0
  6
ByBlock
 62
     5
440
 16777216
370
    -2
100
AcDbTrace
 10
-683.7091913435439
 20
371.6130464287393
 30
0.0
 11
-684.4589803805307
 21
371.249369588043
 31
0.0
 12
-685.1751163841262
 22
373.6805751193515
 32
0.0
 13
-685.1751163841262
 23
373.6805751193515
 33
0.0
  0
POINT
  5
1AA6C3
330
1AA6A0
100
AcDbEntity
  8
DEFPOINTS
  6
ByBlock
 62
     0
440
 16777216
370
    -2
100
AcDbPoint
 10
-685.1751163841262
 20
373.6805751193515
 30
0.0
  0
POINT
  5
1AA6C4
330
1AA6A0
100
AcDbEntity
  8
DEFPOINTS
  6
ByBlock
 62
     0
440
 16777216
370
    -2
100
AcDbPoint
 10
-685.7206316451703
 20
374.8052586748313
 30
0.0
  0
ENDBLK
  5
1AA6A2
330
1AA6A0
100
AcDbEntity
  8
0
 62
     1
370
    -2
100
AcDbBlockEnd
  0
BLOCK
  5
1AA6AB
330
1AA6AA
100
AcDbEntity
  8
0
 62
     1
370
    -2
100
AcDbBlockBegin
  2
*D68
 70
     1
 10
0.0
 20
0.0
 30
0.0
  3
*D68
  1

  0
LINE
  5
1AA6C5
330
1AA6AA
100
AcDbEntity
  8
0
  6
ByBlock
 62
     5
440
 16777216
370
    20
100
AcDbLine
 10
-695.6519587211541
 20
358.3410745432852
 30
0.0
 11
-690.9916303043097
 21
371.2772192180773
 31
0.0
  0
MTEXT
  5
1AA6C6
330
1AA6AA
100
AcDbEntity
  8
0
  6
ByBlock
 62
     1
440
 16777216
370
    -2
100
AcDbMText
 10
-695.7054826528681
 20
364.3392440946159
 30
0.0
 40
2.5
 41
0.0
 46
0.0
 71
     5
 72
     1
  1
R0,25
 11
0.338932975770504
 21
0.9408105218030625
 31
0.0
 73
     1
 44
1.0
  0
LINE
  5
1AA6C7
330
1AA6AA
100
AcDbEntity
  8
0
  6
ByBlock
 62
     5
440
 16777216
370
    20
100
AcDbLine
 10
-689.7206316451703
 20
374.8052586748388
 30
0.0
 11
-690.1442978648835
 21
373.629245522585
 31
0.0
  0
SOLID
  5
1AA6C8
330
1AA6AA
100
AcDbEntity
  8
0
  6
ByBlock
 62
     5
440
 16777216
370
    -2
100
AcDbTrace
 10
-691.3836346883942
 20
371.4184412913151
 30
0.0
 11
-690.5996259202252
 21
371.1359971448396
 31
0.0
 12
-690.1442978648835
 22
373.629245522585
 32
0.0
 13
-690.1442978648835
 23
373.629245522585
 33
0.0
  0
POINT
  5
1AA6C9
330
1AA6AA
100
AcDbEntity
  8
DEFPOINTS
  6
ByBlock
 62
     0
440
 16777216
370
    -2
100
AcDbPoint
 10
-690.1442978648835
 20
373.629245522585
 30
0.0
  0
POINT
  5
1AA6CA
330
1AA6AA
100
AcDbEntity
  8
DEFPOINTS
  6
ByBlock
 62
     0
440
 16777216
370
    -2
100
AcDbPoint
 10
-689.7206316451703
 20
374.8052586748388
 30
0.0
  0
ENDBLK
  5
1AA6AC
330
1AA6AA
100
AcDbEntity
  8
0
 62
     1
370
    -2
100
AcDbBlockEnd
  0
BLOCK
  5
1AA6D0
330
1AA6CB
100
AcDbEntity
  8
0
 62
     1
370
    -2
100
AcDbBlockBegin
  2
A$C67dae859
 70
     0
 10
0.0
 20
0.0
 30
0.0
  3
A$C67dae859
  1

  0
LWPOLYLINE
  5
1AA6CC
330
1AA6CB
100
AcDbEntity
  8
0
  6
Continuous
 62
     7
370
    25
100
AcDbPolyline
 90
        8
 70
     1
 43
0.0
 10
28.38115897758701
 20
14.09999905393488
 10
1.918869124787079
 20
14.09999905393488
 42
0.4091108014277009
 10
0.1191432734869977
 20
12.33141338543498
 10
0.0006087047527217
 20
5.540572487285203
 42
0.3441873625763565
 10
2.962788892918752
 20
1.60758181332801
 42
0.1319072010697722
 10
27.33723920946045
 20
1.607581813369961
 42
0.344187362600742
 10
30.29941939761534
 20
5.540572487633994
 10
30.18088482888698
 20
12.33141338543498
 42
0.4091108014277009
  0
LWPOLYLINE
  5
1AA6CD
330
1AA6CB
100
AcDbEntity
  8
0
  6
Continuous
 62
     7
370
    25
100
AcDbPolyline
 90
       44
 70
     1
 43
0.0
 10
15.30001405118719
 20
4.499999053934971
 42
0.9999999999990903
 10
15.80001405118696
 20
4.499999053934971
 10
17.85001405118703
 20
4.499999053934971
 42
-0.4142135623730951
 10
18.6500140511871
 20
3.699999053935016
 10
18.65001405118698
 20
2.406838143234949
 42
0.4426580557951139
 10
19.52679976547267
 20
1.610531698402496
 42
0.0406622503064671
 10
26.81513033029614
 20
2.917291988750548
 42
0.3403215253985931
 10
28.75001405118701
 20
5.430779672234962
 10
28.75001405118701
 20
12.39999905393495
 42
0.4142135623730951
 10
28.45001405118706
 20
12.6999990539349
 10
21.58746290198701
 20
12.69999905393502
 42
0.3394542588633722
 10
21.00790740621357
 20
12.25529048099645
 10
20.64791230868707
 20
10.9117704862349
 42
-0.3394542588633722
 10
19.19902356918703
 20
9.799999053934925
 10
17.55001405118707
 20
9.799999053934925
 42
-0.4142135623730951
 10
17.1500140511871
 20
10.19999905393501
 10
17.15001405118698
 20
10.59999905393488
 42
-0.4142135623730951
 10
17.55001405118707
 20
10.99999905393485
 10
19.16462228688704
 20
10.99999905393497
 42
0.3394542588633722
 10
19.5509926174027
 20
11.29647143589397
 10
19.72468698128705
 20
11.944707626835
 42
0.4931454260313081
 10
19.14513148548701
 20
12.6999990539349
 10
11.15489661688707
 20
12.69999905393502
 42
0.4931454260313081
 10
10.57534112111364
 20
11.94470762687331
 10
10.74903548498696
 20
11.29647143583497
 42
0.3394542588633722
 10
11.13540581548704
 20
10.99999905393497
 10
12.75001405118701
 20
10.99999905393497
 42
-0.4142135623730951
 10
13.15001405118698
 20
10.59999905393488
 10
13.15001405118698
 20
10.19999905393501
 42
-0.4142135623730951
 10
12.75001405118701
 20
9.799999053934925
 10
11.10100453318705
 20
9.799999053934925
 42
-0.3394542588633722
 10
9.652115793687016
 20
10.9117704862349
 10
9.292120696160509
 20
12.25529048099645
 42
0.3394542588633722
 10
8.712565200387075
 20
12.69999905393502
 10
1.850014051187031
 20
12.69999905393502
 42
0.4142135623730951
 10
1.550014051187076
 20
12.39999905393495
 10
1.550014051186963
 20
5.430779672234962
 42
0.3403215253985929
 10
3.484897772155591
 20
2.917291988729857
 42
0.0406622503060254
 10
10.77322833690789
 20
1.610531698486965
 42
0.4426580557951139
 10
11.65001405118698
 20
2.406838143234949
 10
11.65001405118698
 20
3.699999053935016
 42
-0.4142135623730951
 10
12.45001405118705
 20
4.499999053934971
 10
14.50001405118701
 20
4.499999053934971
 42
0.9999999999927243
 10
15.00001405118701
 20
4.499999053934971
  0
ENDBLK
  5
1AA6D1
330
1AA6CB
100
AcDbEntity
  8
0
 62
     1
370
    -2
100
AcDbBlockEnd
  0
BLOCK
  5
1AA86B
330
1AA86A
100
AcDbEntity
  8
0
 62
     1
370
    -2
100
AcDbBlockBegin
  2
*D70
 70
     1
 10
0.0
 20
0.0
 30
0.0
  3
*D70
  1

  0
LINE
  5
1AA86D
330
1AA86A
100
AcDbEntity
  8
0
  6
ByBlock
 62
     5
440
 16777216
100
AcDbLine
 10
-772.5836117201496
 20
430.1364544327056
 30
0.0
 11
-772.5836117201496
 21
409.7428248277031
 31
0.0
  0
LINE
  5
1AA86E
330
1AA86A
100
AcDbEntity
  8
0
  6
ByBlock
 62
     5
440
 16777216
100
AcDbLine
 10
-750.9836117201494
 20
430.1364544324541
 30
0.0
 11
-750.9836117201494
 21
409.7428248277031
 31
0.0
  0
LINE
  5
1AA86F
330
1AA86A
100
AcDbEntity
  8
0
  6
ByBlock
 62
     5
440
 16777216
100
AcDbLine
 10
-770.0836117201496
 20
410.9928248277031
 30
0.0
 11
-753.4836117201495
 21
410.9928248277031
 31
0.0
  0
SOLID
  5
1AA870
330
1AA86A
100
AcDbEntity
  8
0
  6
ByBlock
 62
     5
440
 16777216
370
    -2
100
AcDbTrace
 10
-770.0836117201496
 20
411.4094914943698
 30
0.0
 11
-770.0836117201496
 21
410.5761581610364
 31
0.0
 12
-772.5836117201496
 22
410.9928248277031
 32
0.0
 13
-772.5836117201496
 23
410.9928248277031
 33
0.0
  0
SOLID
  5
1AA871
330
1AA86A
100
AcDbEntity
  8
0
  6
ByBlock
 62
     5
440
 16777216
370
    -2
100
AcDbTrace
 10
-753.4836117201495
 20
411.4094914943698
 30
0.0
 11
-753.4836117201495
 21
410.5761581610364
 31
0.0
 12
-750.9836117201494
 22
410.9928248277031
 32
0.0
 13
-750.9836117201494
 23
410.9928248277031
 33
0.0
  0
MTEXT
  5
1AA872
330
1AA86A
100
AcDbEntity
  8
0
  6
ByBlock
 62
     1
440
 16777216
370
    -2
100
AcDbMText
 10
-761.7836117201496
 20
413.0761581610364
 30
0.0
 40
2.5
 41
0.0
 46
0.0
 71
     5
 72
     1
  1
7,2
 73
     1
 44
1.0
  0
POINT
  5
1AA873
330
1AA86A
100
AcDbEntity
  8
DEFPOINTS
  6
ByBlock
 62
     0
440
 16777216
370
    -2
100
AcDbPoint
 10
-772.5836117201496
 20
430.7614544327056
 30
0.0
  0
POINT
  5
1AA874
330
1AA86A
100
AcDbEntity
  8
DEFPOINTS
  6
ByBlock
 62
     0
440
 16777216
370
    -2
100
AcDbPoint
 10
-750.9836117201494
 20
430.7614544324541
 30
0.0
  0
POINT
  5
1AA875
330
1AA86A
100
AcDbEntity
  8
DEFPOINTS
  6
ByBlock
 62
     0
440
 16777216
370
    -2
100
AcDbPoint
 10
-750.9836117201494
 20
410.9928248277031
 30
0.0
  0
ENDBLK
  5
1AA86C
330
1AA86A
100
AcDbEntity
  8
0
 62
     1
370
    -2
100
AcDbBlockEnd
  0
ENDSEC
  0
SECTION
  2
ENTITIES
  0
MTEXT
  5
1ACF
330
18
100
AcDbEntity
  8
0
  6
ByBlock
 62
     2
100
AcDbMText
 10
-47.5453947354059
 20
249.2823571582743
 30
0.0
 40
1.9435
 41
0.0
 46
0.0
 71
     5
 72
     1
  1

 73
     1
 44
1.0
  0
MTEXT
  5
1AD0
330
18
100
AcDbEntity
  8
0
  6
ByBlock
 62
     2
100
AcDbMText
 10
-129.9692164362
 20
210.6966535659636
 30
0.0
 40
1.9435
 41
0.0
 46
0.0
 71
     5
 72
     1
  1

 11
0.0000000000000001
 21
1.0
 31
0.0
 73
     1
 44
1.0
  0
LINE
  5
1AA94C
330
18
100
AcDbEntity
  8
0
  6
Continuous
 62
     7
370
    25
100
AcDbLine
 10
-689.0335396085153
 20
560.0497612007668
 30
0.0
 11
-715.4958294613152
 21
560.0497612007668
 31
0.0
  0
ARC
  5
1AA94D
330
18
100
AcDbEntity
  8
0
  6
Continuous
 62
     7
370
    25
100
AcDbCircle
 10
-715.4958294612802
 20
558.2497612007139
 30
0.0
 40
1.800000000052932
100
AcDbArc
 50
90.00000000111461
 51
179.0000000011142
  0
LINE
  5
1AA94E
330
18
100
AcDbEntity
  8
0
  6
Continuous
 62
     7
370
    25
100
AcDbLine
 10
-717.2955553126152
 20
558.2811755322669
 30
0.0
 11
-717.4140898813496
 21
551.4903346341172
 31
0.0
  0
ARC
  5
1AA94F
330
18
100
AcDbEntity
  8
0
  6
Continuous
 62
     7
370
    25
100
AcDbCircle
 10
-713.4146990414152
 20
551.4205284061668
 30
0.0
 40
4.000000000001413
100
AcDbArc
 50
179.0000486772974
 51
254.971311336298
  0
ARC
  5
1AA950
330
18
100
AcDbEntity
  8
0
  6
Continuous
 62
     7
370
    25
100
AcDbCircle
 10
-702.2646845349908
 20
592.9497612007361
 30
0.0
 40
46.9999999999898
100
AcDbArc
 50
254.9713113363963
 51
285.0286886638009
  0
ARC
  5
1AA951
330
18
100
AcDbEntity
  8
0
  6
Continuous
 62
     7
370
    25
100
AcDbCircle
 10
-691.1146700283858
 20
551.4205284061846
 30
0.0
 40
3.999999999971738
100
AcDbArc
 50
285.0286886634554
 51
0.999951327452706
  0
LINE
  5
1AA952
330
18
100
AcDbEntity
  8
0
  6
Continuous
 62
     7
370
    25
100
AcDbLine
 10
-687.115279188487
 20
551.4903346344659
 30
0.0
 11
-687.2338137572153
 21
558.2811755322669
 31
0.0
  0
ARC
  5
1AA953
330
18
100
AcDbEntity
  8
0
  6
Continuous
 62
     7
370
    25
100
AcDbCircle
 10
-689.0335396085504
 20
558.249761200714
 30
0.0
 40
1.800000000052988
100
AcDbArc
 50
0.9999999988821967
 51
89.9999999988818
  0
ARC
  5
1AA954
330
18
100
AcDbEntity
  8
0
  6
Continuous
 62
     7
370
    25
100
AcDbCircle
 10
-701.8646845349152
 20
550.9497612007671
 30
0.0
 40
0.2499999999998863
100
AcDbArc
 50
180.0000000000521
 51
359.9999999999479
  0
LINE
  5
1AA955
330
18
100
AcDbEntity
  8
0
  6
Continuous
 62
     7
370
    25
100
AcDbLine
 10
-701.6146845349153
 20
550.9497612007669
 30
0.0
 11
-699.4646845349151
 21
550.9497612007669
 31
0.0
  0
ARC
  5
1AA956
330
18
100
AcDbEntity
  8
0
  6
Continuous
 62
     7
370
    25
100
AcDbCircle
 10
-699.4646845349151
 20
550.1497612007669
 30
0.0
 40
0.8000000000000682
100
AcDbArc
 50
0.0
 51
90.0
  0
LINE
  5
1AA957
330
18
100
AcDbEntity
  8
0
  6
Continuous
 62
     7
370
    25
100
AcDbLine
 10
-698.6646845349151
 20
550.1497612007669
 30
0.0
 11
-698.6646845349152
 21
548.3663562163168
 31
0.0
  0
ARC
  5
1AA958
330
18
100
AcDbEntity
  8
0
  6
Continuous
 62
     7
370
    25
100
AcDbCircle
 10
-697.8646845349154
 20
548.3663562163168
 30
0.0
 40
0.7999999999998409
100
AcDbArc
 50
180.0
 51
275.6363503645334
  0
ARC
  5
1AA959
330
18
100
AcDbEntity
  8
0
  6
Continuous
 62
     7
370
    25
100
AcDbCircle
 10
-702.2646845354302
 20
592.9497612006848
 30
0.0
 40
45.60000000005238
100
AcDbArc
 50
275.6363503645255
 51
284.8218210627532
  0
ARC
  5
1AA95A
330
18
100
AcDbEntity
  8
0
  6
Continuous
 62
     7
370
    25
100
AcDbCircle
 10
-691.2646845348598
 20
551.3805418190712
 30
0.0
 40
2.599999999944571
100
AcDbArc
 50
284.8218210620066
 51
359.9999999999048
  0
LINE
  5
1AA95B
330
18
100
AcDbEntity
  8
0
  6
Continuous
 62
     7
370
    25
100
AcDbLine
 10
-688.6646845349153
 20
551.3805418190669
 30
0.0
 11
-688.6646845349153
 21
558.3497612007668
 31
0.0
  0
ARC
  5
1AA95C
330
18
100
AcDbEntity
  8
0
  6
Continuous
 62
     7
370
    25
100
AcDbCircle
 10
-688.9646845349152
 20
558.3497612007668
 30
0.0
 40
0.2999999999999545
100
AcDbArc
 50
0.0
 51
90.0
  0
LINE
  5
1AA95D
330
18
100
AcDbEntity
  8
0
  6
Continuous
 62
     7
370
    25
100
AcDbLine
 10
-688.9646845349152
 20
558.6497612007669
 30
0.0
 11
-695.8272356841153
 21
558.6497612007669
 31
0.0
  0
ARC
  5
1AA95E
330
18
100
AcDbEntity
  8
0
  6
Continuous
 62
     7
370
    25
100
AcDbCircle
 10
-695.8272356841153
 20
558.049761200767
 30
0.0
 40
0.5999999999999091
100
AcDbArc
 50
90.0
 51
165.0000000000155
  0
LINE
  5
1AA95F
330
18
100
AcDbEntity
  8
0
  6
Continuous
 62
     7
370
    25
100
AcDbLine
 10
-696.4067911798887
 20
558.2050526278284
 30
0.0
 11
-696.7667862774152
 21
556.8615326330668
 31
0.0
  0
ARC
  5
1AA960
330
18
100
AcDbEntity
  8
0
  6
Continuous
 62
     7
370
    25
100
AcDbCircle
 10
-698.2156750168519
 20
557.249761200787
 30
0.0
 40
1.500000000020179
100
AcDbArc
 50
269.9999999975812
 51
344.9999999975821
  0
LINE
  5
1AA961
330
18
100
AcDbEntity
  8
0
  6
Continuous
 62
     7
370
    25
100
AcDbLine
 10
-698.2156750169153
 20
555.7497612007668
 30
0.0
 11
-699.8646845349152
 21
555.7497612007669
 31
0.0
  0
ARC
  5
1AA962
330
18
100
AcDbEntity
  8
0
  6
Continuous
 62
     7
370
    25
100
AcDbCircle
 10
-699.8646845349151
 20
556.1497612007669
 30
0.0
 40
0.400000000000091
100
AcDbArc
 50
180.0
 51
269.9999999999838
  0
LINE
  5
1AA963
330
18
100
AcDbEntity
  8
0
  6
Continuous
 62
     7
370
    25
100
AcDbLine
 10
-700.2646845349151
 20
556.1497612007669
 30
0.0
 11
-700.2646845349153
 21
556.5497612007668
 31
0.0
  0
ARC
  5
1AA964
330
18
100
AcDbEntity
  8
0
  6
Continuous
 62
     7
370
    25
100
AcDbCircle
 10
-699.8646845349153
 20
556.5497612007668
 30
0.0
 40
0.3999999999999772
100
AcDbArc
 50
89.99999999998371
 51
180.0
  0
LINE
  5
1AA965
330
18
100
AcDbEntity
  8
0
  6
Continuous
 62
     7
370
    25
100
AcDbLine
 10
-699.8646845349152
 20
556.9497612007668
 30
0.0
 11
-698.2500762992152
 21
556.9497612007669
 31
0.0
  0
ARC
  5
1AA966
330
18
100
AcDbEntity
  8
0
  6
Continuous
 62
     7
370
    25
100
AcDbCircle
 10
-698.2500762992152
 20
557.349761200767
 30
0.0
 40
0.400000000000091
100
AcDbArc
 50
269.9999999999838
 51
344.9999999999907
  0
LINE
  5
1AA967
330
18
100
AcDbEntity
  8
0
  6
Continuous
 62
     7
370
    25
100
AcDbLine
 10
-697.8637059686994
 20
557.246233582726
 30
0.0
 11
-697.6900116048152
 21
557.894469773667
 31
0.0
  0
ARC
  5
1AA968
330
18
100
AcDbEntity
  8
0
  6
Continuous
 62
     7
370
    25
100
AcDbCircle
 10
-698.2695671006166
 20
558.0497612007376
 30
0.0
 40
0.6000000000293761
100
AcDbArc
 50
344.9999999998468
 51
89.99999999986973
  0
LINE
  5
1AA969
330
18
100
AcDbEntity
  8
0
  6
Continuous
 62
     7
370
    25
100
AcDbLine
 10
-698.2695671006153
 20
558.6497612007669
 30
0.0
 11
-706.2598019692152
 21
558.6497612007669
 31
0.0
  0
ARC
  5
1AA96A
330
18
100
AcDbEntity
  8
0
  6
Continuous
 62
     7
370
    25
100
AcDbCircle
 10
-706.2598019692152
 20
558.0497612007668
 30
0.0
 40
0.6000000000001365
100
AcDbArc
 50
90.0
 51
195.0000000000026
  0
LINE
  5
1AA96B
330
18
100
AcDbEntity
  8
0
  6
Continuous
 62
     7
370
    25
100
AcDbLine
 10
-706.8393574649888
 20
557.8944697737052
 30
0.0
 11
-706.6656631011153
 21
557.2462335826669
 31
0.0
  0
ARC
  5
1AA96C
330
18
100
AcDbEntity
  8
0
  6
Continuous
 62
     7
370
    25
100
AcDbCircle
 10
-706.279292770646
 20
557.3497612007273
 30
0.0
 40
0.39999999996036
100
AcDbArc
 50
195.0000000043987
 51
270.0000000043968
  0
LINE
  5
1AA96D
330
18
100
AcDbEntity
  8
0
  6
Continuous
 62
     7
370
    25
100
AcDbLine
 10
-706.2792927706152
 20
556.9497612007669
 30
0.0
 11
-704.6646845349153
 21
556.9497612007669
 31
0.0
  0
ARC
  5
1AA96E
330
18
100
AcDbEntity
  8
0
  6
Continuous
 62
     7
370
    25
100
AcDbCircle
 10
-704.6646845349153
 20
556.5497612007668
 30
0.0
 40
0.400000000000091
100
AcDbArc
 50
0.0
 51
90.0
  0
LINE
  5
1AA96F
330
18
100
AcDbEntity
  8
0
  6
Continuous
 62
     7
370
    25
100
AcDbLine
 10
-704.2646845349151
 20
556.5497612007668
 30
0.0
 11
-704.2646845349153
 21
556.1497612007669
 31
0.0
  0
ARC
  5
1AA970
330
18
100
AcDbEntity
  8
0
  6
Continuous
 62
     7
370
    25
100
AcDbCircle
 10
-704.6646845349153
 20
556.1497612007669
 30
0.0
 40
0.3999999999999772
100
AcDbArc
 50
270.0
 51
0.0
  0
LINE
  5
1AA971
330
18
100
AcDbEntity
  8
0
  6
Continuous
 62
     7
370
    25
100
AcDbLine
 10
-704.6646845349153
 20
555.749761200767
 30
0.0
 11
-706.3136940529152
 21
555.7497612007669
 31
0.0
  0
ARC
  5
1AA972
330
18
100
AcDbEntity
  8
0
  6
Continuous
 62
     7
370
    25
100
AcDbCircle
 10
-706.3136940529785
 20
557.249761200787
 30
0.0
 40
1.500000000020122
100
AcDbArc
 50
195.0000000024179
 51
270.0000000024187
  0
LINE
  5
1AA973
330
18
100
AcDbEntity
  8
0
  6
Continuous
 62
     7
370
    25
100
AcDbLine
 10
-707.7625827924152
 20
556.8615326330668
 30
0.0
 11
-708.1225778899417
 21
558.2050526278284
 31
0.0
  0
ARC
  5
1AA974
330
18
100
AcDbEntity
  8
0
  6
Continuous
 62
     7
370
    25
100
AcDbCircle
 10
-708.7021333857154
 20
558.0497612007669
 30
0.0
 40
0.6000000000001985
100
AcDbArc
 50
14.99999999998939
 51
89.99999999997831
  0
LINE
  5
1AA975
330
18
100
AcDbEntity
  8
0
  6
Continuous
 62
     7
370
    25
100
AcDbLine
 10
-708.7021333857152
 20
558.649761200767
 30
0.0
 11
-715.5646845349153
 21
558.6497612007669
 31
0.0
  0
ARC
  5
1AA976
330
18
100
AcDbEntity
  8
0
  6
Continuous
 62
     7
370
    25
100
AcDbCircle
 10
-715.5646845349151
 20
558.3497612007668
 30
0.0
 40
0.3000000000001819
100
AcDbArc
 50
90.00000000002172
 51
179.9999999999783
  0
LINE
  5
1AA977
330
18
100
AcDbEntity
  8
0
  6
Continuous
 62
     7
370
    25
100
AcDbLine
 10
-715.8646845349152
 20
558.3497612007668
 30
0.0
 11
-715.8646845349153
 21
551.3805418190669
 31
0.0
  0
ARC
  5
1AA978
330
18
100
AcDbEntity
  8
0
  6
Continuous
 62
     7
370
    25
100
AcDbCircle
 10
-713.2646845349185
 20
551.3805418191112
 30
0.0
 40
2.599999999996839
100
AcDbArc
 50
180.000000000977
 51
255.1781789388782
  0
ARC
  5
1AA979
330
18
100
AcDbEntity
  8
0
  6
Continuous
 62
     7
370
    25
100
AcDbCircle
 10
-702.2646845349158
 20
592.9497612007671
 30
0.0
 40
45.60000000000015
100
AcDbArc
 50
255.1781789380006
 51
264.3636496361304
  0
ARC
  5
1AA97A
330
18
100
AcDbEntity
  8
0
  6
Continuous
 62
     7
370
    25
100
AcDbCircle
 10
-706.6646845349151
 20
548.3663562164007
 30
0.0
 40
0.7999999999998974
100
AcDbArc
 50
264.3636496361212
 51
359.9999999999919
  0
LINE
  5
1AA97B
330
18
100
AcDbEntity
  8
0
  6
Continuous
 62
     7
370
    25
100
AcDbLine
 10
-705.8646845349153
 20
548.3663562164005
 30
0.0
 11
-705.8646845349154
 21
550.1497612007669
 31
0.0
  0
ARC
  5
1AA97C
330
18
100
AcDbEntity
  8
0
  6
Continuous
 62
     7
370
    25
100
AcDbCircle
 10
-705.0646845349153
 20
550.1497612007669
 30
0.0
 40
0.8000000000000682
100
AcDbArc
 50
89.99999999999186
 51
180.0
  0
LINE
  5
1AA97D
330
18
100
AcDbEntity
  8
0
  6
Continuous
 62
     7
370
    25
100
AcDbLine
 10
-705.0646845349152
 20
550.9497612007669
 30
0.0
 11
-702.9146845349153
 21
550.9497612007669
 31
0.0
  0
ARC
  5
1AA97E
330
18
100
AcDbEntity
  8
0
  6
Continuous
 62
     7
370
    25
100
AcDbCircle
 10
-702.6646845349152
 20
550.9497612007687
 30
0.0
 40
0.25
100
AcDbArc
 50
180.0000000004168
 51
359.9999999995831
  0
LINE
  5
1AA97F
330
18
100
AcDbEntity
  8
0
  6
Continuous
 62
     7
370
    25
100
AcDbLine
 10
-702.4146845349153
 20
550.9497612007669
 30
0.0
 11
-702.1146845349151
 21
550.9497612007669
 31
0.0
  0
ENDSEC
  0
SECTION
  2
OBJECTS
  0
DICTIONARY
  5
C
330
0
100
AcDbDictionary
281
     1
  3
ACAD_CIP_PREVIOUS_PRODUCT_INFO
350
19D5B4
  3
ACAD_COLOR
350
1A2BFB
  3
ACAD_DETAILVIEWSTYLE
350
1A2D53
  3
ACAD_GROUP
350
D
  3
ACAD_IMAGE_VARS
350
1A2A1F
  3
ACAD_LAST_SAVED_VERSION_INFO
350
1AA980
  3
ACAD_LAYOUT
350
3087
  3
ACAD_MATERIAL
350
1A2BE3
  3
ACAD_MLEADERSTYLE
350
1A2BE9
  3
ACAD_MLINESTYLE
350
1B
  3
ACAD_PLOTSETTINGS
350
3088
  3
ACAD_PLOTSTYLENAME
350
3085
  3
ACAD_SCALELIST
350
70460
  3
ACAD_SECTIONVIEWSTYLE
350
1A2D54
  3
ACAD_TABLESTYLE
350
1A2BE7
  3
ACAD_VISUALSTYLE
350
1A2BCA
  3
ACDB_RECOMPOSE_DATA
350
1AA982
  3
ACDBVARIABLEDICTIONARY
350
80
  3
AEC_PROPERTY_SET_DEFS
350
19E66F
  3
APPDATA
350
1A2A1D
  3
ASE_INDEX_DICTIONARY
350
19AB2C
  0
SUN
  5
1A2BEB
330
19D5A4
100
AcDbSun
 90
        1
290
     0
 63
     7
421
 16777215
 40
1.0
291
     1
 91
  2455826
 92
 54000000
292
     0
 70
     0
 71
   256
280
     1
1001
ACAD
1000
AcDbSavedByObjectVersion
1070
     0
1000
AcDbSavedByObjectVersion
1070
     0
1000
AcDbSavedByObjectVersion
1070
     0
1000
AcDbSavedByObjectVersion
1070
     0
1000
AcDbSavedByObjectVersion
1070
     0
1000
AcDbSavedByObjectVersion
1070
     0
1000
AcDbSavedByObjectVersion
1070
     0
1000
AcDbSavedByObjectVersion
1070
     0
1000
AcDbSavedByObjectVersion
1070
     0
1000
AcDbSavedByObjectVersion
1070
     0
1000
AcDbSavedByObjectVersion
1070
     0
1000
AcDbSavedByObjectVersion
1070
     0
1000
AcDbSavedByObjectVersion
1070
     0
1000
AcDbSavedByObjectVersion
1070
     0
1000
AcDbSavedByObjectVersion
1070
     0
1000
AcDbSavedByObjectVersion
1070
     0
1000
AcDbSavedByObjectVersion
1070
     0
1000
AcDbSavedByObjectVersion
1070
     0
1000
AcDbSavedByObjectVersion
1070
     0
1000
AcDbSavedByObjectVersion
1070
     0
1000
AcDbSavedByObjectVersion
1070
     0
1000
AcDbSavedByObjectVersion
1070
     0
1000
AcDbSavedByObjectVersion
1070
     0
1000
AcDbSavedByObjectVersion
1070
     0
1000
AcDbSavedByObjectVersion
1070
     0
1000
AcDbSavedByObjectVersion
1070
     0
1000
AcDbSavedByObjectVersion
1070
     0
1000
AcDbSavedByObjectVersion
1070
     0
1000
AcDbSavedByObjectVersion
1070
     0
1000
AcDbSavedByObjectVersion
1070
     0
  0
DICTIONARY
  5
13947
330
2
100
AcDbDictionary
280
     1
281
     1
  3
ACAD_LAYERSTATES
360
13948
  3
ACLYDICTIONARY
360
19A811
  0
DICTIONARY
  5
6A3C2
330
E
100
AcDbDictionary
280
     1
281
     1
  3
ADSK_XREC_LAYER_RECONCILED
360
18F441
  0
DICTIONARY
  5
6A3C6
330
F5
100
AcDbDictionary
280
     1
281
     1
  3
ADSK_XREC_LAYER_RECONCILED
360
18F442
  0
DICTIONARY
  5
173EC8
330
173EC7
100
AcDbDictionary
280
     1
281
     1
  3
ADSK_XREC_LAYER_RECONCILED
360
173EC9
  0
DICTIONARY
  5
18F445
330
18F00F
100
AcDbDictionary
280
     1
281
     1
  3
ADSK_XREC_LAYER_RECONCILED
360
18F446
  0
DICTIONARY
  5
18F447
330
18F010
100
AcDbDictionary
280
     1
281
     1
  3
ADSK_XREC_LAYER_RECONCILED
360
18F448
  0
DICTIONARY
  5
18F44D
330
18F42A
100
AcDbDictionary
280
     1
281
     1
  3
ADSK_XREC_LAYER_RECONCILED
360
18F44E
  0
DICTIONARY
  5
1A5105
330
1A5104
100
AcDbDictionary
280
     1
281
     1
  0
DICTIONARY
  5
1A5107
330
1A5106
100
AcDbDictionary
280
     1
281
     1
  0
DICTIONARY
  5
30CA
330
18
100
AcDbDictionary
280
     1
281
     1
  3
ACAD_SORTENTS
360
314F
  0
DICTIONARY
  5
1A0A4F
330
1A0993
100
AcDbDictionary
280
     1
281
     1
  3
ACAD_SORTENTS
360
1A0A50
  0
DICTIONARY
  5
1A4F39
330
1A4F37
100
AcDbDictionary
280
     1
281
     1
  3
ACAD_SORTENTS
360
1A4F3A
  0
DICTIONARY
  5
1A5C9C
330
1A5C9A
100
AcDbDictionary
280
     1
281
     1
  3
ACAD_SORTENTS
360
1A5C9D
  0
DICTIONARY
  5
1A73F7
330
1A73D3
100
AcDbDictionary
280
     1
281
     1
  3
ACAD_SORTENTS
360
1A73F8
  0
DICTIONARY
  5
1A744C
330
1A7448
100
AcDbDictionary
280
     1
281
     1
  3
ACAD_SORTENTS
360
1A744D
  0
DICTIONARY
  5
1A9FB4
330
1A9FB0
100
AcDbDictionary
280
     1
281
     1
  3
ACAD_SORTENTS
360
1A9FB5
  0
DICTIONARY
  5
1AA6CE
330
1AA6CB
100
AcDbDictionary
280
     1
281
     1
  3
ACAD_SORTENTS
360
1AA6CF
  0
DICTIONARY
  5
1A0A3B
330
1A0A3A
100
AcDbDictionary
280
     1
281
     1
  3
AcDbContextDataManager
360
1A0A3C
  0
XRECORD
  5
19D5B4
102
{ACAD_REACTORS
330
C
102
}
330
C
100
AcDbXrecord
280
     1
300
ACD
300
2024
300

  0
DICTIONARY
  5
1A2BFB
102
{ACAD_REACTORS
330
C
102
}
330
C
100
AcDbDictionary
281
     1
  0
DICTIONARY
  5
1A2D53
102
{ACAD_REACTORS
330
C
102
}
330
C
100
AcDbDictionary
281
     1
  3
Metric50
350
1A302F
  0
DICTIONARY
  5
D
102
{ACAD_REACTORS
330
C
102
}
330
C
100
AcDbDictionary
281
     1
  0
RASTERVARIABLES
  5
1A2A1F
102
{ACAD_REACTORS
330
C
102
}
330
C
100
AcDbRasterVariables
 90
        0
 70
     1
 71
     1
 72
     0
  0
XRECORD
  5
1AA980
102
{ACAD_REACTORS
330
C
102
}
330
C
100
AcDbXrecord
280
     1
300
{06B3D93E-3C5D-D845-B9EF-4C53F0D735BD}
301
{69165948-C992-AD48-B9D0-D89C1A75ED22}
302
{06B3D93E-3C5D-D845-B9EF-4C53F0D735BD}
303
C:\Users\Tekno-Center\Desktop\PIXERA\9859.dxf
  0
DICTIONARY
  5
3087
102
{ACAD_REACTORS
330
C
102
}
330
C
100
AcDbDictionary
281
     1
  3
Layout1
350
308A
  3
Model
350
3089
  0
DICTIONARY
  5
1A2BE3
102
{ACAD_REACTORS
330
C
102
}
330
C
100
AcDbDictionary
281
     1
  3
ByBlock
350
1A2BE5
  3
ByLayer
350
1A2BE4
  3
Global
350
1A2BE6
  0
DICTIONARY
  5
1A2BE9
102
{ACAD_REACTORS
330
C
102
}
330
C
100
AcDbDictionary
281
     1
  3
Standard
350
1A2BEA
  0
DICTIONARY
  5
1B
102
{ACAD_REACTORS
330
C
102
}
330
C
100
AcDbDictionary
281
     1
  3
STANDARD
350
1C
  0
DICTIONARY
  5
3088
102
{ACAD_REACTORS
330
C
102
}
330
C
100
AcDbDictionary
281
     1
  0
ACDBDICTIONARYWDFLT
  5
3085
102
{ACAD_REACTORS
330
C
102
}
330
C
100
AcDbDictionary
281
     1
  3
Normal
350
3086
100
AcDbDictionaryWithDefault
340
3086
  0
DICTIONARY
  5
70460
102
{ACAD_REACTORS
330
C
102
}
330
C
100
AcDbDictionary
281
     1
  3
A0
350
70461
  3
A1
350
70462
  3
A2
350
70463
  3
A3
350
70464
  3
A4
350
70465
  3
A5
350
70466
  3
A6
350
70467
  3
A7
350
70468
  3
A8
350
70469
  3
A9
350
7046A
  3
B0
350
7046B
  3
B1
350
7046C
  3
B2
350
7046D
  3
B3
350
7046E
  3
B4
350
7046F
  3
B5
350
70470
  3
B6
350
70471
  3
B7
350
70472
  3
B8
350
70473
  3
B9
350
70474
  3
C0
350
70475
  3
C1
350
70476
  3
C2
350
70477
  3
C3
350
70478
  3
C4
350
70479
  3
C5
350
7047A
  3
C6
350
7047B
  3
C7
350
7047C
  3
C8
350
7047D
  3
C9
350
7047E
  3
D0
350
7047F
  3
D1
350
70480
  3
D2
350
70481
  0
DICTIONARY
  5
1A2D54
102
{ACAD_REACTORS
330
C
102
}
330
C
100
AcDbDictionary
281
     1
  3
Metric50
350
1A302E
  0
DICTIONARY
  5
1A2BE7
102
{ACAD_REACTORS
330
C
102
}
330
C
100
AcDbDictionary
281
     1
  3
Standard
350
1A2BE8
  0
DICTIONARY
  5
1A2BCA
102
{ACAD_REACTORS
330
C
102
}
330
C
100
AcDbDictionary
281
     1
  3
2dWireframe
350
1A2BCF
  3
Basic
350
1A2BD2
  3
Brighten
350
1A2BD6
  3
ColorChange
350
1A2BDA
  3
Conceptual
350
1A2BD4
  3
Dim
350
1A2BD5
  3
EdgeColorOff
350
1A2BDD
  3
Facepattern
350
1A2BD9
  3
Flat
350
1A2BCB
  3
FlatWithEdges
350
1A2BCC
  3
Gouraud
350
1A2BCD
  3
GouraudWithEdges
350
1A2BCE
  3
Hidden
350
1A2BD1
  3
JitterOff
350
1A2BDB
  3
Linepattern
350
1A2BD8
  3
OverhangOff
350
1A2BDC
  3
Realistic
350
1A2BD3
  3
Shaded
350
1A2BE2
  3
Shaded with edges
350
1A2BE1
  3
Shades of Gray
350
1A2BDE
  3
Sketchy
350
1A2BDF
  3
Thicken
350
1A2BD7
  3
Wireframe
350
1A2BD0
  3
X-Ray
350
1A2BE0
  0
XRECORD
  5
1AA982
102
{ACAD_REACTORS
330
C
102
}
330
C
100
AcDbXrecord
280
     1
 90
        1
330
1A2BE8
  0
DICTIONARY
  5
80
102
{ACAD_REACTORS
330
C
102
}
330
C
100
AcDbDictionary
281
     1
  3
ANNOALLVISIBLE
350
1A712C
  3
CANNOSCALE
350
1A2D4F
  3
CMLEADERSTYLE
350
1A2D51
  3
CTABLESTYLE
350
1A2D50
  3
CVIEWDETAILSTYLE
350
1A3180
  3
CVIEWSECTIONSTYLE
350
1A3181
  3
DGNFRAME
350
18FC95
  3
DIMASSOC
350
30F8
  3
HPCOLOR
350
1A3DF8
  3
HPTRANSPARENCY
350
1A3DF7
  3
INDEXCTL
350
19D65E
  3
MSLTSCALE
350
1A2D52
  3
PROJECTNAME
350
3827
  3
SORTENTS
350
81
  0
DICTIONARY
  5
19E66F
102
{ACAD_REACTORS
330
C
102
}
330
C
100
AcDbDictionary
281
     1
  0
DICTIONARY
  5
1A2A1D
102
{ACAD_REACTORS
330
C
102
}
330
C
100
AcDbDictionary
281
     1
  0
DICTIONARY
  5
19AB2C
102
{ACAD_REACTORS
330
C
102
}
330
C
100
AcDbDictionary
281
     1
  3
ASEBlockHierarchyIndexRecord
350
19AB2D
1001
DCO15
1040
1745915968.178
  0
DICTIONARY
  5
13948
102
{ACAD_REACTORS
330
13947
102
}
330
13947
100
AcDbDictionary
281
     1
  0
DICTIONARY
  5
19A811
102
{ACAD_REACTORS
330
13947
102
}
330
13947
100
AcDbDictionary
281
     1
1001
ACAD
1000
<AllUsed
  0
XRECORD
  5
18F441
102
{ACAD_REACTORS
330
6A3C2
102
}
330
6A3C2
100
AcDbXrecord
280
     1
290
     1
  0
XRECORD
  5
18F442
102
{ACAD_REACTORS
330
6A3C6
102
}
330
6A3C6
100
AcDbXrecord
280
     1
290
     1
  0
XRECORD
  5
173EC9
102
{ACAD_REACTORS
330
173EC8
102
}
330
173EC8
100
AcDbXrecord
280
     1
290
     1
  0
XRECORD
  5
18F446
102
{ACAD_REACTORS
330
18F445
102
}
330
18F445
100
AcDbXrecord
280
     1
290
     1
  0
XRECORD
  5
18F448
102
{ACAD_REACTORS
330
18F447
102
}
330
18F447
100
AcDbXrecord
280
     1
290
     1
  0
XRECORD
  5
18F44E
102
{ACAD_REACTORS
330
18F44D
102
}
330
18F44D
100
AcDbXrecord
280
     1
290
     1
  0
SORTENTSTABLE
  5
314F
102
{ACAD_REACTORS
330
30CA
102
}
330
30CA
100
AcDbSortentsTable
330
18
  0
SORTENTSTABLE
  5
1A0A50
102
{ACAD_REACTORS
330
1A0A4F
102
}
330
1A0A4F
100
AcDbSortentsTable
330
1A0993
  0
SORTENTSTABLE
  5
1A4F3A
102
{ACAD_REACTORS
330
1A4F39
102
}
330
1A4F39
100
AcDbSortentsTable
330
1A4F37
  0
SORTENTSTABLE
  5
1A5C9D
102
{ACAD_REACTORS
330
1A5C9C
102
}
330
1A5C9C
100
AcDbSortentsTable
330
1A5C9A
  0
SORTENTSTABLE
  5
1A73F8
102
{ACAD_REACTORS
330
1A73F7
102
}
330
1A73F7
100
AcDbSortentsTable
330
1A73D3
  0
SORTENTSTABLE
  5
1A744D
102
{ACAD_REACTORS
330
1A744C
102
}
330
1A744C
100
AcDbSortentsTable
330
1A7448
  0
SORTENTSTABLE
  5
1A9FB5
102
{ACAD_REACTORS
330
1A9FB4
102
}
330
1A9FB4
100
AcDbSortentsTable
330
1A9FB0
  0
SORTENTSTABLE
  5
1AA6CF
102
{ACAD_REACTORS
330
1AA6CE
102
}
330
1AA6CE
100
AcDbSortentsTable
330
1AA6CB
  0
DICTIONARY
  5
1A0A3C
102
{ACAD_REACTORS
330
1A0A3B
102
}
330
1A0A3B
100
AcDbDictionary
281
     1
  3
ACDB_ANNOTATIONSCALES
350
1A0A3D
  0
ACDBDETAILVIEWSTYLE
  5
1A302F
102
{ACAD_XDICTIONARY
360
1AA9B5
102
}
102
{ACAD_REACTORS
330
1A2D53
102
}
330
1A2D53
100
AcDbModelDocViewStyle
 70
     0
  3
Metric50
290
     0
100
AcDbDetailViewStyle
 70
     0
 71
     0
 90
        3
 71
     1
340
F
 62
   256
 40
5.0
340
0
 62
   256
 40
5.0
300

 40
0.0
280
     1
 71
     2
340
14
 90
       25
 62
   256
 71
     3
340
F
 62
   256
 40
5.0
 90
        0
 40
15.0
 90
        1
300
%<\AcVar ViewDetailId>% (%<\AcVar ViewScale \f "%sn">%)
 71
     4
340
14
 90
       25
 62
   256
340
14
 90
       25
 62
   256
280
     0
  0
LAYOUT
  5
308A
102
{ACAD_REACTORS
330
3087
102
}
330
3087
100
AcDbPlotSettings
  1

  2
C:\PROGRAM FILES\AUTOCAD 2002\plotters\PublishToWeb DWF.pc3
  4

  6

 40
0.0
 41
0.0
 42
0.0
 43
0.0
 44
0.0
 45
0.0
 46
0.0
 47
0.0
 48
0.0
 49
0.0
140
0.0
141
0.0
142
1.0
143
1.0
 70
   688
 72
     0
 73
     0
 74
     5
  7
monochrome.ctb
 75
    16
147
1.0
 76
     0
 77
     2
 78
   300
148
0.0
149
0.0
100
AcDbLayout
  1
Layout1
 70
     1
 71
     1
 10
0.0
 20
0.0
 11
420.0
 21
297.0
 12
0.0
 22
0.0
 32
0.0
 14
1.000000000000000E+20
 24
1.000000000000000E+20
 34
1.000000000000000E+20
 15
-1.000000000000000E+20
 25
-1.000000000000000E+20
 35
-1.000000000000000E+20
146
0.0
 13
0.0
 23
0.0
 33
0.0
 16
1.0
 26
0.0
 36
0.0
 17
0.0
 27
1.0
 37
0.0
 76
     0
330
15
  0
LAYOUT
  5
3089
102
{ACAD_XDICTIONARY
360
1A3792
102
}
102
{ACAD_REACTORS
330
3087
102
}
330
3087
100
AcDbPlotSettings
  1

  2
HP Officejet 4500 G510g-m
  4
A4
  6

 40
3.96875
 41
3.96875
 42
3.96875
 43
3.96875
 44
210.0579986572266
 45
296.8836669921875
 46
82.00342111074645
 47
0.0
 48
1703.15082095139
 49
351.4205343514386
140
1719.15082095139
141
472.7192787967642
142
1.0
143
0.4197970359253988
 70
 11956
 72
     1
 73
     0
 74
     4
  7
monochrome.ctb
 75
     0
147
2.382103527233355
 76
     0
 77
     2
 78
   300
148
-1703.15082095139
149
-351.4205343514386
100
AcDbLayout
  1
Model
 70
     1
 71
     0
 10
0.0
 20
0.0
 11
12.0
 21
9.0
 12
0.0
 22
0.0
 32
0.0
 14
99.60377590449935
 24
-1968.647441214757
 34
0.0
 15
3513.384074315374
 25
718.6659327297627
 35
0.0000000000009095
146
0.0
 13
0.0
 23
0.0
 33
0.0
 16
1.0
 26
0.0
 36
0.0
 17
0.0
 27
1.0
 37
0.0
 76
     0
330
18
331
19D5A4
1001
ACAD_PSEXT
1000
HP Officejet 4500 G510g-m
1000
HP Officejet 4500 G510g-m
1000
USB005
1000

1070
     0
  0
MATERIAL
  5
1A2BE5
102
{ACAD_REACTORS
330
1A2BE3
102
}
330
1A2BE3
100
AcDbMaterial
  1
ByBlock
 73
     1
 78
     1
172
     1
176
     1
270
     1
274
     1
  0
MATERIAL
  5
1A2BE4
102
{ACAD_REACTORS
330
1A2BE3
102
}
330
1A2BE3
100
AcDbMaterial
  1
ByLayer
 73
     1
 78
     1
172
     1
176
     1
270
     1
274
     1
  0
MATERIAL
  5
1A2BE6
102
{ACAD_XDICTIONARY
360
1A3166
102
}
102
{ACAD_REACTORS
330
1A2BE3
102
}
330
1A2BE3
100
AcDbMaterial
  1
Global
 73
     1
 78
     1
172
     1
176
     1
270
     1
274
     1
  0
MLEADERSTYLE
  5
1A2BEA
102
{ACAD_REACTORS
330
1A2BE9
102
}
330
1A2BE9
100
AcDbMLeaderStyle
179
     2
170
     2
171
     1
172
     0
 90
        2
 40
0.0
 41
0.0
173
     1
 91
-1056964608
340
12
 92
       -2
290
     1
 42
2.0
291
     1
 43
8.0
  3
Standard
 44
4.0
300

342
F
174
     1
178
     1
175
     1
176
     0
 93
-1056964608
 45
4.0
292
     0
297
     0
 46
4.0
 94
-1056964608
 47
1.0
 49
1.0
140
1.0
293
     1
141
0.0
294
     1
177
     0
142
1.0
295
     0
296
     0
143
3.75
271
     0
272
     9
273
     9
  0
MLINESTYLE
  5
1C
102
{ACAD_REACTORS
330
1B
102
}
330
1B
100
AcDbMlineStyle
  2
STANDARD
 70
     0
  3

 62
   256
 51
90.0
 52
90.0
 71
     2
 49
0.5
 62
   256
  6
BYLAYER
 49
-0.5
 62
   256
  6
BYLAYER
  0
ACDBPLACEHOLDER
  5
3086
102
{ACAD_REACTORS
330
3085
102
}
330
3085
  0
SCALE
  5
70461
102
{ACAD_REACTORS
330
70460
102
}
330
70460
100
AcDbScale
 70
     0
300
1:1
140
1.0
141
1.0
290
     1
  0
SCALE
  5
70462
102
{ACAD_REACTORS
330
70460
102
}
330
70460
100
AcDbScale
 70
     0
300
1:2
140
1.0
141
2.0
290
     0
  0
SCALE
  5
70463
102
{ACAD_REACTORS
330
70460
102
}
330
70460
100
AcDbScale
 70
     0
300
1:4
140
1.0
141
4.0
290
     0
  0
SCALE
  5
70464
102
{ACAD_REACTORS
330
70460
102
}
330
70460
100
AcDbScale
 70
     0
300
1:5
140
1.0
141
5.0
290
     0
  0
SCALE
  5
70465
102
{ACAD_REACTORS
330
70460
102
}
330
70460
100
AcDbScale
 70
     0
300
1:8
140
1.0
141
8.0
290
     0
  0
SCALE
  5
70466
102
{ACAD_REACTORS
330
70460
102
}
330
70460
100
AcDbScale
 70
     0
300
1:10
140
1.0
141
10.0
290
     0
  0
SCALE
  5
70467
102
{ACAD_REACTORS
330
70460
102
}
330
70460
100
AcDbScale
 70
     0
300
1:16
140
1.0
141
16.0
290
     0
  0
SCALE
  5
70468
102
{ACAD_REACTORS
330
70460
102
}
330
70460
100
AcDbScale
 70
     0
300
1:20
140
1.0
141
20.0
290
     0
  0
SCALE
  5
70469
102
{ACAD_REACTORS
330
70460
102
}
330
70460
100
AcDbScale
 70
     0
300
1:30
140
1.0
141
30.0
290
     0
  0
SCALE
  5
7046A
102
{ACAD_REACTORS
330
70460
102
}
330
70460
100
AcDbScale
 70
     0
300
1:40
140
1.0
141
40.0
290
     0
  0
SCALE
  5
7046B
102
{ACAD_REACTORS
330
70460
102
}
330
70460
100
AcDbScale
 70
     0
300
1:50
140
1.0
141
50.0
290
     0
  0
SCALE
  5
7046C
102
{ACAD_REACTORS
330
70460
102
}
330
70460
100
AcDbScale
 70
     0
300
1:100
140
1.0
141
100.0
290
     0
  0
SCALE
  5
7046D
102
{ACAD_REACTORS
330
70460
102
}
330
70460
100
AcDbScale
 70
     0
300
2:1
140
2.0
141
1.0
290
     0
  0
SCALE
  5
7046E
102
{ACAD_REACTORS
330
70460
102
}
330
70460
100
AcDbScale
 70
     0
300
4:1
140
4.0
141
1.0
290
     0
  0
SCALE
  5
7046F
102
{ACAD_REACTORS
330
70460
102
}
330
70460
100
AcDbScale
 70
     0
300
8:1
140
8.0
141
1.0
290
     0
  0
SCALE
  5
70470
102
{ACAD_REACTORS
330
70460
102
}
330
70460
100
AcDbScale
 70
     0
300
10:1
140
10.0
141
1.0
290
     0
  0
SCALE
  5
70471
102
{ACAD_REACTORS
330
70460
102
}
330
70460
100
AcDbScale
 70
     0
300
100:1
140
100.0
141
1.0
290
     0
  0
SCALE
  5
70472
102
{ACAD_REACTORS
330
70460
102
}
330
70460
100
AcDbScale
 70
     0
300
1/128" = 1'-0"
140
0.0078125
141
12.0
290
     0
  0
SCALE
  5
70473
102
{ACAD_REACTORS
330
70460
102
}
330
70460
100
AcDbScale
 70
     0
300
1/64" = 1'-0"
140
0.015625
141
12.0
290
     0
  0
SCALE
  5
70474
102
{ACAD_REACTORS
330
70460
102
}
330
70460
100
AcDbScale
 70
     0
300
1/32" = 1'-0"
140
0.03125
141
12.0
290
     0
  0
SCALE
  5
70475
102
{ACAD_REACTORS
330
70460
102
}
330
70460
100
AcDbScale
 70
     0
300
1/16" = 1'-0"
140
0.0625
141
12.0
290
     0
  0
SCALE
  5
70476
102
{ACAD_REACTORS
330
70460
102
}
330
70460
100
AcDbScale
 70
     0
300
3/32" = 1'-0"
140
0.09375
141
12.0
290
     0
  0
SCALE
  5
70477
102
{ACAD_REACTORS
330
70460
102
}
330
70460
100
AcDbScale
 70
     0
300
1/8" = 1'-0"
140
0.125
141
12.0
290
     0
  0
SCALE
  5
70478
102
{ACAD_REACTORS
330
70460
102
}
330
70460
100
AcDbScale
 70
     0
300
3/16" = 1'-0"
140
0.1875
141
12.0
290
     0
  0
SCALE
  5
70479
102
{ACAD_REACTORS
330
70460
102
}
330
70460
100
AcDbScale
 70
     0
300
1/4" = 1'-0"
140
0.25
141
12.0
290
     0
  0
SCALE
  5
7047A
102
{ACAD_REACTORS
330
70460
102
}
330
70460
100
AcDbScale
 70
     0
300
3/8" = 1'-0"
140
0.375
141
12.0
290
     0
  0
SCALE
  5
7047B
102
{ACAD_REACTORS
330
70460
102
}
330
70460
100
AcDbScale
 70
     0
300
1/2" = 1'-0"
140
0.5
141
12.0
290
     0
  0
SCALE
  5
7047C
102
{ACAD_REACTORS
330
70460
102
}
330
70460
100
AcDbScale
 70
     0
300
3/4" = 1'-0"
140
0.75
141
12.0
290
     0
  0
SCALE
  5
7047D
102
{ACAD_REACTORS
330
70460
102
}
330
70460
100
AcDbScale
 70
     0
300
1" = 1'-0"
140
1.0
141
12.0
290
     0
  0
SCALE
  5
7047E
102
{ACAD_REACTORS
330
70460
102
}
330
70460
100
AcDbScale
 70
     0
300
1-1/2" = 1'-0"
140
1.5
141
12.0
290
     0
  0
SCALE
  5
7047F
102
{ACAD_REACTORS
330
70460
102
}
330
70460
100
AcDbScale
 70
     0
300
3" = 1'-0"
140
3.0
141
12.0
290
     0
  0
SCALE
  5
70480
102
{ACAD_REACTORS
330
70460
102
}
330
70460
100
AcDbScale
 70
     0
300
6" = 1'-0"
140
6.0
141
12.0
290
     0
  0
SCALE
  5
70481
102
{ACAD_REACTORS
330
70460
102
}
330
70460
100
AcDbScale
 70
     0
300
1'-0" = 1'-0"
140
12.0
141
12.0
290
     0
  0
ACDBSECTIONVIEWSTYLE
  5
1A302E
102
{ACAD_XDICTIONARY
360
1AA9B3
102
}
102
{ACAD_REACTORS
330
1A2D54
102
}
330
1A2D54
100
AcDbModelDocViewStyle
 70
     0
  3
Metric50
290
     0
100
AcDbSectionViewStyle
 70
     0
 71
     0
 90
      102
 71
     1
340
F
 62
   256
 40
5.0
340
0
340
0
 62
   256
 40
5.0
300
I, O, Q, S, X, Z
 40
10.0
 90
        0
 40
2.5
 90
        0
 71
     2
340
14
 90
       25
 62
   256
340
14
 90
       50
 62
   256
 40
5.0
 40
2.5
 40
5.0
 71
     3
340
F
 62
   256
 40
5.0
 90
        0
 40
15.0
 90
        1
300
%<\AcVar ViewSectionStartId>%-%<\AcVar ViewSectionEndId>% (%<\AcVar ViewScale \f "%sn">%)
 71
     4
 62
   256
 62
   257
300
ANSI31
 40
1.0
 90
        0
290
     0
290
     0
 90
        6
 40
0.0
 40
1.570796326794896
 40
0.2617993877991494
 40
1.308996938995747
 40
-0.2617993877991494
 40
1.832595714594046
  0
TABLESTYLE
  5
1A2BE8
102
{ACAD_XDICTIONARY
360
1A3786
102
}
102
{ACAD_REACTORS
330
1A2BE7
102
}
330
1A2BE7
100
AcDbTableStyle
280
     0
  3
Standard
 70
     0
 71
     0
 40
1.5
 41
1.5
280
     0
281
     0
  7
STANDARD
140
4.5
170
     2
 62
     0
 63
     7
283
     0
 90
        4
 91
        0
  1

274
    -2
284
     1
 64
     0
275
    -2
285
     1
 65
     0
276
    -2
286
     1
 66
     0
277
    -2
287
     1
 67
     0
278
    -2
288
     1
 68
     0
279
    -2
289
     1
 69
     0
  7
STANDARD
140
6.0
170
     5
 62
     0
 63
     7
283
     0
 90
        4
 91
        0
  1

274
    -2
284
     1
 64
     0
275
    -2
285
     1
 65
     0
276
    -2
286
     1
 66
     0
277
    -2
287
     1
 67
     0
278
    -2
288
     1
 68
     0
279
    -2
289
     1
 69
     0
  7
STANDARD
140
4.5
170
     5
 62
     0
 63
     7
283
     0
 90
        4
 91
        0
  1

274
    -2
284
     1
 64
     0
275
    -2
285
     1
 65
     0
276
    -2
286
     1
 66
     0
277
    -2
287
     1
 67
     0
278
    -2
288
     1
 68
     0
279
    -2
289
     1
 69
     0
  0
VISUALSTYLE
  5
1A2BCF
102
{ACAD_XDICTIONARY
360
1AA98B
102
}
102
{ACAD_REACTORS
330
1A2BCA
102
}
330
1A2BCA
100
AcDbVisualStyle
  2
2dWireframe
 70
     4
177
     2
291
     0
 71
     0
176
     1
 72
     2
176
     1
 73
     0
176
     1
 90
        0
176
     1
 40
0.6
176
     1
 41
30.0
176
     1
 63
     7
421
 16777215
176
     1
 74
     1
176
     1
 91
        4
176
     1
 64
     7
176
     1
 65
   257
176
     1
 75
     1
176
     1
175
     1
176
     1
 42
1.0
176
     1
 92
        0
176
     1
 66
   257
176
     1
 43
1.0
176
     1
 76
     1
176
     1
 77
     6
176
     1
 78
     2
176
     1
 67
     7
176
     1
 79
     5
176
     1
170
     0
176
     1
171
     0
176
     1
290
     0
176
     1
 93
        1
176
     1
 44
0.0
176
     1
173
     0
176
     1
1001
ACAD
1000
AcDbSavedByObjectVersion
1070
     0
  0
VISUALSTYLE
  5
1A2BD2
102
{ACAD_XDICTIONARY
360
1AA991
102
}
102
{ACAD_REACTORS
330
1A2BCA
102
}
330
1A2BCA
100
AcDbVisualStyle
  2
Basic
 70
     7
177
     2
291
     1
 71
     1
176
     1
 72
     0
176
     1
 73
     1
176
     1
 90
        0
176
     1
 40
0.6
176
     1
 41
30.0
176
     1
 63
     7
421
 16777215
176
     1
 74
     0
176
     1
 91
        4
176
     1
 64
     7
176
     1
 65
   257
176
     1
 75
     1
176
     1
175
     1
176
     1
 42
1.0
176
     1
 92
        8
176
     1
 66
     7
176
     1
 43
1.0
176
     1
 76
     1
176
     1
 77
     6
176
     1
 78
     2
176
     1
 67
     7
176
     1
 79
     5
176
     1
170
     0
176
     1
171
     0
176
     1
290
     0
176
     1
 93
        1
176
     1
 44
0.0
176
     1
173
     0
176
     1
1001
ACAD
1000
AcDbSavedByObjectVersion
1070
     0
  0
VISUALSTYLE
  5
1A2BD6
102
{ACAD_XDICTIONARY
360
1AA999
102
}
102
{ACAD_REACTORS
330
1A2BCA
102
}
330
1A2BCA
100
AcDbVisualStyle
  2
Brighten
 70
    12
177
     2
291
     1
 71
     2
176
     1
 72
     2
176
     1
 73
     0
176
     1
 90
        0
176
     1
 40
0.6
176
     1
 41
30.0
176
     1
 63
     7
421
 16777215
176
     1
 74
     1
176
     1
 91
        4
176
     1
 64
     7
176
     1
 65
   257
176
     1
 75
     1
176
     1
175
     1
176
     1
 42
1.0
176
     1
 92
        8
176
     1
 66
     7
176
     1
 43
1.0
176
     1
 76
     1
176
     1
 77
     6
176
     1
 78
     2
176
     1
 67
     7
176
     1
 79
     5
176
     1
170
     0
176
     1
171
     0
176
     1
290
     0
176
     1
 93
        1
176
     1
 44
50.0
176
     1
173
     0
176
     1
1001
ACAD
1000
AcDbSavedByObjectVersion
1070
     0
  0
VISUALSTYLE
  5
1A2BDA
102
{ACAD_XDICTIONARY
360
1AA9A1
102
}
102
{ACAD_REACTORS
330
1A2BCA
102
}
330
1A2BCA
100
AcDbVisualStyle
  2
ColorChange
 70
    16
177
     2
291
     1
 71
     2
176
     1
 72
     2
176
     1
 73
     3
176
     1
 90
        0
176
     1
 40
0.6
176
     1
 41
30.0
176
     1
 63
     8
421
  8421504
176
     1
 74
     1
176
     1
 91
        4
176
     1
 64
     7
176
     1
 65
   257
176
     1
 75
     1
176
     1
175
     1
176
     1
 42
1.0
176
     1
 92
        8
176
     1
 66
     8
424
  8421504
176
     1
 43
1.0
176
     1
 76
     1
176
     1
 77
     6
176
     1
 78
     2
176
     1
 67
     7
176
     1
 79
     5
176
     1
170
     0
176
     1
171
     0
176
     1
290
     0
176
     1
 93
        1
176
     1
 44
0.0
176
     1
173
     0
176
     1
1001
ACAD
1000
AcDbSavedByObjectVersion
1070
     0
  0
VISUALSTYLE
  5
1A2BD4
102
{ACAD_XDICTIONARY
360
1AA995
102
}
102
{ACAD_REACTORS
330
1A2BCA
102
}
330
1A2BCA
100
AcDbVisualStyle
  2
Conceptual
 70
     9
177
     2
291
     0
 71
     3
176
     1
 72
     2
176
     1
 73
     0
176
     1
 90
        0
176
     1
 40
0.6
176
     1
 41
30.0
176
     1
 63
     7
421
 16777215
176
     1
 74
     2
176
     1
 91
        2
176
     1
 64
     7
176
     1
 65
   257
176
     1
 75
     1
176
     1
175
     1
176
     1
 42
179.0
176
     1
 92
        8
176
     1
 66
     7
176
     1
 43
1.0
176
     1
 76
     1
176
     1
 77
     6
176
     1
 78
     2
176
     1
 67
     7
176
     1
 79
     3
176
     1
170
     0
176
     1
171
     0
176
     1
290
     0
176
     1
 93
        1
176
     1
 44
0.0
176
     1
173
     0
176
     1
1001
ACAD
1000
AcDbSavedByObjectVersion
1070
     0
  0
VISUALSTYLE
  5
1A2BD5
102
{ACAD_XDICTIONARY
360
1AA997
102
}
102
{ACAD_REACTORS
330
1A2BCA
102
}
330
1A2BCA
100
AcDbVisualStyle
  2
Dim
 70
    11
177
     2
291
     1
 71
     2
176
     1
 72
     2
176
     1
 73
     0
176
     1
 90
        0
176
     1
 40
0.6
176
     1
 41
30.0
176
     1
 63
     7
421
 16777215
176
     1
 74
     1
176
     1
 91
        4
176
     1
 64
     7
176
     1
 65
   257
176
     1
 75
     1
176
     1
175
     1
176
     1
 42
1.0
176
     1
 92
        8
176
     1
 66
     7
176
     1
 43
1.0
176
     1
 76
     1
176
     1
 77
     6
176
     1
 78
     2
176
     1
 67
     7
176
     1
 79
     5
176
     1
170
     0
176
     1
171
     0
176
     1
290
     0
176
     1
 93
        1
176
     1
 44
-50.0
176
     1
173
     0
176
     1
1001
ACAD
1000
AcDbSavedByObjectVersion
1070
     0
  0
VISUALSTYLE
  5
1A2BDD
102
{ACAD_XDICTIONARY
360
1AA9A7
102
}
102
{ACAD_REACTORS
330
1A2BCA
102
}
330
1A2BCA
100
AcDbVisualStyle
  2
EdgeColorOff
 70
    22
177
     2
291
     1
 71
     2
176
     0
 72
     2
176
     0
 73
     0
176
     0
 90
        0
176
     0
 40
0.6
176
     0
 41
30.0
176
     0
 63
     7
421
 16777215
176
     0
 74
     1
176
     0
 91
        4
176
     0
 64
     7
176
     0
 65
   257
176
     0
 75
     1
176
     0
175
     1
176
     0
 42
1.0
176
     0
 92
        8
176
     2
 66
     7
176
     0
 43
1.0
176
     0
 76
     1
176
     0
 77
     6
176
     0
 78
     2
176
     0
 67
     7
176
     0
 79
     5
176
     0
170
     0
176
     0
171
     0
176
     0
290
     0
176
     0
 93
        1
176
     0
 44
0.0
176
     0
173
     0
176
     0
1001
ACAD
1000
AcDbSavedByObjectVersion
1070
     0
  0
VISUALSTYLE
  5
1A2BD9
102
{ACAD_XDICTIONARY
360
1AA99F
102
}
102
{ACAD_REACTORS
330
1A2BCA
102
}
330
1A2BCA
100
AcDbVisualStyle
  2
Facepattern
 70
    15
177
     2
291
     1
 71
     2
176
     1
 72
     2
176
     1
 73
     0
176
     1
 90
        0
176
     1
 40
0.6
176
     1
 41
30.0
176
     1
 63
     7
421
 16777215
176
     1
 74
     1
176
     1
 91
        4
176
     1
 64
     7
176
     1
 65
   257
176
     1
 75
     1
176
     1
175
     1
176
     1
 42
1.0
176
     1
 92
        8
176
     1
 66
     7
176
     1
 43
1.0
176
     1
 76
     1
176
     1
 77
     6
176
     1
 78
     2
176
     1
 67
     7
176
     1
 79
     5
176
     1
170
     0
176
     1
171
     0
176
     1
290
     0
176
     1
 93
        1
176
     1
 44
0.0
176
     1
173
     0
176
     1
1001
ACAD
1000
AcDbSavedByObjectVersion
1070
     0
  0
VISUALSTYLE
  5
1A2BCB
102
{ACAD_XDICTIONARY
360
1AA983
102
}
102
{ACAD_REACTORS
330
1A2BCA
102
}
330
1A2BCA
100
AcDbVisualStyle
  2
Flat
 70
     0
177
     2
291
     1
 71
     2
176
     1
 72
     1
176
     1
 73
     1
176
     1
 90
        2
176
     1
 40
0.6
176
     1
 41
30.0
176
     1
 63
     7
421
 16777215
176
     1
 74
     0
176
     1
 91
        0
176
     1
 64
     7
176
     1
 65
   257
176
     1
 75
     1
176
     1
175
     1
176
     1
 42
1.0
176
     1
 92
        8
176
     1
 66
     7
176
     1
 43
1.0
176
     1
 76
     1
176
     1
 77
     6
176
     1
 78
     2
176
     1
 67
     7
176
     1
 79
     5
176
     1
170
     0
176
     1
171
     0
176
     1
290
     0
176
     1
 93
       13
176
     1
 44
0.0
176
     1
173
     0
176
     1
1001
ACAD
1000
AcDbSavedByObjectVersion
1070
     0
  0
VISUALSTYLE
  5
1A2BCC
102
{ACAD_XDICTIONARY
360
1AA985
102
}
102
{ACAD_REACTORS
330
1A2BCA
102
}
330
1A2BCA
100
AcDbVisualStyle
  2
FlatWithEdges
 70
     1
177
     2
291
     1
 71
     2
176
     1
 72
     1
176
     1
 73
     1
176
     1
 90
        2
176
     1
 40
0.6
176
     1
 41
30.0
176
     1
 63
     7
421
 16777215
176
     1
 74
     1
176
     1
 91
        0
176
     1
 64
     7
176
     1
 65
   257
176
     1
 75
     1
176
     1
175
     1
176
     1
 42
1.0
176
     1
 92
        0
176
     1
 66
   257
176
     1
 43
1.0
176
     1
 76
     1
176
     1
 77
     6
176
     1
 78
     2
176
     1
 67
     7
176
     1
 79
     5
176
     1
170
     0
176
     1
171
     0
176
     1
290
     0
176
     1
 93
       13
176
     1
 44
0.0
176
     1
173
     0
176
     1
1001
ACAD
1000
AcDbSavedByObjectVersion
1070
     0
  0
VISUALSTYLE
  5
1A2BCD
102
{ACAD_XDICTIONARY
360
1AA987
102
}
102
{ACAD_REACTORS
330
1A2BCA
102
}
330
1A2BCA
100
AcDbVisualStyle
  2
Gouraud
 70
     2
177
     2
291
     1
 71
     2
176
     1
 72
     2
176
     1
 73
     1
176
     1
 90
        2
176
     1
 40
0.6
176
     1
 41
30.0
176
     1
 63
     7
421
 16777215
176
     1
 74
     0
176
     1
 91
        0
176
     1
 64
     7
176
     1
 65
   257
176
     1
 75
     1
176
     1
175
     1
176
     1
 42
1.0
176
     1
 92
        0
176
     1
 66
     7
176
     1
 43
1.0
176
     1
 76
     1
176
     1
 77
     6
176
     1
 78
     2
176
     1
 67
     7
176
     1
 79
     5
176
     1
170
     0
176
     1
171
     0
176
     1
290
     0
176
     1
 93
       13
176
     1
 44
0.0
176
     1
173
     0
176
     1
1001
ACAD
1000
AcDbSavedByObjectVersion
1070
     0
  0
VISUALSTYLE
  5
1A2BCE
102
{ACAD_XDICTIONARY
360
1AA989
102
}
102
{ACAD_REACTORS
330
1A2BCA
102
}
330
1A2BCA
100
AcDbVisualStyle
  2
GouraudWithEdges
 70
     3
177
     2
291
     1
 71
     2
176
     1
 72
     2
176
     1
 73
     1
176
     1
 90
        2
176
     1
 40
0.6
176
     1
 41
30.0
176
     1
 63
     7
421
 16777215
176
     1
 74
     1
176
     1
 91
        0
176
     1
 64
     7
176
     1
 65
   257
176
     1
 75
     1
176
     1
175
     1
176
     1
 42
1.0
176
     1
 92
        0
176
     1
 66
   257
176
     1
 43
1.0
176
     1
 76
     1
176
     1
 77
     6
176
     1
 78
     2
176
     1
 67
     7
176
     1
 79
     5
176
     1
170
     0
176
     1
171
     0
176
     1
290
     0
176
     1
 93
       13
176
     1
 44
0.0
176
     1
173
     0
176
     1
1001
ACAD
1000
AcDbSavedByObjectVersion
1070
     0
  0
VISUALSTYLE
  5
1A2BD1
102
{ACAD_XDICTIONARY
360
1AA98F
102
}
102
{ACAD_REACTORS
330
1A2BCA
102
}
330
1A2BCA
100
AcDbVisualStyle
  2
Hidden
 70
     6
177
     2
291
     0
 71
     1
176
     1
 72
     2
176
     1
 73
     2
176
     1
 90
        0
176
     1
 40
0.6
176
     1
 41
30.0
176
     1
 63
     7
421
 16777215
176
     1
 74
     2
176
     1
 91
        2
176
     1
 64
     7
176
     1
 65
   257
176
     1
 75
     2
176
     1
175
     1
176
     1
 42
40.0
176
     1
 92
        0
176
     1
 66
   257
176
     1
 43
1.0
176
     1
 76
     1
176
     1
 77
     6
176
     1
 78
     2
176
     1
 67
     7
176
     1
 79
     3
176
     1
170
     0
176
     1
171
     0
176
     1
290
     0
176
     1
 93
        1
176
     1
 44
0.0
176
     1
173
     0
176
     1
1001
ACAD
1000
AcDbSavedByObjectVersion
1070
     0
  0
VISUALSTYLE
  5
1A2BDB
102
{ACAD_XDICTIONARY
360
1AA9A3
102
}
102
{ACAD_REACTORS
330
1A2BCA
102
}
330
1A2BCA
100
AcDbVisualStyle
  2
JitterOff
 70
    20
177
     2
291
     1
 71
     2
176
     0
 72
     2
176
     0
 73
     0
176
     0
 90
        0
176
     0
 40
0.6
176
     0
 41
30.0
176
     0
 63
     7
421
 16777215
176
     0
 74
     1
176
     0
 91
        4
176
     0
 64
     7
176
     0
 65
   257
176
     0
 75
     1
176
     0
175
     1
176
     0
 42
1.0
176
     0
 92
       10
176
     2
 66
     7
176
     0
 43
1.0
176
     0
 76
     1
176
     0
 77
     6
176
     0
 78
     2
176
     0
 67
     7
176
     0
 79
     5
176
     0
170
     0
176
     0
171
     0
176
     0
290
     0
176
     0
 93
        1
176
     0
 44
0.0
176
     0
173
     0
176
     0
1001
ACAD
1000
AcDbSavedByObjectVersion
1070
     0
  0
VISUALSTYLE
  5
1A2BD8
102
{ACAD_XDICTIONARY
360
1AA99D
102
}
102
{ACAD_REACTORS
330
1A2BCA
102
}
330
1A2BCA
100
AcDbVisualStyle
  2
Linepattern
 70
    14
177
     2
291
     1
 71
     2
176
     1
 72
     2
176
     1
 73
     0
176
     1
 90
        0
176
     1
 40
0.6
176
     1
 41
30.0
176
     1
 63
     7
421
 16777215
176
     1
 74
     1
176
     1
 91
        4
176
     1
 64
     7
176
     1
 65
   257
176
     1
 75
     7
176
     1
175
     7
176
     1
 42
1.0
176
     1
 92
        8
176
     1
 66
     7
176
     1
 43
1.0
176
     1
 76
     1
176
     1
 77
     6
176
     1
 78
     2
176
     1
 67
     7
176
     1
 79
     5
176
     1
170
     0
176
     1
171
     0
176
     1
290
     0
176
     1
 93
        1
176
     1
 44
0.0
176
     1
173
     0
176
     1
1001
ACAD
1000
AcDbSavedByObjectVersion
1070
     0
  0
VISUALSTYLE
  5
1A2BDC
102
{ACAD_XDICTIONARY
360
1AA9A5
102
}
102
{ACAD_REACTORS
330
1A2BCA
102
}
330
1A2BCA
100
AcDbVisualStyle
  2
OverhangOff
 70
    21
177
     2
291
     1
 71
     2
176
     0
 72
     2
176
     0
 73
     0
176
     0
 90
        0
176
     0
 40
0.6
176
     0
 41
30.0
176
     0
 63
     7
421
 16777215
176
     0
 74
     1
176
     0
 91
        4
176
     0
 64
     7
176
     0
 65
   257
176
     0
 75
     1
176
     0
175
     1
176
     0
 42
1.0
176
     0
 92
        9
176
     2
 66
     7
176
     0
 43
1.0
176
     0
 76
     1
176
     0
 77
     6
176
     0
 78
     2
176
     0
 67
     7
176
     0
 79
     5
176
     0
170
     0
176
     0
171
     0
176
     0
290
     0
176
     0
 93
        1
176
     0
 44
0.0
176
     0
173
     0
176
     0
1001
ACAD
1000
AcDbSavedByObjectVersion
1070
     0
  0
VISUALSTYLE
  5
1A2BD3
102
{ACAD_XDICTIONARY
360
1AA993
102
}
102
{ACAD_REACTORS
330
1A2BCA
102
}
330
1A2BCA
100
AcDbVisualStyle
  2
Realistic
 70
     8
177
     2
291
     0
 71
     2
176
     1
 72
     2
176
     1
 73
     0
176
     1
 90
        2
176
     1
 40
0.6
176
     1
 41
30.0
176
     1
 63
     7
421
 16777215
176
     1
 74
     0
176
     1
 91
        0
176
     1
 64
     7
176
     1
 65
   257
176
     1
 75
     1
176
     1
175
     1
176
     1
 42
1.0
176
     1
 92
        8
176
     1
 66
   257
176
     1
 43
1.0
176
     1
 76
     1
176
     1
 77
     6
176
     1
 78
     2
176
     1
 67
     7
176
     1
 79
     3
176
     1
170
     0
176
     1
171
     0
176
     1
290
     0
176
     1
 93
       13
176
     1
 44
0.0
176
     1
173
     0
176
     1
1001
ACAD
1000
AcDbSavedByObjectVersion
1070
     0
  0
VISUALSTYLE
  5
1A2BE2
102
{ACAD_XDICTIONARY
360
1AA9B1
102
}
102
{ACAD_REACTORS
330
1A2BCA
102
}
330
1A2BCA
100
AcDbVisualStyle
  2
Shaded
 70
    27
177
     2
291
     0
 71
     2
176
     1
 72
     2
176
     1
 73
     1
176
     1
 90
        2
176
     1
 40
0.6
176
     1
 41
30.0
176
     1
 63
     7
421
 16777215
176
     1
 74
     0
176
     1
 91
        4
176
     1
 64
     7
176
     1
 65
   257
176
     1
 75
     1
176
     1
175
     1
176
     1
 42
1.0
176
     1
 92
        8
176
     1
 66
   257
176
     1
 43
1.0
176
     1
 76
     1
176
     1
 77
     6
176
     1
 78
     2
176
     1
 67
     8
425
  7895160
176
     1
 79
     3
176
     1
170
     0
176
     1
171
     0
176
     1
290
     0
176
     1
 93
        5
176
     1
 44
0.0
176
     1
173
     0
176
     1
1001
ACAD
1000
AcDbSavedByObjectVersion
1070
     0
  0
VISUALSTYLE
  5
1A2BE1
102
{ACAD_XDICTIONARY
360
1AA9AF
102
}
102
{ACAD_REACTORS
330
1A2BCA
102
}
330
1A2BCA
100
AcDbVisualStyle
  2
Shaded with edges
 70
    26
177
     2
291
     0
 71
     2
176
     1
 72
     2
176
     1
 73
     1
176
     1
 90
        2
176
     1
 40
0.6
176
     1
 41
30.0
176
     1
 63
     7
421
 16777215
176
     1
 74
     1
176
     1
 91
        2
176
     1
 64
     7
176
     1
 65
   257
176
     1
 75
     2
176
     1
175
     1
176
     1
 42
1.0
176
     1
 92
        8
176
     1
 66
   257
176
     1
 43
1.0
176
     1
 76
     1
176
     1
 77
     6
176
     1
 78
     2
176
     1
 67
     7
176
     1
 79
     3
176
     1
170
     0
176
     1
171
     0
176
     1
290
     0
176
     1
 93
        5
176
     1
 44
0.0
176
     1
173
     0
176
     1
1001
ACAD
1000
AcDbSavedByObjectVersion
1070
     0
  0
VISUALSTYLE
  5
1A2BDE
102
{ACAD_XDICTIONARY
360
1AA9A9
102
}
102
{ACAD_REACTORS
330
1A2BCA
102
}
330
1A2BCA
100
AcDbVisualStyle
  2
Shades of Gray
 70
    23
177
     2
291
     0
 71
     2
176
     1
 72
     2
176
     1
 73
     3
176
     1
 90
        0
176
     1
 40
0.6
176
     1
 41
30.0
176
     1
 63
     7
421
 16777215
176
     1
 74
     2
176
     1
 91
        2
176
     1
 64
     7
176
     1
 65
     7
176
     1
 75
     1
176
     1
175
     1
176
     1
 42
40.0
176
     1
 92
        8
176
     1
 66
     7
176
     1
 43
1.0
176
     1
 76
     1
176
     1
 77
     6
176
     1
 78
     2
176
     1
 67
     7
176
     1
 79
     3
176
     1
170
     0
176
     1
171
     0
176
     1
290
     0
176
     1
 93
        1
176
     1
 44
0.0
176
     1
173
     0
176
     1
1001
ACAD
1000
AcDbSavedByObjectVersion
1070
     0
  0
VISUALSTYLE
  5
1A2BDF
102
{ACAD_XDICTIONARY
360
1AA9AB
102
}
102
{ACAD_REACTORS
330
1A2BCA
102
}
330
1A2BCA
100
AcDbVisualStyle
  2
Sketchy
 70
    24
177
     2
291
     0
 71
     1
176
     1
 72
     2
176
     1
 73
     2
176
     1
 90
        0
176
     1
 40
0.6
176
     1
 41
30.0
176
     1
 63
     7
421
 16777215
176
     1
 74
     2
176
     1
 91
        2
176
     1
 64
     7
176
     1
 65
     7
176
     1
 75
     1
176
     1
175
     1
176
     1
 42
40.0
176
     1
 92
       11
176
     1
 66
     7
176
     1
 43
1.0
176
     1
 76
     1
176
     1
 77
     6
176
     1
 78
     2
176
     1
 67
     7
176
     1
 79
     6
176
     1
170
     0
176
     1
171
     0
176
     1
290
     0
176
     1
 93
        1
176
     1
 44
0.0
176
     1
173
     0
176
     1
1001
ACAD
1000
AcDbSavedByObjectVersion
1070
     0
  0
VISUALSTYLE
  5
1A2BD7
102
{ACAD_XDICTIONARY
360
1AA99B
102
}
102
{ACAD_REACTORS
330
1A2BCA
102
}
330
1A2BCA
100
AcDbVisualStyle
  2
Thicken
 70
    13
177
     2
291
     1
 71
     2
176
     1
 72
     2
176
     1
 73
     0
176
     1
 90
        0
176
     1
 40
0.6
176
     1
 41
30.0
176
     1
 63
     7
421
 16777215
176
     1
 74
     1
176
     1
 91
        4
176
     1
 64
     7
176
     1
 65
   257
176
     1
 75
     1
176
     1
175
     1
176
     1
 42
1.0
176
     1
 92
       12
176
     1
 66
     7
176
     1
 43
1.0
176
     1
 76
     1
176
     1
 77
     6
176
     1
 78
     2
176
     1
 67
     7
176
     1
 79
     5
176
     1
170
     0
176
     1
171
     0
176
     1
290
     0
176
     1
 93
        1
176
     1
 44
0.0
176
     1
173
     0
176
     1
1001
ACAD
1000
AcDbSavedByObjectVersion
1070
     0
  0
VISUALSTYLE
  5
1A2BD0
102
{ACAD_XDICTIONARY
360
1AA98D
102
}
102
{ACAD_REACTORS
330
1A2BCA
102
}
330
1A2BCA
100
AcDbVisualStyle
  2
Wireframe
 70
     5
177
     2
291
     0
 71
     0
176
     1
 72
     2
176
     1
 73
     0
176
     1
 90
        0
176
     1
 40
0.6
176
     1
 41
30.0
176
     1
 63
     7
421
 16777215
176
     1
 74
     1
176
     1
 91
        4
176
     1
 64
     7
176
     1
 65
   257
176
     1
 75
     1
176
     1
175
     1
176
     1
 42
1.0
176
     1
 92
        0
176
     1
 66
   257
176
     1
 43
1.0
176
     1
 76
     1
176
     1
 77
     6
176
     1
 78
     2
176
     1
 67
     7
176
     1
 79
     3
176
     1
170
     0
176
     1
171
     0
176
     1
290
     0
176
     1
 93
        1
176
     1
 44
0.0
176
     1
173
     0
176
     1
1001
ACAD
1000
AcDbSavedByObjectVersion
1070
     0
  0
VISUALSTYLE
  5
1A2BE0
102
{ACAD_XDICTIONARY
360
1AA9AD
102
}
102
{ACAD_REACTORS
330
1A2BCA
102
}
330
1A2BCA
100
AcDbVisualStyle
  2
X-Ray
 70
    25
177
     2
291
     0
 71
     2
176
     1
 72
     2
176
     1
 73
     1
176
     1
 90
        1
176
     1
 40
0.5
176
     1
 41
30.0
176
     1
 63
     7
421
 16777215
176
     1
 74
     1
176
     1
 91
        0
176
     1
 64
     7
176
     1
 65
   257
176
     1
 75
     1
176
     1
175
     1
176
     1
 42
1.0
176
     1
 92
        8
176
     1
 66
     7
176
     1
 43
1.0
176
     1
 76
     1
176
     1
 77
     6
176
     1
 78
     2
176
     1
 67
     7
176
     1
 79
     3
176
     1
170
     0
176
     1
171
     0
176
     1
290
     0
176
     1
 93
       13
176
     1
 44
0.0
176
     1
173
     0
176
     1
1001
ACAD
1000
AcDbSavedByObjectVersion
1070
     0
  0
DICTIONARYVAR
  5
1A712C
102
{ACAD_REACTORS
330
80
102
}
330
80
100
DictionaryVariables
280
     0
  1
0
  0
DICTIONARYVAR
  5
1A2D4F
102
{ACAD_REACTORS
330
80
102
}
330
80
100
DictionaryVariables
280
     0
  1
1:1
  0
DICTIONARYVAR
  5
1A2D51
102
{ACAD_REACTORS
330
80
102
}
330
80
100
DictionaryVariables
280
     0
  1
STANDARD
  0
DICTIONARYVAR
  5
1A2D50
102
{ACAD_REACTORS
330
80
102
}
330
80
100
DictionaryVariables
280
     0
  1
STANDARD
  0
DICTIONARYVAR
  5
1A3180
102
{ACAD_REACTORS
330
80
102
}
330
80
100
DictionaryVariables
280
     0
  1
Metric50
  0
DICTIONARYVAR
  5
1A3181
102
{ACAD_REACTORS
330
80
102
}
330
80
100
DictionaryVariables
280
     0
  1
Metric50
  0
DICTIONARYVAR
  5
18FC95
102
{ACAD_REACTORS
330
80
102
}
330
80
100
DictionaryVariables
280
     0
  1
2
  0
DICTIONARYVAR
  5
30F8
102
{ACAD_REACTORS
330
80
102
}
330
80
100
DictionaryVariables
280
     0
  1
1
  0
DICTIONARYVAR
  5
1A3DF8
102
{ACAD_REACTORS
330
80
102
}
330
80
100
DictionaryVariables
280
     0
  1
BYBLOCK
  0
DICTIONARYVAR
  5
1A3DF7
102
{ACAD_REACTORS
330
80
102
}
330
80
100
DictionaryVariables
280
     0
  1
ByLayer
  0
DICTIONARYVAR
  5
19D65E
102
{ACAD_REACTORS
330
80
102
}
330
80
100
DictionaryVariables
280
     0
  1
0
  0
DICTIONARYVAR
  5
1A2D52
102
{ACAD_REACTORS
330
80
102
}
330
80
100
DictionaryVariables
280
     0
  1
0
  0
DICTIONARYVAR
  5
3827
102
{ACAD_REACTORS
330
80
102
}
330
80
100
DictionaryVariables
280
     0
  1

  0
DICTIONARYVAR
  5
81
102
{ACAD_REACTORS
330
80
102
}
330
80
100
DictionaryVariables
280
     0
  1
96
  0
XRECORD
  5
19AB2D
102
{ACAD_REACTORS
330
19AB2C
102
}
330
19AB2C
100
AcDbXrecord
280
     1
330
0
330
0
330
0
330
0
330
0
330
0
330
0
330
0
330
0
  0
DICTIONARY
  5
1A0A3D
102
{ACAD_REACTORS
330
1A0A3C
102
}
330
1A0A3C
100
AcDbDictionary
281
     1
  0
DICTIONARY
  5
1AA9B5
330
1A302F
100
AcDbDictionary
280
     1
281
     1
  3
ACAD_XREC_ROUNDTRIP
360
1AA9B6
  0
DICTIONARY
  5
1A3792
330
3089
100
AcDbDictionary
280
     1
281
     1
  3
ADSK_XREC_LAYOUTTHUMBNAIL
360
1A95FB
  0
DICTIONARY
  5
1A3166
330
1A2BE6
100
AcDbDictionary
280
     1
281
     1
  3
FBXASSET
360
1A3167
  0
DICTIONARY
  5
1AA9B3
330
1A302E
100
AcDbDictionary
280
     1
281
     1
  3
ACAD_XREC_ROUNDTRIP
360
1AA9B4
  0
DICTIONARY
  5
1A3786
330
1A2BE8
100
AcDbDictionary
280
     1
281
     1
  3
ACAD_ROUNDTRIP_2008_TABLESTYLE_CELLSTYLEMAP
360
1AA981
  0
DICTIONARY
  5
1AA98B
330
1A2BCF
100
AcDbDictionary
280
     1
281
     1
  3
ACAD_XREC_ROUNDTRIP
360
1AA98C
  0
DICTIONARY
  5
1AA991
330
1A2BD2
100
AcDbDictionary
280
     1
281
     1
  3
ACAD_XREC_ROUNDTRIP
360
1AA992
  0
DICTIONARY
  5
1AA999
330
1A2BD6
100
AcDbDictionary
280
     1
281
     1
  3
ACAD_XREC_ROUNDTRIP
360
1AA99A
  0
DICTIONARY
  5
1AA9A1
330
1A2BDA
100
AcDbDictionary
280
     1
281
     1
  3
ACAD_XREC_ROUNDTRIP
360
1AA9A2
  0
DICTIONARY
  5
1AA995
330
1A2BD4
100
AcDbDictionary
280
     1
281
     1
  3
ACAD_XREC_ROUNDTRIP
360
1AA996
  0
DICTIONARY
  5
1AA997
330
1A2BD5
100
AcDbDictionary
280
     1
281
     1
  3
ACAD_XREC_ROUNDTRIP
360
1AA998
  0
DICTIONARY
  5
1AA9A7
330
1A2BDD
100
AcDbDictionary
280
     1
281
     1
  3
ACAD_XREC_ROUNDTRIP
360
1AA9A8
  0
DICTIONARY
  5
1AA99F
330
1A2BD9
100
AcDbDictionary
280
     1
281
     1
  3
ACAD_XREC_ROUNDTRIP
360
1AA9A0
  0
DICTIONARY
  5
1AA983
330
1A2BCB
100
AcDbDictionary
280
     1
281
     1
  3
ACAD_XREC_ROUNDTRIP
360
1AA984
  0
DICTIONARY
  5
1AA985
330
1A2BCC
100
AcDbDictionary
280
     1
281
     1
  3
ACAD_XREC_ROUNDTRIP
360
1AA986
  0
DICTIONARY
  5
1AA987
330
1A2BCD
100
AcDbDictionary
280
     1
281
     1
  3
ACAD_XREC_ROUNDTRIP
360
1AA988
  0
DICTIONARY
  5
1AA989
330
1A2BCE
100
AcDbDictionary
280
     1
281
     1
  3
ACAD_XREC_ROUNDTRIP
360
1AA98A
  0
DICTIONARY
  5
1AA98F
330
1A2BD1
100
AcDbDictionary
280
     1
281
     1
  3
ACAD_XREC_ROUNDTRIP
360
1AA990
  0
DICTIONARY
  5
1AA9A3
330
1A2BDB
100
AcDbDictionary
280
     1
281
     1
  3
ACAD_XREC_ROUNDTRIP
360
1AA9A4
  0
DICTIONARY
  5
1AA99D
330
1A2BD8
100
AcDbDictionary
280
     1
281
     1
  3
ACAD_XREC_ROUNDTRIP
360
1AA99E
  0
DICTIONARY
  5
1AA9A5
330
1A2BDC
100
AcDbDictionary
280
     1
281
     1
  3
ACAD_XREC_ROUNDTRIP
360
1AA9A6
  0
DICTIONARY
  5
1AA993
330
1A2BD3
100
AcDbDictionary
280
     1
281
     1
  3
ACAD_XREC_ROUNDTRIP
360
1AA994
  0
DICTIONARY
  5
1AA9B1
330
1A2BE2
100
AcDbDictionary
280
     1
281
     1
  3
ACAD_XREC_ROUNDTRIP
360
1AA9B2
  0
DICTIONARY
  5
1AA9AF
330
1A2BE1
100
AcDbDictionary
280
     1
281
     1
  3
ACAD_XREC_ROUNDTRIP
360
1AA9B0
  0
DICTIONARY
  5
1AA9A9
330
1A2BDE
100
AcDbDictionary
280
     1
281
     1
  3
ACAD_XREC_ROUNDTRIP
360
1AA9AA
  0
DICTIONARY
  5
1AA9AB
330
1A2BDF
100
AcDbDictionary
280
     1
281
     1
  3
ACAD_XREC_ROUNDTRIP
360
1AA9AC
  0
DICTIONARY
  5
1AA99B
330
1A2BD7
100
AcDbDictionary
280
     1
281
     1
  3
ACAD_XREC_ROUNDTRIP
360
1AA99C
  0
DICTIONARY
  5
1AA98D
330
1A2BD0
100
AcDbDictionary
280
     1
281
     1
  3
ACAD_XREC_ROUNDTRIP
360
1AA98E
  0
DICTIONARY
  5
1AA9AD
330
1A2BE0
100
AcDbDictionary
280
     1
281
     1
  3
ACAD_XREC_ROUNDTRIP
360
1AA9AE
  0
XRECORD
  5
1AA9B6
102
{ACAD_REACTORS
330
1AA9B5
102
}
330
1AA9B5
100
AcDbXrecord
280
     1
102
DISPLAYNAME
  1
Metric50
102
FLAGS
 90
        0
  0
XRECORD
  5
1A95FB
102
{ACAD_REACTORS
330
1A3792
102
}
330
1A3792
100
AcDbXrecord
280
     1
310
2800000000010000870000000100080000000000008700000100000001000000000100000000000000000000FFFFFF00000000FF000000FF000000FF000000FF000000FF000000FF000000FF000000FF000000FF330000FF660000FF990000FFCC0000FFFF0000FF003300FF333300FF663300FF993300FFCC3300FFFF3300
310
FF006600FF336600FF666600FF996600FFCC6600FFFF6600FF009900FF339900FF669900FF999900FFCC9900FFFF9900FF00CC00FF33CC00FF66CC00FF99CC00FFCCCC00FFFFCC00FF00FF00FF33FF00FF66FF00FF99FF00FFCCFF00FFFFFF00FF000033FF330033FF660033FF990033FFCC0033FFFF0033FF003333FF3333
310
33FF663333FF993333FFCC3333FFFF3333FF006633FF336633FF666633FF996633FFCC6633FFFF6633FF009933FF339933FF669933FF999933FFCC9933FFFF9933FF00CC33FF33CC33FF66CC33FF99CC33FFCCCC33FFFFCC33FF00FF33FF33FF33FF66FF33FF99FF33FFCCFF33FFFFFF33FF000066FF330066FF660066FF99
310
0066FFCC0066FFFF0066FF003366FF333366FF663366FF993366FFCC3366FFFF3366FF006666FF336666FF666666FF996666FFCC6666FFFF6666FF009966FF339966FF669966FF999966FFCC9966FFFF9966FF00CC66FF33CC66FF66CC66FF99CC66FFCCCC66FFFFCC66FF00FF66FF33FF66FF66FF66FF99FF66FFCCFF66FF
310
FFFF66FF000099FF330099FF660099FF990099FFCC0099FFFF0099FF003399FF333399FF663399FF993399FFCC3399FFFF3399FF006699FF336699FF666699FF996699FFCC6699FFFF6699FF009999FF339999FF669999FF999999FFCC9999FFFF9999FF00CC99FF33CC99FF66CC99FF99CC99FFCCCC99FFFFCC99FF00FF99
310
FF33FF99FF66FF99FF99FF99FFCCFF99FFFFFF99FF0000CCFF3300CCFF6600CCFF9900CCFFCC00CCFFFF00CCFF0033CCFF3333CCFF6633CCFF9933CCFFCC33CCFFFF33CCFF0066CCFF3366CCFF6666CCFF9966CCFFCC66CCFFFF66CCFF0099CCFF3399CCFF6699CCFF9999CCFFCC99CCFFFF99CCFF00CCCCFF33CCCCFF66CC
310
CCFF99CCCCFFCCCCCCFFFFCCCCFF00FFCCFF33FFCCFF66FFCCFF99FFCCFFCCFFCCFFFFFFCCFF0000FFFF3300FFFF6600FFFF9900FFFFCC00FFFFFF00FFFF0033FFFF3333FFFF6633FFFF9933FFFFCC33FFFFFF33FFFF0066FFFF3366FFFF6666FFFF9966FFFFCC66FFFFFF66FFFF0099FFFF3399FFFF6699FFFF9999FFFFCC
310
99FFFFFF99FFFF00CCFFFF33CCFFFF66CCFFFF99CCFFFFCCCCFFFFFFCCFFFF00FFFFFF33FFFFFF66FFFFFF99FFFFFFCCFFFFFFFFFFFFFF000000FF0D0D0DFF1A1A1AFF282828FF353535FF434343FF505050FF5D5D5DFF6B6B6BFF787878FF868686FF939393FFA1A1A1FFAEAEAEFFBBBBBBFFC9C9C9FFD6D6D6FFE4E4E4FF
310
F1F1F1FFFFFFFFFF000000FF000000FF000000FF000000FF000000FF000000FF000000FF000000FF000000FF000000FF00000000000000000000000000000000000000000000000000000000000000000000000000000000000000000000000000000000000000000000000000000000000000000000000000000000000000
310
00BEBEBEBEBEBEBEBEBEBEBEBEBEBEBEBEBEBEBEBEBEBEBEBEBEBEBEBEBEBEBEBEBEBEBEBEBEBEBEBEBEBEBEBEBEBEBEBEBEBEBEBEBEBEBEBEBEBEBEBEBEBEBEBEBEBEBEBEBEBEBEBEBEBEBEBEBEBEBEBEBEBEBEBEBEBEBEBEBEBEBEBEBEBEBEBE000000000000000000000000000000000000000000000000000000000000
310
00000000000000000000000000000000000000000000000000000000000000000000000000000000000000000000000000000000000000000000000000000000000000000000000000000000000000000000000000000000000000000000000000000000000000000000000000000000000000000000000000000000000000
310
000000BE000000000000000000000000000000000000000000000000000000000000000000000000000000000000000000000000000000000000000000000000000000000000000000000000000000F5F5F5F5F5F5F5F5F5F5F50000000000000000BE00000000000000000000000000000000000000000000000000000000
310
00000000000000000000000000000000000000000000000000000000000000000000000000000000000000000000000000000000000000000000000000000000000000000000000000000000000000000000000000000000000000000000000000000000000000000000000000000000000000000000000000000000000000
310
0000000000BE000000000000000000000000000000000000000000000000000000000000000000000000000000000000000000000000000000000000000000000000000000000000000000000000000000F5F5F5F5F5F5F5F5F5F5F50000000000000000BE0000000000000000000000000000000000000000000000000000
310
00000000000000000000000000000000000000000000000000000000000000000000000000000000000000000000000000000000000000000000000000000000000000000000000000000000000000000000000000000000000000000000000000000000000000000000000000000000000000000000000000000000000000
310
00000000000000BE00F5F5F5F5F5F5F5F5F5F5F5F5F5F5F5F5F5F5F5F5F5F5F5F5F5F5F5F5F5F5F5F5F5F5F5F5F5F5F5F5F5F5F5F5F5F5F5F5F5F5F5F5F5F5F5F5F5F5F5F5F5F5F5F5F5F5F5F5F5F5F5F5F5F5F5F5F5F5F5F5F5F5F5F5F5F5F5000000000000BE000000000000000000000000000000000000000000000000
310
00000000000000000000000000000000000000000000000000000000000000000000000000000000000000000000000000000000000000000000000000000000000000000000000000000000000000000000000000000000000000000000000000000000000000000000000000000000000000000000000000000000000000
310
000000000000000000BEF5F5F5F5F5F5F5F5F5F5F5F5F5F5F5F5F5F5F5F5F5F5F5F5F5F5F5F5F5F5F5F5F5F5F5F5F5F5F5F5F5F5F5F5F5F5F5F5F5F5F5F5F5F5F5F5F5F5F5F5F5F5F5F5F5F5F5F5F5F5F5F5F5F5F5F5F5F5F5F5F5F5F5F5F5F5F5F5F5F5F5F5F5F5BE00000000000000000000000000000000000000000000
310
00000000000000000000000000000000000000000000000000000000000000000000000000000000000000000000000000000000000000000000000000000000000000000000000000000000000000000000000000000000000000000000000000000000000000000000000000000000000000000000000000000000000000
310
0000000000000000000000BEF500F500F500F5F5F50000F5F5F5F5F500000000F500000000F5F50000000000F5F5F5F5F5F5F5F5F5F5F500F500000000000000000000F5000000F5F5F500000000F5000000F5F5F5F500000000F50000000000000000000000000000F5BE0000000000000000000000000000000000000000
310
00000000000000000000000000000000000000000000000000000000000000000000000000000000000000000000000000000000000000000000000000000000000000000000000000000000000000000000000000000000000000000000000000000000000000000000000000000000000000000000000000000000000000
310
00000000000000000000000000BEF5F5F5F5F5F5F5F5F50000F5F5F5F5F500000000F500000000F5F50000000000F5F5F5F5F5F5F5F5F5F5F500F5000000F5F500F5F50000F5000000F5F5F500000000F50000F5F5F5F5F500000000F50000000000000000000000000000F5BE000000000000000000000000000000000000
310
00000000000000000000000000000000000000000000000000000000000000000000000000000000000000000000000000000000000000000000000000000000000000000000000000000000000000000000000000000000000000000000000000000000000000000000000000000000000000000000000000000000000000
310
000000000000000000000000000000BEF5F5F5F5F500F5F5F5F5F5F5F5F5F5F5F5F5F5F5F5F5F5F5F5F5F5F5F5F5F5F5F5F5F5F5F5F5F5F5F5F5F5F5F5F5F5F5F5F5F5F5F5F5F5F5F5F5F5F5F5F5F5F5F5F5F5F5F5F5F5F5F5F5F5F5F5F5F5F5F5F5F5F5F5F5F5F5F5F5F5F5F5F5BE00000000000000000000000000000000
310
00000000000000000000000000000000000000000000000000000000000000000000000000000000000000000000000000000000000000000000000000000000000000000000000000000000000000000000000000000000000000000000000000000000000000000000000000000000000000000000000000000000000000
310
0000000000000000000000000000000000BEF500F500F500F500F500F5F5F5F5F5F5F5F5F5F5F50000F5F5F5F5F5F5F5F500F50000F5F5F5F5F5F5F50000F50000F5F5F5F5F5000000F50000F5F5F5F5F5F50000F50000F5F5F5F5F5F5F50000F50000000000000000000000000000F5BE0000000000000000000000000000
310
00000000000000000000000000000000000000000000000000000000000000000000000000000000000000000000000000000000000000000000000000000000000000000000000000000000000000000000000000000000000000000000000000000000000000000000000000000000000000000000000000000000000000
310
00000000000000000000000000000000000000BEF5F5F5F5F5F5F5F5F5F5F5F5F5F5F5F5F5F5F5F5F5F5F5F5F5F5F5F5F5F5F5F5F5F5F5F5F5F5F5F5F5F5F5F5F5F5F5F5F5F5F5F5F5F5F5F5F5F5F5F5F5F5F5F5F5F5F5F5F5F5F5F5F5F5F5F5F5F5F5F5F5F5F5F5F5F5F5F5F5F5F5F5F5F5BE000000000000000000000000
310
00000000000000000000000000000000000000000000000000000000000000000000000000000000000000000000000000000000000000000000000000000000000000000000000000000000000000000000000000000000000000000000000000000000000000000000000000000000000000000000000000000000000000
310
000000000000000000000000000000000000000000BEF500F500F5F5F500F50000F5F5F5F5F500000000F500000000F5F50000000000F50000F5F5F5F5F5F5000000F500000000000000000000F5000000F5F5F500000000F5000000F5F5F5F500000000F5F5F5F5F5F5F5F5F5000000000000F5BE00000000000000000000
310
00000000000000000000000000000000000000000000000000000000000000000000000000000000000000000000000000000000000000000000000000000000000000000000000000000000000000000000000000000000000000000000000000000000000000000000000000000000000000000000000000000000000000
310
0000000000000000000000000000000000000000000000BEF500F500F5F5F500F50000F5F5F5F5F500000000F500000000F5F50000000000F50000F5F5F5F5F5F5000000F5000000F5F500F5F50000F5000000F5F5F500000000F50000F5F5F5F5F500000000F5F5F5F5F5F5F5F5F5000000000000F5BE0000000000000000
310
00000000000000000000000000000000000000000000000000000000000000000000000000000000000000000000000000000000000000000000000000000000000000000000000000000000000000000000000000000000000000000000000000000000000000000000000000000000000000000000000000000000000000
310
00000000000000000000000000000000000000000000000000BEF500F500F5F5F500F50000000000000000000000F50000000000000000000000F50000000000000000000000F500000000000000000000F500000000000000000000F5F5F5F5F5F5F5F5F5F5F5F5F5F5F5F5F5F5F5F5F5F5F5F5F5F5F5F5BE000000000000
310
00000000000000000000000000000000000000000000000000000000000000000000000000000000000000000000000000000000000000000000000000000000000000000000000000000000000000000000000000000000000000000000000000000000000000000000000000000000000000000000000000000000000000
310
000000000000000000000000000000000000000000000000000000BEF500F500F5F5F500F5F5F5F5F5F5F5F5F5F5F5F5F5F5F5F5F5F5F5F5F5F5F5F5F5F5F5F5F5F5F5F5F5F5F5F5F5F5F5F5F5F5F5F5F5F5F5F5F5F5F5F5F5F5F5F5F5F5F5000000F5F5F5F500000000F5F5F5F5F5F5F5F5F5F5F500000000F5BE00000000
310
00000000000000000000000000000000000000000000000000000000000000000000000000000000000000000000000000000000000000000000000000000000000000000000000000000000000000000000000000000000000000000000000000000000000000000000000000000000000000000000000000000000000000
310
0000000000000000000000000000000000000000000000000000000000BEF500F500F5F5F500F50000F5F5F5F5F5F5F50000F5000000F5F5F5F5F5000000F5000000F5F5F5F5F5000000F500F5F5000000F5000000F500F5F5F5F5F5F5F5F500F50000F5F5F5F5F500000000F5F5F5F5F5F5F5F5F5F5F500000000F5BE0000
310
00000000000000000000000000000000000000000000000000000000000000000000000000000000000000000000000000000000000000000000000000000000000000000000000000000000000000000000000000000000000000000000000000000000000000000000000000000000000000000000000000000000000000
310
00000000000000000000000000000000000000000000000000000000000000BEF500F500F5F5F500F5F5F5F5F5F5F5F5F5F5F5F5F5F5F5F5F5F5F5F5F5F5F5F5F5F5F5F5F5F5F5F5F5F5F5F5F5F5F5F5F5F5F5F5F5F5F5F5F5F5F5F5F5F5F5F5F5F5F5F5F5F5F5F5F5F5F5F5F5F5F5F5F5F5F5F5F5F5F5F5F5F5F5F5F5F5BE
310
00000000000000000000000000000000000000000000000000000000000000000000000000000000000000000000000000000000000000000000000000000000000000000000000000000000000000000000000000000000000000000000000000000000000000000000000000000000000000000000000000000000000000
310
000000000000000000000000000000000000000000000000000000000000000000BEF500F500F5F5F500F5000000000000000000000000000000000000000000000000000000000000000000000000000000000000000000000000000000000000000000000000000000000000000000000000000000000000000000000000
310
F5BE0000000000000000000000000000000000000000000000000000000000000000000000000000000000000000000000000000000000000000000000000000000000000000000000000000000000000000000000000000000000000000000000000000000000000000000000000000000000000000000000000000000000
310
0000000000000000000000000000000000000000000000000000000000000000000000BEF500F500F5F5F500F500000000000000000000000000000000000000000000000000000000000000000000000000000000000000000000000000000000000000000000000000000000000000000000000000000000000000000000
310
0000F5BE000000000000000000000000000000000000000000000000000000000000000000000000000000000000000000000000000000000000000000000000000000000000000000000000000000000000000000000000000000000000000000000000000000000000000000000000000000000000000000000000000000
310
00000000000000000000000000000000000000000000000000000000000000000000000000BEF500F500F5F5F500F50000000000000000000000000000000000000000000000000000000000000000000000000000000000000000000000000000000000000000000000000000000000000000000000000000000000000000
310
00000000F5BE00000000000000000000000000000000000000000000000000000000000000000000000000000000000000000000000000000000000000000000000000000000000000000000000000000000000000000000000000000000000000000000000000000000000000000000000000000000000000000000000000
310
000000000000000000000000000000000000000000000000000000000000000000000000000000BEF500F500F5F5F500F5000000000000000000000000000000000000000000000000000000000000000000000000000000000000000000000000000000000000000000000000000000000000000000000000000000000000
310
000000000000F5BE0000000000000000000000000000000000000000000000000000000000000000000000000000000000000000000000000000000000000000000000000000000000000000000000000000000000000000000000000000000000000000000000000000000000000000000000000000000000000000000000
310
0000000000000000000000000000000000000000000000000000000000000000000000000000000000BEF500F500F5F5F500F500000000000000000000000000000000000000000000000000000000000000000000000000000000000000000000000000000000000000000000000000000000000000000000BEBEBEBEBEBE
310
0000000000000000F5BE000000000000000000000000000000000000000000000000000000000000000000000000000000000000000000000000000000000000000000000000000000000000000000000000000000000000000000000000000000000000000000000000000000000000000000000000000000000000000000
310
00000000000000000000000000000000000000000000000000000000000000000000000000000000000000BEF500F500F5F5F5F5F50000000000000000000000000000000000000000000000000000000000000000000000000000000000000000000000000000000000000000000000000000000000000000BE0F00000000
310
0000BE0F000000000000F5BE00000000000000000000000000000000000000000000000000000000000000000000000000000000000000000000000000000000000000000000000000000000000000000000000000000000000000000000000000000000000000000000000000000000000000000000000000000000000000
310
000000000000000000000000000000000000000000000000000000000000000000000000000000000000000000BEF500F500F5F5F5F5F5000000000000000000000000000000000000000000000000000000000000000000000000000000000000000000000000000000000000000000000000000000000000BEBEBEBE0000
310
0000000000BEBE0000000000F5BE0000000000000000000000000000000000000000000000000000000000000000000000000000000000000000000000000000000000000000000000000000000000000000000000000000000000000000000000000000000000000000000000000000000000000000000000000000000000
310
0000000000000000000000000000000000000000000000000000000000000000000000000000000000000000000000BEF500F500F5F5F5F5F5000000000000000000000000000000000000000000000000000000000000000000000000000000000000000000000000000000000000000000000000000000000000BEBEBEBE
310
0F00000000000FBEBEBE00000000F5BE000000000000000000000000000000000000000000000000000000000000000000000000000000000000000000000000000000000000000000000000000000000000000000000000000000000000000000000000000000000000000000000000000000000000000000000000000000
310
00000000000000000000000000000000000000000000000000000000000000000000000000000000000000000000000000BEF500F500F5F5F500F5000000000000000000000000000000000000000000000000000000000000000000000000000000000000000000000000000000000000000000000000000000000000BE00
310
00BE0F0000000000BEBEBEBE00000000F5BE00000000000000000000000000000000000000000000000000000000000000000000000000000000000000000000000000000000000000000000000000000000000000000000000000000000000000000000000000000000000000000000000000000000000000000000000000
310
000000000000000000000000000000000000000000000000000000000000000000000000000000000000000000000000000000BEF500F500F5F5F500F50000000000000000000000000000000000000000000000000000000000000000000000000000000000000000000000000000000000000000000000000000000000BE
310
BE00BEBEBE000000000FBEBE00BE00000000F5BE0000000000000000000000000000000000000000000000000000000000000000000000000000000000000000000000000000000000000000000000000000000000000000000000000000000000000000000000000000000000000000000000000000000000000000000000
310
0000000000000000000000000000000000000000000000000000000000000000000000000000000000000000000000000000000000BEF500F500F5F5F500F500000000000000000000000000000000000000000000000000000000000000000000000000000000000000000000000000000000000000000000000000000000
310
00BE000000BEBE0F000000BEBE000000BE000000F5BE000000000000000000000000000000000000000000000000000000000000000000000000000000000000000000000000000000000000000000000000000000000000000000000000000000000000000000000000000000000000000000000000000000000000000000
310
00000000000000000000000000000000000000000000000000000000000000000000000000000000000000000000000000000000000000BEF500F500F5F5F500F50000000000000000000000000000000000000000000000000000000000000000000000000000000000000000000000000000000000000000000000000000
310
000000BE00000000000FF5F50F0000000000BE000000F5BE00000000000000000000000000000000000000000000000000000000000000000000000000000000000000000000000000000000000000000000000000000000000000000000000000000000000000000000000000000000000000000000000000000000000000
310
000000000000000000000000000000000000000000000000000000000000000000000000000000000000000000000000000000000000000000BEF500F500F5F5F500F5000000000000000000000000000000000000000000000000000000000000000000000000000000000000000000000000000000000000000000000000
310
00000000F5BEF5F5F5F5F5BEBEBEBEF5F5F5F5F5BEF50000F5BE0000000000000000000000000000000000000000000000000000000000000000000000000000000000000000000000000000000000000000000000000000000000000000000000000000000000000000000000000000000000000000000000000000000000
310
0000000000000000000000000000000000000000000000000000000000000000000000000000000000000000000000000000000000000000000000BEF500F500F5F5F500F500000000000000000000000000000000000000000000000000000000000000000000000000000000000000000000000000000000000000000000
310
00000000000000000000000000000F0F00000000000000000000F5BE000000000000000000000000000000000000000000000000000000000000000000000000000000000000000000000000000000000000000000000000000000000000000000000000000000000000000000000000000000000000000000000000000000
310
00000000000000000000000000000000000000000000000000000000000000000000000000000000000000000000000000000000000000000000000000BEF500F500F5F5F500F5F5F5000000000000000000000000000000000000000000000000000000000000000000000000000000000000000000000000000000000000
310
000000000000000000000000000000000F0F00000000000000000000F5BE00000000000000000000000000000000000000000000000000000000000000000000000000000000000000000000000000000000000000000000000000000000000000000000000000000000000000000000000000000000000000000000000000
310
000000000000000000000000000000000000000000000000000000000000000000000000000000000000000000000000000000000000000000000000000000BEF500F500F5F5F500F5F5F500000000000000000000000000000000000000000000000000000000000000000000000000000000000000000000000000000000
310
0000000000000000000000000000000F0FBEBEBEBE0F0F00000000000000F5BE0000000000000000000000000000000000000000000000000000000000000000000000000000000000000000000000000000000000000000000000000000000000000000000000000000000000000000000000000000000000000000000000
310
0000000000000000000000000000000000000000000000000000000000000000000000000000000000000000000000000000000000000000000000000000000000BEF500F500F5F5F500F5F5000000000000000000000000000000000000000000000000000000000000000000000000000000000000000000000000000000
310
00000000000000000000000000000000000000BEBEBEBE000000000000000000F5BE000000000000000000000000000000000000000000000000000000000000000000000000000000000000000000000000000000000000000000000000000000000000000000000000000000000000000000000000000000000000000000
310
00000000000000000000000000000000000000000000000000000000000000000000000000000000000000000000000000000000000000000000000000000000000000BEF500F500F5F5F500F50000000000000000000000000000000000000000000000000000000000000000000000000000000000000000000000000000
310
00000000000000000000000000000000000000000000000000000000000000000000F5BE00000000000000000000000000000000000000000000000000000000000000000000000000000000000000000000000000000000000000000000000000000000000000000000000000000000000000000000000000000000000000
310
000000000000000000000000000000000000000000000000000000000000000000000000000000000000000000000000000000000000000000000000000000000000000000BEF500F500F5F5F500F5000000000000000000000000000000000000000000000000000000000000000000000000000000000000000000000000
310
00000000000000000000000000000000000000BEBEBEBEBEBEBEBEBEBEBEBE0000000000F5BE0000000000000000000000000000000000000000000000000000000000000000000000000000000000000000000000000000000000000000000000000000000000000000000000000000000000000000000000000000000000
310
0000000000000000000000000000000000000000000000000000000000000000000000000000000000000000000000000000000000000000000000000000000000000000000000BEF500F500F5F5F500F5000000000000000000000000000000000000000F0000000000000000000000000000000000000000000000000000
310
00000000000000000000000000000F000000000000BEBEBEBEBEBEBEBEBEBEBEBE0000000000F5BE000000000000000000000000000000000000000000000000000000000000000000000000000000000000000000000000000000000000000000000000000000000000000000000000000000000000000000000000000000
310
00000000000000000000000000000000000000000000000000000000000000000000000000000000000000000000000000000000000000000000000000000000000000000000000000BEF500F500F5F5F500F5000000000000000000000000000000000000000F0F0F0F0F0F0F0F0F0F0F0F0F0F0F0F0F0FBE0F0F0FBE0F0F
310
0F0F0F0F0F0F0F0F0F0F0F0F0F0F0F0FBE0000000000000000000000000000000000000000000000F5BE00000000000000000000000000000000000000000000000000000000000000000000000000000000000000000000000000000000000000000000000000000000000000000000000000000000000000000000000000
310
000000000000000000000000000000000000000000000000000000000000000000000000000000000000000000000000000000000000000000000000000000000000000000000000000000BEF500F500F5F5F500F5000000000000000000000000000000000000000F000000000000000000000000000000BEBEBEBEBEBEBE
310
BEBE000000000000000000000000000000000F0000000000000000000000000000000000000000000000F5BE0000000000000000000000000000000000000000000000000000000000000000000000000000000000000000000000000000000000000000000000000000000000000000000000000000000000000000000000
310
0000000000000000000000000000000000000000000000000000000000000000000000000000000000000000000000000000000000000000000000000000000000000000000000000000000000BEF500F500F500F500F5000000000000000000000000000000000000000F000000000000000000000000000000BEBEBEBEBE
310
BE00BEBE000000000000000000000000000000000F0000000000000000000000000000000000000000000000F5BE000000000000000000000000000000000000000000000000000000000000000000000000000000000000000000000000000000000000000000000000000000000000000000000000000000000000000000
310
00000000000000000000000000000000000000000000000000000000000000000000000000000000000000000000000000000000000000000000000000000000000000000000000000000000000000BEF500F500F500F500F5000000000000000000000000000000000000000F000000000000000000000000000000000000
310
000000000000000000000000000000000000000000000F0000000000000000000000000000000000000000000000F5BE00000000000000000000000000000000000000000000000000000000000000000000000000000000000000000000000000000000000000000000000000000000000000000000000000000000000000
310
000000000000000000000000000000000000000000000000000000000000000000000000000000000000000000000000000000000000000000000000000000000000000000000000000000000000000000BEF500F500F500F500F5000000000000000000000000000000000000000F00000000000000000000000000000000
310
0000000000000000000000000000000000000000000000000F0000000000000000000000000000000000000000000000F5BE0000000000000000000000000000000000000000000000000000000000000000000000000000000000000000000000000000000000000000000000000000000000000000000000000000000000
310
0000000000000000000000000000000000000000000000000000000000000000000000000000000000000000000000000000000000000000000000000000000000000000000000000000000000000000000000BEF5F5F5F5F5F5F5F5F5000000000000000000000000000000000000000F0000000000000000000000000000
310
00000000000000000000000000000000000000000000000000000F0000000000000000000000000000000000000000000000F5BE000000000000000000000000000000000000000000000000000000000000000000000000000000000000000000000000000000000000000000000000000000000000000000000000000000
310
00000000000000000000000000000000000000000000000000000000000000000000000000000000000000000000000000000000000000000000000000000000000000000000000000000000000000000000000000BEF500F500F5F5F500F5F5F500000000000000000000000000000000000F000000000000000000000000
310
000000000000F5F5F5000000000000000000000000000000000000000F0000000000000000000000000000000000000000000000F5BE00000000000000000000000000000000000000000000000000000000000000000000000000000000000000000000000000000000000000000000000000000000000000000000000000
310
000000000000000000000000000000000000000000000000000000000000000000000000000000000000000000000000000000000000000000000000000000000000000000000000000000000000000000000000000000BEF500F500F5F5F5F5F5F5F500000000000000000000000000000000000F00000000000000000000
310
0000000000000000F5F5F5000000000000000000000000000000000000000F0000000000000000000000000000000000000000000000F5BE0000000000000000000000000000000000000000000000000000000000000000000000000000000000000000000000000000000000000000000000000000000000000000000000
310
0000000000000000000000000000000000000000000000000000000000000000000000000000000000000000000000000000000000000000000000000000000000000000000000000000000000000000000000000000000000BEF500F500F5F5F5F5F5F50000000000000000000000000000000000000F0000000000000000
310
0000000000000F0F0000F5F5F500000F0F0000000000000000000000000000000F0000000000000000000000000000000000000000000000F5BE000000000000000000000000000000000000000000000000000000000000000000000000000000000000000000000000000000000000000000000000000000000000000000
310
00000000000000000000000000000000000000000000000000000000000000000000000000000000000000000000000000000000000000000000000000000000000000000000000000000000000000000000000000000000000000BEF500F500F5F5F5F5F5000000000000000000000000000000000000000F000000000000
310
00000F00000000000F0F0F0FBEBEBE0F0F0FBE0000000000000000000000000000000F0000000000000000000000000000000000000000000000F5BE00000000000000000000000000000000000000000000000000000000000000000000000000000000000000000000000000000000000000000000000000000000000000
310
000000000000000000000000000000000000000000000000000000000000000000000000000000000000000000000000000000000000000000000000000000000000000000000000000000000000000000000000000000000000000000BEF500F500F5F5F500F5000000000000000000000000000000000000000F00000000
310
0000BEBEBE00000000000F000000BEBEBE0000000F0000000000000000000000000000000F0000000000000000000000000000000000000000000000F5BE0000000000000000000000000000000000000000000000000000000000000000000000000000000000000000000000000000000000000000000000000000000000
310
0000000000000000000000000000000000000000000000000000000000000000000000000000000000000000000000000000000000000000000000000000000000000000000000000000000000000000000000000000000000000000000000BEF500F500F5F5F500F5000000000000000000000000000000000000000F0000
310
0000000000BEBE00000000000F0000000000000000000F0000000000000000000000000000000F0000000000000000000000000000000000000000000000F5BE000000000000000000000000000000000000000000000000000000000000000000000000000000000000000000000000000000000000000000000000000000
310
00000000000000000000000000000000000000000000000000000000000000000000000000000000000000000000000000000000000000000000000000000000000000000000000000000000000000000000000000000000000000000000000000BEF5F5F5F5F5F5F5F5F5000000000000000000000000000000000000000F
310
00000000000000BEBE00000000000F0000000000000000000F0000000000000000000000000000000F0000000000000000000000000000000000000000000000F5BE00000000000000000000000000000000000000000000000000000000000000000000000000000000000000000000000000000000000000000000000000
310
000000000000000000000000000000000000000000000000000000000000000000000000000000000000000000000000000000000000000000000000000000000000000000000000000000000000000000000000000000000000000000000000000000BEF500F500F500F5F5F5000000000000000000000000000000000000
310
000F00000000000000BE0F00000000000F0000000000000000000F0000000000000000000000000000000F0000000000000000000000000000000000000000000000F5BE0000000000000000000000000000000000000000000000000000000000000000000000000000000000000000000000000000000000000000000000
310
0000000000000000000000000000000000000000000000000000000000000000000000000000000000000000000000000000000000000000000000000000000000000000000000000000000000000000000000000000000000000000000000000000000000BEF500F500F500F5F5F500000000000000000000BE0F0F0F0F0F
310
0F0F0F0F0F0F0F0F0F0F0F0F0F0F0F0F0F0F0F0F0F0F0FBE0F0F0F0F0F0F0F0F0F0F0F0F0F0F0F0F0F0F0F0F0F0F0F0F0F0F0F0F0F0F0F00000000000000000000000000F5BE000000000000000000000000000000000000000000000000000000000000000000000000000000000000000000000000000000000000000000
310
00000000000000000000000000000000000000000000000000000000000000000000000000000000000000000000000000000000000000000000000000000000000000000000000000000000000000000000000000000000000000000000000000000000000000BEF500F500F500F5F5F5000000000000000000000F000000
310
00000000000F00000000000000C3F50FF5F5F5F50FF500C3C300C300C3F50FF5F5F5F5F5F50000000000000000000F000F0000000000BEBE0F00000000000000000000000000F5BE00000000000000000000000000000000000000000000000000000000000000000000000000000000000000000000000000000000000000
310
000000000000000000000000000000000000000000000000000000000000000000000000000000000000000000000000000000000000000000000000000000000000000000000000000000000000000000000000000000000000000000000000000000000000000000BEF500F500F500F500F5000000000000000000000F00
310
00000000BE0000BE000000F5F5F5F5F5C300C3F5F5F50F00C300C3C300C300C30FF5F5F500C300F5F5F5F5F5000000BE0FBEBE0000000000BEBE0FF5F50000000000000000000000F5BE0000000000000000000000000000000000000000000000000000000000000000000000000000000000000000000000000000000000
310
0000000000000000000000000000000000000000000000000000000000000000000000000000000000000000000000000000000000000000000000000000000000000000000000000000000000000000000000000000000000000000000000000000000000000000000000BEF500F500F500F500F500000000000000000000
310
0F00000000BEBEBE0F0F00C3C3F5C3C3F5F5F5F5F500C3F50FC3C3C300C3C300C3C30FF5C300F5F5F5F5F5C300F5C300000F0FBEBEBE00000000BEBE0FF5F50000000000000000000000F5BE000000000000000000000000000000000000000000000000000000000000000000000000000000000000000000000000000000
310
00000000000000000000000000000000000000000000000000000000000000000000000000000000000000000000000000000000000000000000000000000000000000000000000000000000000000000000000000000000000000000000000000000000000000000000000000BEF5F5F5F5F5F5F5F5F50000000000000000
310
00000F000000000000BE000FBE00F5F5F5F5C300000000000000BE0000C3C300C3C300C3BE00000000000000C3F5F5F5F5C3BE0F0FBE000000000000BEBE0F00000000000000000000000000F5BE00000000000000000000000000000000000000000000000000000000000000000000000000000000000000000000000000
310
000000000000000000000000000000000000000000000000000000000000000000000000000000000000000000000000000000000000000000000000000000000000000000000000000000000000000000000000000000000000000000000000000000000000000000000000000000BE00000000000000F5F500F500000000
310
000000000F00000000000000000F000FC3F500000000000000000000F5C30000C3C300C3C300F500000000000000000000F5000FC3000F00000000000000BEBE0F00000000000000000000000000F5BE0000000000000000000000000000000000000000000000000000000000000000000000000000000000000000000000
310
0000000000000000000000000000000000000000000000000000000000000000000000000000000000000000000000000000000000000000000000000000000000000000000000000000000000000000000000000000000000000000000000000000000000000000000000000000000000BE000000000000F5F5F500F50000
310
0000000000BEBE00000000000000000FC3F5F50000000000000000000000F5C3C300BEF5F500C3C3F50000000000000000000000F5F5C3C30F00000000000000BEBE0F00000000000000000000000000F5BE000000000000000000000000000000000000000000000000000000000000000000000000000000000000000000
310
00000000000000000000000000000000000000000000000000000000000000000000000000000000000000000000000000000000000000000000000000000000000000000000000000000000000000000000000000000000000000000000000000000000000000000000000000000000000000BE000000000000F5F5F5F500
310
00000000000000BEBE00000000000000000FF500F50F0000000000000000000000F5F5F5F5F5F5F5F5F50F0F0F0F0F0F0F0F0F0F0F0FF50F0F0F0F0F0F0F0F0F0F0F0F0FBE00000000000000000000000000F5BE00000000000000000000000000000000000000000000000000000000000000000000000000000000000000
310
000000000000000000000000000000000000000000000000000000000000000000000000000000000000000000000000000000000000000000000000000000000000000000000000000000000000000000000000000000000000000000000000000000000000000000000000000000000000000000BE000000000000F5F5F5
310
000000000000000000BEBE0000000000000000BEC3F50000BE0000000000000000000000000000F5F5BEBE0000000000000000000000BE0000F5C3F5BE00000000000000BEBE0F00000000000000000000000000F5BE0000000000000000000000000000000000000000000000000000000000000000000000000000000000
310
0000000000000000000000000000000000000000000000000000000000000000000000000000000000000000000000000000000000000000000000000000000000000000000000000000000000000000000000000000000000000000000000000000000000000000000000000000000000000000000000BE000000000000F5
310
F5F5000000000000000000BEBE0000000000000000F500F5000000000000BEBE0F0000000000000000000000000000000000000000000000000000F50000F500000000000000BEBEF5F5F50000000000000000000000F5BE000000000000000000000000000000000000000000000000000000000000000000000000000000
310
00000000000000000000000000000000000000000000000000000000000000000000000000000000000000000000000000000000000000000000000000000000000000000000000000000000000000000000000000000000000000000000000000000000000000000000000000000000000000000000000000BE0000000000
310
000000F5000000000000000000BEBE0000000000000000F5C3F5000000000000BEBE0F00000000000000000000000000000F0F0F0F0000000000000000F5C3C3F500000000000000BEBEF5F5F50000000000000000000000F5BE00000000000000000000000000000000000000000000000000000000000000000000000000
310
000000000000000000000000000000000000000000000000000000000000000000000000000000000000000000000000000000000000000000000000000000000000000000000000000000000000000000000000000000000000000000000000000000000000000000000000000000000000000000000000000000BE000000
310
0000000000F5000000000000000000BEBE0000000000000000F500F5000000000000BEBE0F00000000000000000000000000000F0000000FBEBE0000000000F50000F500000000000000BEBEF5F5F50000000000000000000000F5BE0000000000000000000000000000000000000000000000000000000000000000000000
310
0000000000000000000000000000000000000000000000000000000000000000000000000000000000000000000000000000000000000000000000000000000000000000000000000000000000000000000000000000000000000000000000000000000000000000000000000000000000000000000000000000000000BE00
310
00000000000000F5000000000000000000BEBE0000000000000000F5C3F500000000000000000F00000000000000000000000000000F00000000BEBEBE00000000F5C3C3F500000000000000BEBE0F00000000000000000000000000F5BE000000000000000000000000000000000000000000000000000000000000000000
310
00000000000000000000000000000000000000000000000000000000000000000000000000000000000000000000000000000000000000000000000000000000000000000000000000000000000000000000000000000000000000000000000000000000000000000000000000000000000000000000000000000000000000
310
BE0000000000000000F5000000000000000000BEBE000000000000000F0FC3F5000000000000000FBE0F0F0FF5F5F50000000000F5F5F5F50F00000FBEBEBE00000000F5C3F5C300000000000000BEBE0F00000000000000000000000000F5BE00000000000000000000000000000000000000000000000000000000000000
310
00000000000000000000000000000000000000000000000000000000000000000000000000000000000000000000000000000000000000000000000000000000000000000000000000000000000000000000000000000000000000000000000000000000000000000000000000000000000000000000000000000000000000
310
0000BE0000000000000000F5000000000000000000000F000000000000000FF500F500000000000000000F00F5F500F5F5F5000000F5F5F5C3C3F5F5000F0F00BE0F000000F500F50000000000000000BEBE0F00000000000000000000000000F5BE0000000000000000000000000000000000000000000000000000000000
310
00000000000000000000000000000000000000000000000000000000000000000000000000000000000000000000000000000000000000000000000000000000000000000000000000000000000000000000000000000000000000000000000000000000000000000000000000000000000000000000000000000000000000
310
00000000BE0000000000000000F5000000000000000000000F00000000BEBE0F00F5C3F5000000000000000F0F0FF5F5F5F5F5F5000000F5F5F5F5F50FF50F0F0F00000F000000F5C3F50000000000000000BEBE0F00000000000000000000000000F5BE000000000000000000000000000000000000000000000000000000
310
00000000000000000000000000000000000000000000000000000000000000000000000000000000000000000000000000000000000000000000000000000000000000000000000000000000000000000000000000000000000000000000000000000000000000000000000000000000000000000000000000000000000000
310
000000000000BE0000000000000000F5000000000000000000000F000000BEBEBE0000F500F50000000000000000F500F5F5F5F5F50000000000F500F5F5F5F5F50F000000000F0000F5C3F500000000000000000F0F0F00000000000000000000000000F5BE00000000000000000000000000000000000000000000000000
310
00000000000000000000000000000000000000000000000000000000000000000000000000000000000000000000000000000000000000000000000000000000000000000000000000000000000000000000000000000000000000000000000000000000000000000000000000000000000000000000000000000000000000
310
0000000000000000BEF5F5F5F5F5000000F5000000000000000000000F000000BEBE000000BEF5F5F5F5F5F5F5F5F5F5F5F500F5F5F5F5F5F5F5F5F5F5F5F5F50FF5F5F5F5F5F5F5F5F5F5F5F5BE0F0F0F0F0F0F0F0F0F0FBE00000000000000000000000000F5BE0000000000000000000000000000000000000000000000
310
00000000000000000000000000000000000000000000000000000000000000000000000000000000000000000000000000000000000000000000000000000000000000000000000000000000000000000000000000000000000000000000000000000000000000000000000000000000000000000000000000000000000000
310
00000000000000000000BE0000000000000000F5F5F500000000000000000F00000F0F000000000F0FF500C300C3C300C300F5C30F0FF5C30F00C3C300C30FC3F50F0FC3F50F0FC3C300C300C3F50F0F00000000000000000F000000000000000000000000000000F5BE000000000000000000000000000000000000000000
310
00000000000000000000000000000000000000000000000000000000000000000000000000000000000000000000000000000000000000000000000000000000000000000000000000000000000000000000000000000000000000000000000000000000000000000000000000000000000000000000000000000000000000
310
000000000000000000000000BE0000000000000000F5F5F500000000000000000F0F0F0F0F0F0F0F0F0F0F0FF5F5F5F5F5F5F5F5F50FF5F5F5F50FF5F5F5F5F50FF5F5F50FF5F50FF5F5F5F5F5F5F50F0F0F0F0F0F0F0F0F0F0FBE000000000000000000000000000000F5BE00000000000000000000000000000000000000
310
00000000000000000000000000000000000000000000000000000000000000000000000000000000000000000000000000000000000000000000000000000000000000000000000000000000000000000000000000000000000000000000000000000000000000000000000000000000000000000000000000000000000000
310
0000000000000000000000000000BE0000000000000000F500000000000000000000000000000000000F000F000F000000000000000000BEBE0000000F00000000000F0000BEBE00BEBE000000000000000F000F00BEBE00000000000F000000000000000000000000000000F5BE0000000000000000000000000000000000
310
00000000000000000000000000000000000000000000000000000000000000000000000000000000000000000000000000000000000000000000000000000000000000000000000000000000000000000000000000000000000000000000000000000000000000000000000000000000000000000000000000000000000000
310
00000000000000000000000000000000BE0000000000000000F5F50000000000000000000000000000000FBEBE0F000F0000000000000000BEBEBEBE00000F00000000000F0000BEBE0FBEBE000000000000000F000FBEBEBEBE0F0000000F000000000000000000000000000000F5BE000000000000000000000000000000
310
00000000000000000000000000000000000000000000000000000000000000000000000000000000000000000000000000000000000000000000000000000000000000000000000000000000000000000000000000000000000000000000000000000000000000000000000000000000000000000000000000000000000000
310
000000000000000000000000000000000000BE0000000000000000F50000000000000000000000000000000FBE00BE0F000F000000000000000FBEBEBE0000000F00000000000F0000BEBEBEBE0F000000000000000F000F0000BEBEBE00BEBE0F000000000000000000000000000000F5BE00000000000000000000000000
310
00000000000000000000000000000000000000000000000000000000000000000000000000000000000000000000000000000000000000000000000000000000000000000000000000000000000000000000000000000000000000000000000000000000000000000000000000000000000000000000000000000000000000
310
0000000000000000000000000000000000000000BE0000000000000000F5000000000000000000000000000000BEBEBE000F000F0000000000000000BEBE000000000F0F0F0F0F0FBE000000BEBE0F00000000000000000F000F000000BE000000BE0F000000000000000000000000000000F5BE0000000000000000000000
310
00000000000000000000000000000000000000000000000000000000000000000000000000000000000000000000000000000000000000000000000000000000000000000000000000000000000000000000000000000000000000000000000000000000000000000000000000000000000000000000000000000000000000
310
00000000000000000000000000000000000000000000BE0000000000000000F50000000000000000000000000000000000000FBE0F0F0F000000000000000000000000000F0000BE00000F00000000000000000000000000000F0FBE0FBEBE0F0000BEBE0F000000000000000000000000000000F5BE000000000000000000
310
00000000000000000000000000000000000000000000000000000000000000000000000000000000000000000000000000000000000000000000000000000000000000000000000000000000000000000000000000000000000000000000000000000000000000000000000000000000000000000000000000000000000000
310
000000000000000000000000000000000000000000000000BE0000000000000000F5000000000000000000000000000000000000000F000FBE00000000000000000000000000000000BE00000000000000000000000000000000000F000F0000BEBE0000BEBE0F000000000000000000000000000000F5BE00000000000000
310
00000000000000000000000000000000000000000000000000000000000000000000000000000000000000000000000000000000000000000000000000000000000000000000000000000000000000000000000000000000000000000000000000000000000000000000000000000000000000000000000000000000000000
310
0000000000000000000000000000000000000000000000000000BE0000000000000000F5000000000000000000000000000000000000000F000F00000000000000000000000000000000000000000000000000000000000000000000000F000F000000000000BEBE0F000000000000000000000000000000F5BE0000000000
310
00000000000000000000000000000000000000000000000000000000000000000000000000000000000000000000000000000000000000000000000000000000000000000000000000000000000000000000000000000000000000000000000000000000000000000000000000000000000000000000000000000000000000
310
00000000000000000000000000000000000000000000000000000000BE00F5F5F5F5F5F5F5F5000000000000000000000000000000000000000F000F00000000000000000000000000000000000000000000000000000000000000000000000F000F000000000000BEBE0F000000000000000000000000000000F5BE000000
310
00000000000000000000000000000000000000000000000000000000000000000000000000000000000000000000000000000000000000000000000000000000000000000000000000000000000000000000000000000000000000000000000000000000000000000000000000000000000000000000000000000000000000
310
000000000000000000000000000000000000000000000000000000000000BE00F5F5F5F5F5F5F5F5000000000000000000000000000000000000000F000F0F0F0F0F0F0F0F0F0F0F0F0F0F0F0F0F0F0F0F0F0F0F0F0F0F0F0F0F0F0F0F0F0F0F0FBE000F000000000000BEBE0F000000000000000000000000000000F5BE00
310
00000000000000000000000000000000000000000000000000000000000000000000000000000000000000000000000000000000000000000000000000000000000000000000000000000000000000000000000000000000000000000000000000000000000000000000000000000000000000000000000000000000000000
310
0000000000000000000000000000000000000000000000000000000000000000BE0000000000000000F5000000000000000000000000000000000000000F000F0F000000000000000000000000BEBEBEBEBEBEBEBEBE0000000000000000000000000F0F000F00000000000000000F000000000000000000000000000000F5
310
BE000000000000000000000000000000000000000000000000000000000000000000000000000000000000000000000000000000000000000000000000000000000000000000000000000000000000000000000000000000000000000000000000000000000000000000000000000000000000000000000000000000000000
310
00000000000000000000000000000000000000000000000000000000000000000000BE00F5F5F5F5F5F5F5F5000000000000000000000000000000000000000F000000000000000000000000000000BEBEBEBEBEBEBEBEBE0000000000000000000000000000000F0000000000000000000000000000000000000000000000
310
00F5BE00000000000000000000000000000000000000000000000000000000000000000000000000000000000000000000000000000000000000000000000000000000000000000000000000000000000000000000000000000000000000000000000000000000000000000000000000000000000000000000000000000000
310
000000000000000000000000000000000000000000000000000000000000000000000000BE00F5000000000000F5F5F500000000000000000000000000000000000F0000000000000000000000000000000000000000000000000000000000000000000000000000000F000000000000000000000000000000000000000000
310
000000F5BE0000000000000000000000000000000000000000000000000000000000000000000000000000000000000000000000000000000000000000000000000000000000000000000000000000000000000000000000000000000000000000000000000000000000000000000000000000000000000000000000000000
310
0000000000000000000000000000000000000000000000000000000000000000000000000000BE00F5F5F5F5F5F5F5F5F5F500000000000000000000000000000000000F0000000000000000000000000000000000000000000000000000000000000000000000000000000F00000000000000000000000000000000000000
310
0000000000F5BE000000000000000000000000000000000000000000000000000000000000000000000000000000000000000000000000000000000000000000000000000000000000000000000000000000000000000000000000000000000000000000000000000000000000000000000000000000000000000000000000
310
00000000000000000000000000000000000000000000000000000000000000000000000000000000BE00F5F5F5F5F5F5F5F5F50000000000000000000000000000000000000F0000000000000000000000000000000000000000000000000000000000000000000000000000000F0000000000000000000000000000000000
310
00000000000000F5BE00000000000000000000000000000000000000000000000000000000000000000000000000000000000000000000000000000000000000000000000000000000000000000000000000000000000000000000000000000000000000000000000000000000000000000000000000000000000000000000
310
000000000000000000000000000000000000000000000000000000000000000000000000000000000000BE00F500F500F5F5F5F5000000000000000000000000000000000000000F0F0F0F0F0F0F0F0F0F0F0F0F0F0F0FBEBEBEBEBE0FBEBEBE0F0F0F0F0F0F0F0F0F0F0F0F0F0F0FBE000000000000000000000000000000
310
000000000000000000F5BE0000000000000000000000000000000000000000000000000000000000000000000000000000000000000000000000000000000000000000000000000000000000000000000000000000000000000000000000000000000000000000000000000000000000000000000000000000000000000000
310
0000000000000000000000000000000000000000000000000000000000000000000000000000000000000000BE00F500F500F5F5F5F50000000000000000000000000000000000000000000000000000000000000000000000BEBEBEBEBEBEBEBEBE0000000000000000000000000000000000000000000000000000000000
310
0000000000000000000000F5BE000000000000000000000000000000000000000000000000000000000000000000000000000000000000000000000000000000000000000000000000000000000000000000000000000000000000000000000000000000000000000000000000000000000000000000000000000000000000
310
00000000000000000000000000000000000000000000000000000000000000000000000000000000000000000000BE00F500F500F5F5F5F50000000000000000000000000000000000000000000000000000000000000000000000000000000000000000000000000000000000000000000000000000000000000000000000
310
00000000000000000000000000F5BE00000000000000000000000000000000000000000000000000000000000000000000000000000000000000000000000000000000000000000000000000000000000000000000000000000000000000000000000000000000000000000000000000000000000000000000000000000000
310
000000000000000000000000000000000000000000000000000000000000000000000000000000000000000000000000BE00F500F500F5F5F5F5000000000000000000000000000000000000000000000000000000000000000000000000000000000000000000000000000000000000000000000000000000000000000000
310
000000000000000000000000000000F5BE0000000000000000000000000000000000000000000000000000000000000000000000000000000000000000000000000000000000000000000000000000000000000000000000000000000000000000000000000000000000000000000000000000000000000000000000000000
310
0000000000000000000000000000000000000000000000000000000000000000000000000000000000000000000000000000BE00F500F500F5F5F5F500000000000000000000000000000000000000000000000000000000000000000000000000000000000000000000000000000000000000000000000000000000000000
310
0000000000000000000000000000000000F5BE000000000000000000000000000000000000000000000000000000000000000000000000000000000000000000000000000000000000000000000000000000000000000000000000000000000000000000000000000000000000000000000000000000000000000000000000
310
00000000000000000000000000000000000000000000000000000000000000000000000000000000000000000000000000000000BE00F500F500F5F500F50000000000000000000000000000000000000000000000000000000000000000000000000000000000000000000000000000000000000000000000000000000000
310
00000000000000000000000000000000000000F5BE00000000000000000000000000000000000000000000000000000000000000000000000000000000000000000000000000000000000000000000000000000000000000000000000000000000000000000000000000000000000000000000000000000000000000000000
310
000000000000000000000000000000000000000000000000000000000000000000000000000000000000000000000000000000000000BE00F500F500F5F500F5000000000000000000000000000000000000000000000000000000000000000000000000000000000000000000000000000000000000000000000000000000
310
000000000000000000000000000000000000000000F5BE0000000000000000000000000000000000000000000000000000000000000000000000000000000000000000000000000000000000000000000000000000000000000000000000000000000000000000000000000000000000000000000000000000000000000000
310
0000000000000000000000000000000000000000000000000000000000000000000000000000000000000000000000000000000000000000BE00F5F5F5F5F5F5F5F500000000000000000000000000000000000000000000000000000000000000000000000000000000000000000000000000000000000000000000000000
310
0000000000000000000000000000000000000000000000F5BE000000000000000000000000000000000000000000000000000000000000000000000000000000000000000000000000000000000000000000000000000000000000000000000000000000000000000000000000000000000000000000000000000000000000
310
00000000000000000000000000000000000000000000000000000000000000000000000000000000000000000000000000000000000000000000BE00F500F5F5F5F5F5F50000000000000000000000000000000000000000000000000000000000000000000000000000000000000000000000000000000000000000000000
310
00000000000000000000000000000000000000000000000000F5BE00000000000000000000000000000000000000000000000000000000000000000000000000000000000000000000000000000000000000000000000000000000000000000000000000000000000000000000000000000000000000000000000000000000
310
000000000000000000000000000000000000000000000000000000000000000000000000000000000000000000000000000000000000000000000000BE00F500F5F5F5F5F5F5000000000000000000000000000000000000000000000000000000000000000000000000000000000000000000000000000000000000000000
310
000000000000000000000000000000000000000000000000000000F5BE0000000000000000000000000000000000000000000000000000000000000000000000000000000000000000000000000000000000000000000000000000000000000000000000000000000000000000000000000000000000000000000000000000
310
0000000000000000000000000000000000000000000000000000000000000000000000000000000000000000000000000000000000000000000000000000BE00F500F5F5F5F5F5F500000000000000000000000000000000000000000000000000000000000000000000000000000000000000000000000000000000000000
310
0000000000000000000000000000000000000000000000000000000000F5BE000000000000000000000000000000000000000000000000000000000000000000000000000000000000000000000000000000000000000000000000000000000000000000000000000000000000000000000000000000000000000000000000
310
00000000000000000000000000000000000000000000000000000000000000000000000000000000000000000000000000000000000000000000000000000000BE00F500F5F5F5F5F5F50000000000000000000000000000000000000000000000000000000000000000000000000000000000000000000000000000000000
310
00000000000000000000000000000000000000000000000000000000000000F5BE00000000000000000000000000000000000000000000000000000000000000000000000000000000000000000000000000000000000000000000000000000000000000000000000000000000000000000000000000000000000000000000
310
000000000000000000000000000000000000000000000000000000000000000000000000000000000000000000000000000000000000000000000000000000000000BE00F500F5F5F5F5F5F5F5F500000000000000000000000000000000000000000000000000000000000000000000000000000000000000000000000000
310
000000000000000000000000000000000000000000000000000000000000000000F5BE0000000000000000000000000000000000000000000000000000000000000000000000000000000000000000000000000000000000000000000000000000000000000000000000000000000000000000000000000000000000000000
310
0000000000000000000000000000000000000000000000000000000000000000000000000000000000000000000000000000000000000000000000000000000000000000BE00F500F500F5F500F5F5F50000000000000000000000000000000000000000000000000000000000000000000000000000000000000000000000
310
0000000000000000000000000000000000000000000000000000000000000000000000F5BE000000000000000000000000000000000000000000000000000000000000000000000000000000000000000000000000000000000000000000000000000000000000000000000000000000000000000000000000000000000000
310
00000000000000000000000000000000000000000000000000000000000000000000000000000000000000000000000000000000000000000000000000000000000000000000BE00F5F5F5F5F5F5F5F5F500000000000000000000000000000000000000000000000000000000000000000000000000000000000000000000
310
00000000000000000000000000000000000000000000000000000000000000000000000000F5BE00000000000000000000000000000000000000000000000000000000000000000000000000000000000000000000000000000000000000000000000000000000000000000000000000000000000000000000000000000000
310
000000000000000000000000000000000000000000000000000000000000000000000000000000000000000000000000000000000000000000000000000000000000000000000000BE00F5000000000000F5000000000000000000000000000000000000000000000000000000000000000000000000000000000000000000
310
000000000000000000000000000000000000000000000000000000000000000000000000000000F5BE0000000000000000000000000000000000000000000000000000000000000000000000000000000000000000000000000000000000000000000000000000000000000000000000000000000000000000000000000000
310
0000000000000000000000000000000000000000000000000000000000000000000000000000000000000000000000000000000000000000000000000000000000000000000000000000BE00F5F5F5F5F5F500F500000000000000000000000000000000000000000000000000000000000000000000000000000000000000
310
00000000000000000000000000000000000000F5F5F5F5F5F5F5F5F5F5000000000000000000000000F5BE000000000000000000000000000000000000000000000000000000000000000000000000000000000000000000000000000000000000000000000000000000000000000000000000000000000000000000000000
310
00000000000000000000000000000000000000000000000000000000000000000000000000000000000000000000000000000000000000000000000000000000000000000000000000000000BE00F5F5F5F5F5F5F5F50000000000000000000000000000000000000000000000000000000000000000000000000000000000
310
000000000000000000000000000000000000000000F5F5F5F5F5F5F5F5F5F5000000000000000000000000F5BE00000000000000000000000000000000000000000000000000000000000000000000000000000000000000000000000000000000000000000000000000000000000000000000000000000000000000000000
310
000000000000000000000000000000000000000000000000000000000000000000000000000000000000000000000000000000000000000000000000000000000000000000000000000000000000BE00F5F5F500F5F5F5F5000000000000000000000000000000000000000000000000000000000000000000000000000000
310
000000000000000000000000000000000000000000000000000000000000000000000000000000000000000000F5BE0000000000000000000000000000000000000000000000000000000000000000000000000000000000000000000000000000000000000000000000000000000000000000000000000000000000000000
310
0000000000000000000000000000000000000000000000000000000000000000000000000000000000000000000000000000000000000000000000000000000000000000000000000000000000000000BE00F5F5F500F5F5F5F500000000000000000000000000000000000000000000000000000000000000000000000000
310
0000000000000000000000000000000000000000000000000000000000000000000000000000000000000000000000F5BE000000000000000000000000000000000000000000000000000000000000000000000000000000000000000000000000000000000000000000000000000000000000000000000000000000000000
310
00000000000000000000000000000000000000000000000000000000000000000000000000000000000000000000000000000000000000000000000000000000000000000000000000000000000000000000BE00F5F5F500F5F5F5F50000000000000000000000000000000000000000000000000000000000000000000000
310
00000000000000000000000000000000000000000000000000000000000000000000000000000000000000000000000000F5BE00000000000000000000000000000000000000000000000000000000000000000000000000000000000000000000000000000000000000000000000000000000000000000000000000000000
310
000000000000000000000000000000000000000000000000000000000000000000000000000000000000000000000000000000000000000000000000000000000000000000000000000000000000000000000000BE00F5F5F500F5F5F5F5000000000000000000000000000000000000000000000000000000000000000000
310
0000000000000000000000000000000000000000000000000000000000F5F5F5F5F5F5F5F5F500000000000000000000000000F5BE0000000000000000000000000000000000000000000000000000000000000000000000000000000000000000000000000000000000000000000000000000000000000000000000000000
310
0000000000000000000000000000000000000000000000000000000000000000000000000000000000000000000000000000000000000000000000000000000000000000000000000000000000000000000000000000BE00F5F5F500F5F5F5F500000000000000000000000000000000000000000000000000000000000000
310
00000000000000000000000000000000000000000000000000000000C3C3C3C3C3C3C3C3C3C3C3C3C3C30000000000000000000000F5BE000000000000000000000000000000000000000000000000000000000000000000000000000000000000000000000000000000000000000000000000000000000000000000000000
310
00000000000000000000000000000000000000000000000000000000000000000000000000000000000000000000000000000000000000000000000000000000000000000000000000000000000000000000000000000000BE00F5F5F500F5F500F50000000000000000000000000000000000000000000000000000000000
310
000000000000000000000000000000000000000000000000000000000000C3F5F5F500F5F5F5F5F500F5F5C3F500000000000000000000F5BE00000000000000000000000000000000000000000000000000000000000000000000000000000000000000000000000000000000000000000000000000000000000000000000
310
000000000000000000000000000000000000000000000000000000000000000000000000000000000000000000000000000000000000000000000000000000000000000000000000000000000000000000000000000000000000BE00F5F5F5F5F5F5F5F500F500000000000000000000000000000000000000000000000000
310
00000000000000000000000000000000000000000000000000000000000000C3C3F500000000F500F500000000F5F5C3000000000000000000F5BE0000000000000000000000000000000000000000000000000000000000000000000000000000000000000000000000000000000000000000000000000000000000000000
310
0000000000000000000000000000000000000000000000000000000000000000000000000000000000000000000000000000000000000000000000000000000000000000000000000000000000000000000000000000000000000000BE00F500F5F5F5F5F5F500F50000000000000000000000000000000000000000000000
310
000000000000000000000000000000000000000000000000000000000000000000C3F5F5000000F5000000F5000000F5F5C3000000000000000000F5BE000000000000000000000000000000000000000000000000000000000000000000000000000000000000000000000000000000000000000000000000000000000000
310
00000000000000000000000000000000000000000000000000000000000000000000000000000000000000000000000000000000000000000000000000000000000000000000000000000000000000000000000000000000000000000000BE00F500F5F5F5F5F5F5F500000000000000000000000000000000000000000000
310
0000000000000000000000000000000000000000000000000000000000000000000000C3F5F50000F5F5F500F5F5F50000F5F5C3000000000000000000F5BE00000000000000000000000000000000000000000000000000000000000000000000000000000000000000000000000000000000000000000000000000000000
310
000000000000000000000000000000000000000000000000000000000000000000000000000000000000000000000000000000000000000000000000000000000000000000000000000000000000000000000000000000000000000000000000BE00F500F5F5F5F5F5F5000000000000000000000000000000000000000000
310
00000000000000000000000000000000000000000000000000000000000000000000000000C3C3F5F5F5F5F5F5F5F5F5F5F5F5C3C300000000000000000000F5BE0000000000000000000000000000000000000000000000000000000000000000000000000000000000000000000000000000000000000000000000000000
310
0000000000000000000000000000000000000000000000000000000000000000000000000000000000000000000000000000000000000000000000000000000000000000000000000000000000000000000000000000000000000000000000000000BE00F500F5F5F5F5F5F500000000000000000000000000000000000000
310
0000000000000000000000000000000000000000000000000000000000000000000000000000000000C3C3C3C3C3C3C3C3C3C3C3C3C30000000000000000000000F5BE000000000000000000000000000000000000000000000000000000000000000000000000000000000000000000000000000000000000000000000000
310
00000000000000000000000000000000000000000000000000000000000000000000000000000000000000000000000000000000000000000000000000000000000000000000000000000000000000000000000000000000000000000000000000000000BE00F500F5F5F5F5F5F50000000000000000000000000000000000
310
00000000000000000000000000000000000000000000000000000000000000000000000000000000000000000000000000000000000000000000000000000000000000F5BE00000000000000000000000000000000000000000000000000000000000000000000000000000000000000000000000000000000000000000000
310
000000000000000000000000000000000000000000000000000000000000000000000000000000000000000000000000000000000000000000000000000000000000000000000000000000000000000000000000000000000000000000000000000000000000BE00F500F5F5F5F5F5F5000000000000000000000000000000
310
000000000000000000000000000000000000000000000000000000000000000000000000000000000000000000000000000000000000000000000000000000000000000000F5BE0000000000000000000000000000000000000000000000000000000000000000000000000000000000000000000000000000000000000000
310
0000000000000000000000000000000000000000000000000000000000000000000000000000000000000000000000000000000000000000000000000000000000000000000000000000000000000000000000000000000000000000000000000000000000000000BE00F500F500F5F500F500000000000000000000000000
310
0000000000000000000000000000000000000000000000000000000000000000000000000000000000000000000000000000000000000000000000000000000000000000000000F5BE000000000000000000000000000000000000000000000000000000000000000000000000000000000000000000000000000000000000
310
00000000000000000000000000000000000000000000000000000000000000000000000000000000000000000000000000000000000000000000000000000000000000000000000000000000000000000000000000000000000000000000000000000000000000000000BE00F5F5F5F5F5F5F5F50000000000000000000000
310
00000000000000000000000000000000000000000000000000000000000000000000000000000000000000000000000000000000000000000000000000000000000000000000000000F5BE00000000000000000000000000000000000000000000000000000000000000000000000000000000000000000000000000000000
310
000000000000000000000000000000000000000000000000000000000000000000000000000000000000000000000000000000000000000000000000000000000000000000000000000000000000000000000000000000000000000000000000000000000000000000000000BE00F5F5F5F5F5F5F5F5000000000000000000
310
000000000000F5F5F5F5F5F5F5F5F5000000000000000000000000000000000000000000000000000000000000000000000000000000000000000000000000000000000000000000000000F5BE0000000000000000000000000000000000000000000000000000000000000000000000000000000000000000000000000000
310
0000000000000000000000000000000000000000000000000000000000000000000000000000000000000000000000000000000000000000000000000000000000000000000000000000000000000000000000000000000000000000000000000000000000000000000000000000BE00F5F5F5F5F5F5F5F50000C3C3C3C3C3
310
C3C3C3C3C3C3C300F5F5F5F5F5F5F5F5F5000000000000000000000000000000000000000000000000000000000000000000000000000000000000000000000000000000000000000000000000F5BE000000000000000000000000000000000000000000000000000000000000000000000000000000000000000000000000
310
00000000000000000000000000000000000000000000000000000000000000000000000000000000000000000000000000000000000000000000000000000000000000000000000000000000000000000000000000000000000000000000000000000000000000000000000000000000BE00F5F5F5F5F5F5F5F5F5F5000000
310
00000000000000000000000000000000000000000000000000000000000000000000000000000000000000000000000000000000000000000000000000000000000000000000000000000000000000F5BE00000000000000000000000000000000000000000000000000000000000000000000000000000000000000000000
310
000000000000000000000000000000000000000000000000000000000000000000000000000000000000000000000000000000000000000000000000000000000000000000000000000000000000000000000000000000000000000000000000000000000000000000000000000000000000BE00F5F5F5F5F5F5F5F5F5F500
310
000000000000000000000000000000000000000000000000000000000000000000000000000000000000000000000000000000000000000000000000000000000000000000000000000000000000000000F5BE0000000000000000000000000000000000000000000000000000000000000000000000000000000000000000
310
0000000000000000000000000000000000000000000000000000000000000000000000000000000000000000000000000000000000000000000000000000000000000000000000000000000000000000000000000000000000000000000000000000000000000000000000000000000000000000BE00F5F5F5F5F5F5F5F500
310
00000000000000F5000000000000000000000000F5F50000000000000000000000F5F5000000000000000000000000F5F5000000000000000000000000F5000000000000000000000000000000000000000000F5BE000000000000000000000000000000000000000000000000000000000000000000000000000000000000
310
00000000000000000000000000000000000000000000000000000000000000000000000000000000000000000000000000000000000000000000000000000000000000000000000000000000000000000000000000000000000000000000000000000000000000000000000000000000000000000000BE00F5F5F5F5F5F5F5
310
F5F500000000000000F500000000F500000000000000F5F5000000F500000000000000F5F5000000F5000000000000000000F5000000F50000000000000000F5000000F50000000000000000000000000000000000F5BE00000000000000000000000000000000000000000000000000000000000000000000000000000000
310
000000000000000000000000000000000000000000000000000000000000000000000000000000000000000000000000000000000000000000000000000000000000000000000000000000000000000000000000000000000000000000000000000000000000000000000000000000000000000000000000BE00F500F500F5
310
F5F5F5F5F5F5F5F5F5F5F5F5F5F5F5F5F5F5F5F5F5F5F5F5F5F5F5F5F5F5F5F5F5F5F5F5F5F5F5F5F5F5F5F5F5F5F5F5F5F5F5F5F5F5F5F5F5F5F5F5F5F5F5F5F5F5F5F5F5F5F5F5F5F5F5F5F5F5F5F5F5F5F5F5F5F5F5F5BE0000000000000000000000000000000000000000000000000000000000000000000000000000
310
0000000000000000000000000000000000000000000000000000000000000000000000000000000000000000000000000000000000000000000000000000000000000000000000000000000000000000000000000000000000000000000000000000000000000000000000000000000000000000000000000000BE00F5F5F5
310
F5F5F5F5F5000000000000000000F5F5F5F5F5F5F5F5F5F5F5F5F5F5F5000000000000F5F5F5F5F5F5F5F5F5F5F500F5F5F5F5F5F5F5F5F5F5F5F5F5000000000000F5000000000000F5F5F5F5F5F5F5000000000000000000F5BE000000000000000000000000000000000000000000000000000000000000000000000000
310
00000000000000000000000000000000000000000000000000000000000000000000000000000000000000000000000000000000000000000000000000000000000000000000000000000000000000000000000000000000000000000000000000000000000000000000000000000000000000000000000000000000BE00F5
310
F5F500F5F5F5F5000000000000000000F5F5F5F5F5F5F5F5F5F5F5F5F5F5F5000000000000F5F5F5F5F5F5F5F5F5F5F500F5F5F5F5F5F5F5F5F5F5F5F5F5000000000000F5000000000000F5F5F5F5F5F5F5000000000000000000F5BE00000000000000000000000000000000000000000000000000000000000000000000
310
000000000000000000000000000000000000000000000000000000000000000000000000000000000000000000000000000000000000000000000000000000000000000000000000000000000000000000000000000000000000000000000000000000000000000000000000000000000000000000000000000000000000BE
310
00F5F5F500F5F5F5F5000000000000000000F5F5F5F5F5F5F5F5F5EFF5F5F5F500000000000000F5000000000000000000000000000000000000000000000000000000000000F5000000000000F5F5F5F5F5F5F5000000000000000000F5BE0000000000000000000000000000000000000000000000000000000000000000
310
00000000000000000000000000000000000000000000000000000000000000000000000000000000000000000000000000000000000000000000000000000000000000000000000000000000000000000000000000000000000000000000000000000000000000000000000000000000000000000000000000000000000000
310
00BE00F5F5F500F5F5F5F5000000000000000000F5F5F5F5F5F50FF5F5F5F5F5F5F500000000000000F5F5F5F5F5F5F5F5F5F5F5F5F5F5F5F5F5F5F5F5F5F5F5F5F5F5F5F5F5F5F5F5000000000000F5F5F5F5F5F5F5000000000000000000F5BE000000000000000000000000000000000000000000000000000000000000
310
00000000000000000000000000000000000000000000000000000000000000000000000000000000000000000000000000000000000000000000000000000000000000000000000000000000000000000000000000000000000000000000000000000000000000000000000000000000000000000000000000000000000000
310
000000BE00F5F5F500F5F5F5F500000000000000000000F5F5F5F5F50FF5F5F5F5F5F5F5F5000000000000F5F5F5F5F5F5F5F500000000F5F5F5F5F5F5F5F5F500000000000000000000F5F5F5F5F5F5F5F5F5F5F5F5F5F5F5F5F5F5F5F5F5F5F5F5BE00000000000000000000000000000000000000000000000000000000
310
00000000000000000000000000000000000000000000000000000000000000000000000000000000000000000000000000000000000000000000000000000000000000000000000000000000000000000000000000000000000000000000000000000000000000000000000000000000000000000000000000000000000000
310
0000000000BE00F5F5F500F5F5F5F500000000000000000000F5F5F5F5F5F5F5F5F5F500EFF5F5000000000000F5F5F5F5F5F5F5F500000000F5F5F5F5F5F5F5F5F500000000000000000000F5000000000000F5F5F5F5F5F5F5F5F500000000000000F5BE0000000000000000000000000000000000000000000000000000
310
00000000000000000000000000000000000000000000000000000000000000000000000000000000000000000000000000000000000000000000000000000000000000000000000000000000000000000000000000000000000000000000000000000000000000000000000000000000000000000000000000000000000000
310
00000000000000BE00F500F500F5F500F500000000000000000000000000F5F50FF5F5000000000000000000000000F5000000000000000000000000000000000000000000000000000000000000F5000000000000F5F5F5F5F5F5F5F5F500000000000000F5BE000000000000000000000000000000000000000000000000
310
00000000000000000000000000000000000000000000000000000000000000000000000000000000000000000000000000000000000000000000000000000000000000000000000000000000000000000000000000000000000000000000000000000000000000000000000000000000000000000000000000000000000000
310
000000000000000000BE00F500F500F5F500F5000000000000000000000000000000000000000000000000000000000000F5000000000000000000000000000000000000000000000000000000000000F500000000000000000000000000000000000000000000F5BE00000000000000000000000000000000000000000000
310
00000000000000000000000000000000000000000000000000000000000000000000000000000000000000000000000000000000000000000000000000000000000000000000000000000000000000000000000000000000000000000000000000000000000000000000000000000000000000000000000000000000000000
310
0000000000000000000000BE00F5F5F5F5F5F5F5F5F5F5F5F5F5F5F5F5F5F5F5F5F5F5F5F5F5F5F5F5F5F5F5F5F5F5F5F5F5F5F5F5F5F5F5F5F5F5F5F5F5F5F5F5F5F5F5F5F5F5F5F5F5F5F5F5F5F5F5F5F5F5F5F5F5F5F5F5F5F5F5F5F5F5F5F5F5F5F5F5F5F5F5F5F5BE0000000000000000000000000000000000000000
310
00000000000000000000000000000000000000000000000000000000000000000000000000000000000000000000000000000000000000000000000000000000000000000000000000000000000000000000000000000000000000000000000000000000000000000000000000000000000000000000000000000000000000
310
00000000000000000000000000BE00000000000000000000000000000000000000000000000000000000000000000000000000000000000000000000000000000000000000000000000000000000000000000000000000000000000000000000000000000000000000000000BE000000000000000000000000000000000000
310
00000000000000000000000000000000000000000000000000000000000000000000000000000000000000000000000000000000000000000000000000000000000000000000000000000000000000000000000000000000000000000000000000000000000000000000000000000000000000000000000000000000000000
310
000000000000000000000000000000BEBEBEBEBEBEBEBEBEBEBEBEBEBEBEBEBEBEBEBEBEBEBEBEBEBEBEBEBEBEBEBEBEBEBEBEBEBEBEBEBEBEBEBEBEBEBEBEBEBEBEBEBEBEBEBEBEBEBEBEBEBEBEBEBEBEBEBEBEBEBEBEBEBEBEBEBEBEBEBEBEBEBEBEBEBEBEBEBEBEBEBEBEBEBEBE00000000000000000000000000000000
310
00000000000000000000000000000000000000000000000000000000000000000000000000000000000000000000000000000000000000000000000000000000
  0
XRECORD
  5
1A3167
102
{ACAD_REACTORS
330
1A3166
102
}
330
1A3166
100
AcDbXrecord
280
     1
 70
     1
 90
-1625056298
 71
     1
  1
BC0ED37F-669B-46C9-BBB8-328B9DF6BD8C
311
504B0304140006080800A754C14A34FFC84335010000A80100004F00000046324538454536392D454145412D344536342D384433422D3846393736344137363944452F4173736574446174612F446566696E6974696F6E4974657261746F7250726F706572746965732E62696E35504B4EC330101D588058B040E2002CD89A
311
A471EAC44808C5B5C38A0D1C00B9C1D3564AD3AA69C4962557983BF94EC61665A4E7F9BF79F20F008493C510CE22BEE37B1DFD8B1BDC61D3BD776BB7B570912AFD6E69FBFB18B5A2507256E54CE44DCECA226F989252B2D95C37ADD1F3D254E63CCE5D46688776EA8F89F2753376AEEFEDE076D378130BA71B775B7B8CB76C
311
FF9096AE0092FB8E80FFC69898567F8A92C8AF08FBB97F7CB6E3E88E4F595B98DA182199694CC34A234A566BAE58DDCA4A944D25A436D99B1B77D3A17363A616B9D1BC6A991052B1522C24534AD58C17B592BA154AD78BECB89ED2D7DC2619CBC16EFA2CCF4E123EF6C38A907BE4011110392623448F18900089A78C08C923
311
05F4809EA7A627F41E7DC00018789CC540183C864000043CAD02117882401C88F3C4C47F01504B0304140006080800A754C14AC214A9931C010000300200004500000046324538454536392D454145412D344536342D384433422D3846393736344137363944452F4173736574446174612F496E7374616E636550726F7065
311
72746965732E62696EEB606060F80F0540260323103700495E20ED9E9A975A94991C9C9C919A9BA802147072367075313677D33533B374D2353173B6D4757272B2D03536B270B27471337372B170664768046931363471713532B5D435353131066A3132D475727372D13534373670367376B67474B5042A03DBCBA019D37F
311
E8ABC6157B20CD04146B0062181F4C03F940F0C11EA29A8141C08141002C0426541C106CAC2CA046088033B02A030AC2157C6006F21A8018AAF50194E6010A610250382264E08660284CD9E98021862280A91564B406929A0FF62C401E28B6F88038B83CB1243943D7A928312F25350524C30FC460502DFA74113030CFCC3C
311
F37FE67F86993061B87C0D449E61E61986336718FE63C817E5A7942697C4E725E6A602D5A40100504B0304140006080800A754C14A88E57597CD3F0000904100006B00000046324538454536392D454145412D344536342D384433422D3846393736344137363944452F5265736F75726365732F42433045443337462D3636
311
39422D343643392D424242382D3332384239444636424438432F7468756D626E61696C2F302F67656E657269635F706E67355B773CD4FF1FBF73E71C0E67EF7576C9DEF3EC995D46C6A1EC5046649CBDF79E192942562825CE965D8A868C2842C8DE9FDFD1F7E7F138F7078FCF6B3F5FCFD7EBFDFEC41B1968919130918040
311
20321D6D7513FC77D8C5070EC3FFEE51B21F068154CC75D455CC028A3EA68992803810109FDDE5D5CEC5521B28A1B422BF80741695D5B529DA1C2D058AD2388BDA9F476F7C2CADC939304173DBF48A452BF8A700C0C70C3D121C1AA15A5270C22E2B9E28763651F7DA0D12CE11077B2ECD0D560B5E3DE2368B1E65C5E1C873
311
84A4CC5F2D9FB8BE39E9B77C753783A37998F5CEF1B4FEE553463245C9712270880DF339E0B882A6BA713D865F6F384C842D440934EF264F4A304F8DE4EEFA1E2BF5E2D91F5ADD9613D6E31DDB33ED31DB1D7916CAF091286EA3D31B9CFECB78BB0060245B943C4C040119FF780A74DD308BA9D028678674EB5504ECF284EE
311
814DAED07440BAF649BE4B55DA2890F4D73E2D489A59EE54FDB0A85B59F2F52C4858A02705C4815A792B0C4A996A2023ECB195073E115E3E3647F64243A8338F2000BCB58DA5692C7E7C3D413F963FEDF3CF00FBB0F831A9D51360FECA43819F527B89FA260EB63C5DA676830AA3626A3693B23F1A17A0DFFCE3EE164E31B5
311
365EDF0C89EF64D8E38AB0BA9A1117D7C3A0EC44F44F4023095E80BA610DE336D0F99593A88BFC5306E72DF98F7FD132ED95878DF2964EA7E43071359FD83B2BDF9C6B5BDF768F0F3C0FC351199526F53D9460A34511F75D1B63E488178569472C91A94497807A3FD4A390C6558F26D416365C3656DE6E769DA9D8FC73774E
311
1709812842DD8EF96AED1960F79D21B395CDDFE6F92CB4EB962A4668C76990E2EF29798C8941D67DA50F4A5F947872460F1F6FDB794E8A29FD7AC0C0D6E0714339CE258FB17AE8535221E3464A10F29A0BE5EEECEFC5675926A89F49EB14E5711894F6586DB5754EB4D5DA9C6437EBA57DB97A24F8B8A8DB295FFD73266CF5
311
7E82694DF5166DDF93573AFE9C9C5EB05F8FEF8E89E0A8917B0B3724DB7BEBB53252581EFC3E38166BA131A3A5B42FE2AD00A769BBFA4458D2DE7822F8C4F63D0B8E21B285AE13325F3410A435C648C9D91FDEB109E73CEDA7BC796961AF79175E1A3CE4C5E8B0D009B0C9E29EFD98BC8E97554E3D8D838424E270F7685226
311
E5AC268E021EDE3522D583E8F20C0BDE2959EF5BBFEEDAB32FE9A3ED0E39F211A86AA9DEBFC68182EDED132AB8BB794442D2D7EA9F4D8BFF52BC4D55BB165124EE90A42D101E67BBBB292FFB4F66DE5BF2300E44546757DA7CEF8932BFC9F92A0707953491A55C5A5ACEDABD9FA1AEA01BAC3DC5A24E22E7C47213493996EF
311
BC369D086ED9397C9BA6C7F9855C7BD5E15BFC8C53DB3D2A4C5901A57ACD2FBDF4D1676E95338B2C2BCE65FDA4C64F5FEFDC7D9CA5AA1FCF11E193F2FDABF0F4916BF13FB916A224380E6462A9815F2300DC49CC4DF8D055CEF76462F4B7A7ACA7365C2707891370BC1D0AA6203C44CCAB47084FEC057F27FFCD57F89B8B98
311
52459798A675C66BD7CE572CAF71FF7E6D7ECF7BF62CAB7B3F1107DCD04DC55A3F9961700286141C94A4F771FEB2BCDA2DDEE0CB0BAE402FF1DB0100F8E475DFFFC074DDB4498AB7D186A7654DDB1CB680D703D47CEB4E72F8CB13D86A4AA68116E26387B93FD6738779B34FEDB8E517EDF2BAF28D9BE93A1D3A164320E07D
311
42E514725C29515FF361754213EDE06B079A2E99EB1CA82A02019EADEEB87B9AF005BD04BBCECB14AACD6B24EFBE482194A97DD32400685FF1FEF1544D1B14EFB1E7F08E6D2CD2AF52DE757F35F5E62332EE88EA26417AD5C3E0E319D68F25414E6D672BD4522B278C57D18F0113921C71D96527E091F00CEB15AE23D24667
311
369BD3CEFA10C7549D930890BA4366F4EBC55F01F746109F98ABCDD5A3EE06619C6AD78AB33E48E4C9BD21BF7478B385EC05C4F8987E2C1BFA0A60EBEDAA0AE0B015C2720ECE180FB6F2DEFBEB822D96338C9B63822183BBF52FB664A7AE57003AABCE512BF77E7E31BDA2E739AC4C131657DDFE5225E900FB56CC01CDE808
311
FA4A9C9DA16AC679656BB64796283D89812B8F91136AE18EE5EBBAF47A73BE3C153EB5D4CD491B4BFB4FE690A4CF9ABA08C0D8AA64220C438C96EA6CA80B58FE5761E697B3A292EB9FBDA502FA863E49FE694ADDFFF9D62C520BDD1A22014147A0903A05B9B729F54272EF83931FEEC057BFF8C8055C279EAC5C0011804828
311
734024F6CFA319C9CC6867C727184465CD9BB7ED386AFFD96B294A85E3802FAE47244602D8273615952B98C4F23F7EAE4463D9D638EEE374A20959E0FE519C4CFB0FBFE5DD80C2AA3F9DB961D1BDE57E67C9BB47B77FDD74EE3094F5DBBE3EBC1FBDB7393F5116263009E2EFE1AF9A221B2AE234C902BF70E9F280ED23E739
311
08361565964333A3F01D0B006AF32FB21AA1316744B489D5A198E85299241735BE559675130955C902A8ED761FC0DBE337A9F91919AF5CE32AF902ADF9AB2615E00E8A94586BA1A90839B61832FF1BFB76D2EFADE6DB1BA04CCAD3DA649E7E2A0219F592E22F2AD54847EEA8E42271011E9074F8F3DD9FBA6CDF88FFC9FC7E
311
811AD1CA8F4557CE4AFC7BBEDCF0114A48689F20A584520C74DA8127124B767E2FB91A6B186246727BE63C9445BAE02088D58B8EFDC0F1072407CD9B89A13F6303B4A928F593AD489B58E6869325790ADC406036C591729FE14021F94B7796BB11848D463536A092A26F077F94639F7CEEE2A724C66EC885F4A24F8B8A0AC3
311
21F8FD149BA529460FAA34E4663C02D41FDF80BCA222D42F0ABFF8490F4FA74C673807C2051D8E467B47B616072860069A9A303ABA9B319D58404461401B0A0F9BE5E1E151C14BC33B32ABE03DDE91708DFAEB15E7C0D593C86BB7D7EC17BE56E57975F077BFD5525F3A1A361D584A75E08CF29FC7B44B2B3085014F3A5A14
311
517377C3F6B8F37E59514C3B12F8AACDEDDA4DFC49BE5710101534CD6FB6DE15B50F11A09472AABA727F0C49D9CB906B158030065F48EB3625E010CEC1D511D0053474B11E6A4F01C0D6EF1BED3A944FDEC70E0DDCDC756C86545910E0DAE3BE3AA9A404574C2995CD5CAF9549226BC94B4F4F0F5F9086F418F6B323464646
311
10D8BC7391D3C3A3CCF04CFC1FB2A3A3170E369511868F14EEA4E5E438CC73DB1F3248AA94B6B2FF33B222FF3D1E7BF146CAD229770158063BCE4F5391964DF62F7E52A7BE0EEA829C9E13C4C147D6F93FE59E111DAB5E4594D6F3CD1AD375EE039930EFE5AF2BB2D41C83C7DABD8C659BAFBE8FAB392CA634F3D15C1D945D
311
B4588D2B0824A4EC928AAC565557CA2F0DAA588CA5BE30B3A8004F7BF005E96CBF891D7F18112A3619FDF530DC8AA64954258E1811789B5189B49B4EB53F5F89F7D37523894F3EB57B373763C91E502F52CC99EB7BDDF933FC324C4FFC2561DFFA7339FAFDD0A4BFBE6D3A8FF9ED1FC49898139864602458968913181918F7
311
19CCF5A68B2EE9C1FF050E34E63107003B8120FA982C21B30A874E4F5E4B38D5A8290C4B8D9BE48A0BE31EA995BDC37AC6DE90BA17D259DEF53605D55922FEB1855D915B659FBEB350EE0DFB2F9F766E1C84CC8964B75D08667445EAB966015F63A18A9E0A325C1B3DC628C0D3CB60F767FA93CC65F25458BD23C3B312716E
311
5F40E5858AC06EBA9AB14F95DB99147B832069201541D09A0D856E12C629CF32683760EE855537D1901988D5EBC156676C7DD51D7207CF3267AF1D76C2AD867315E44618015313A98B19941C696FED3461CAA9B5415F918556D7802EDACEFD6B2E45853A9735DFC9DBF7E440F9319F8B6805A973BCCDC76C069A9144E51F18
311
7EDCC12FC31B5DEAAF0A76137199B106EC84ADA6B6EE697D4E6A96E007417F4E880E8B1E89B4BCE9D81EF611E2ED8F0C1A6C25F620FAFAAB656A7C42D464880E8AFAB0E0FC8EA38CA9A8AEEAEE3E4648BA4680270A89743CDD3E6C6CBF34B7B640EFA285ABC7EA0A1E28F3CC963D114A80123EE66D0AF7D5380EB41909B605
311
AB4765B709B808590458157E69BA1378FEC4B48CAF6A730E3BE3C5EF2DD1A5EAF94B1DDE50CEB55DDFD7EE9A16747FA4B223359FB1FCC69E1194892BABB93A1D5C4E807AC0EA2E30180811E77A2291F6E7F7FAA5E0F60215BC6024E48DE436C511F0628B8CA189982D4D83CCA17D305A7E923C37941CFDFDCD93ACAF735EF5
311
F0E61BBD3E6C41A59B242790D3A3BAC7064DCD89AA2E37214EC839820949D5CAA31E240D2948E48F690298974A96BA9A8432BC90F5071D6537C9666EA4564796B7AFFFA548077BEEA75F63083435074BA182F3699557397F71548383FDA8CA34D99B981E72835ECDA5DDDC151315173D05A21F651AAF8524E88209E2E7A737
311
ED1045800CE3390050BCFB8BE588DF111617874C62575039CA588EEFDEFEFE319B739DE2EDC147092A262611E159650E787917885EF08F1F51B8F2D8A71D60B58B190FEF9541A1BE94BC19FEA50784DA1419FE4B0FB51B8D36B5FF8E1286FD8AF42B91E59A5F1CC4D60174E764045FD8C57B18209B217F89A62252BD20BE0E
311
63E12B8E8F029FE19E0E8D0870F58721A557082250D5424F7909369376E41666C0EE77CD87CB283F661D5FB6D0DA023CB67320A20DC7BE661E9E1BFE5463085C557DA1FF9BE835733766C3D139F2CF9E2208873AD0EB4814DE9E6BF2CAF81614D4D43906ED1C05A3265CABBFE192770FC2F64F940CB6B17B5F166F133C9AEE
311
AD2641807C3E69515171DD74C4A85311513D6EC9530B3B601B6BA3EBFF3B5C3D2F7D69765141E345F75433953D013ADDF8F6AA7DC3F4A7563FE5C7D367937E2900D7EAD0F9FC9A4A1A9B5BDF1FEF08532660C01C5D6DE22199AA774383E306DAB87E301ABB7D213887F9869D4942D0D71E94B27EDF216A318BD488D45DF845
311
29EF575AF3C3938C0AAA0215B01994153E2054A0B894DA5C784980633AAD48576957CF4AEAEAFADC7C587368551C73DBE1E57C58AC713303A8BFC258BD04B51724459FF9E24C03A81E0E0679CEB9B348C0DC998FEB9C6D6EFA77D247CC8F92D3848599ED89A23218D0636465AD1CEEB7DC140D7426F83491C4E8E8281C2FB3
311
5240918FFECE880CA2A42D70E8B20B34DF5221C7DB0CF90ECCB9C745B37A47E9B716FF7A97B7A252C1F3814DC7B1E1A7F72B8751D524EF7CAE45B0C73B3BE7D08ED39781B380DDFC9AA4A4749C9493DB5BAD07A6EA6C092FBD0E85DB004DF06B8C9D3089C5320187E4CE1846158C7EA7DDAE8AD9AFFF21AA3A1026BB06A259
311
845E8232DEE62811A4DA9CEAB3A4887320B76E2AE5615EAB7BDF738CBDD01F1E64064BC13D9EC53576751CA8CACD58B3CEB0E6CA585BD089B2A59B9FC101403387AADBDBE70586B93D64BF3AD4453EF9C3B6A93817E8346991798601344F79A83C51F3D50F7BF2683A3605F51A72449489E0EE6169C749C60B1035651103AE
311
E24D24E51A759C840DD3FC6504DA6FE107510E447B43461C79D22970B75DE5E1BD3007D1AFC619A4A4A69B5626AF5E9B8374E20677F77E2F8E73DF868E8BEC7EBA7B6A75EEF7205E1AB9486CB642741D6E03FF13FCCEDB1C4AC129886268B01CDF4B124AF797CF784F3C6DEC97A17D4B558070A0F1C04DA4FF9BDBF34159AE
311
FE958479824B3F58EBD1E19088A2AFDE501B6F2052368A3FD0E650A179EFAB1561E1D27527077136E652676C3670F42DCB3352F48F6BC86D2C3B0051727E41A0A4DC6CE2BE9D47F5CAA2935A3C0539AF080665997194ABECD723B08129CC5B6B21D2E7D54CD4D12610E7E9FB8306771A89576C7A982002775ED44F3F744CF2
311
1EEBB27A631671D921938AAEE3EB0D19CD1E083727F607823E817BF599DCED5394E37EEBC2E88782E638920CA641EF74D4CDFCDEF06F4278ECB18E31E7E9876F2D783C8BF429C75395F57E98C2B495A3DA077EB3AC3C158608B6B57FE3EA48484D9A480096FCEE0DE880950E7E5A5714131C5C41AAA29FD19AE81AC145FA1B
311
9E85C7169A5AB837B213493DF7E9AA4B5FBF9CDEB36EBD21EF1181B7CF7366AB2A951D01E37AF4EB835D1BE8C117CFBE7625D2EBCDB0B20C5A4B45CED0BCDE3EE8DA9DA78C2E21DEAAFFD1197E463C33CC6A80FB785669B856EFF7A8CCCA2841B5A5369173320B1170C368B2748D81062EA0296E5E2D95D7667A4A46D98A6F
311
F475C76AAB0A8C8D45E226FAFC9FE0133EA9F60111F99CA81ACE03A1D14C89E8B0D69079C91464FA1D99E651D0EAF606F345C42A8A1AA9BA391031582B96D5B4176A77AADB01F12FD298A75DEEBB2C82F0B8650E880722F8DDD90C56A7A058E5FDEF1AC93545BA27367C76F5D8F9690CB6F8DAE141EDD7971F0FB548A2AE43
311
5F224D6E5954CA155512F7332029D5A1230854B79F258EC5FFDB09F5F6343A8EB193229B7F7E79B3E48F8E183860B38C8269D1B53738FF1E0BACF6AADA6D4869E9DE708E79B5DADCC09B1BC76F649731CFAF59A83FD8BAE4C749D66FA87A3810D4D62FFE826FA400C0F325D2BC0F3CA35F5847B82A2ACC7961745C823E4D86
311
3D54460AF792CE6F79B5C7A33B25C3AEA6CDE15A919B6367D781E9D44F61BF828672594A3E1D9EDD6DF179A81F27EAC05B936575D73E05C209DDD2115CFB705DF9BBF3C911589B3640735E9E618FC9C36A7326C82B2205E244C55D56FDB9D5DC93CE958D4BF8174D2B3DA54CB3C09F2C2A6DFF73D23B2197355761AD421EC5
311
81284A7EF8DE2CE3497C0C804D49B41DFD6A7360844E5BEFFB495CFCDB97A4595911CDBA623274CE852B5E278AF0BEB1770E9D37CD977B2766A7DED0E94B840E1E95E8C77DE5CB6354AF7871427C28ADBEEF7BA0A28E19DE9ACD75F379FE373EAE6DDDAE3834692F9C2B03B4FCA8FCA9ABE8EEEBEBB725B88A7C90941E8506
311
82CA04061A7DF0CE82ED49BFAFFD42C309818FAE14755CAAE78B0F73243ECCCAD7DF58FCB9CDFAE7A4D3E6671A613639130D056C8383C8F4FCF4808C331E544DD26E4755D09EA05253B3049A1E32587CC25D72E073E2CD96D04A71BBCB0038FEC3F53D254199C3CDC67CD66640269431860225392B2CB3ECD0B4498AAE78BA
311
1994246AE1EE78F2EDFB79F6C6CB6B5E279C4D373FBC21CB2698C9ACBBEB6A4BB6B39E16AB0E421CCBFC7654D81ED86022F9BB522146F9F4772E2D0E4FA70120C95A85A417BF5078B232F4754363EB1750B2AC2148EB46B1EA72AD9B4D23ADCBC589D70106C3EC2ABEEED84DFE28E718C6C83502C28E9FDD3B09DA0A6F6F7B
311
72B706A31C9E2A331EE70DA56A083D2177BFD63C55B11D8D949FAFCF90B23A1E24B9B5018B9A17E99F2890EC302F330FE7936E2C23F0D237EC8916F5166AB84B62A21BB0B950146962D754F92CC2C8877BED8FC7B7B25726DD19545392570B3A2C66B58F027BEF412E552D12A588C4A3CC5C3193FCB3485EFFF700D0B9EEC0
311
77754A33DC1FB9E25AF814628F91DDFECB667D3F7690803F38D13F8AE39353523BB08FC6760144AFA2CE28236F65EDBB3D5F59A57D612B99E3D7E5F8A851666BF9B5A6658EFC96EEB37A378ABB0EB3FDDF1303AF32C41BD1C8560745D7BD81066B0D6313359CF488563D3BA3F8E2185D1FAA3EBA1397C9D0E3DD232180A4DC
311
ADB6AF25DB3AC3CC26589C8239E66E81547BC7E2F328F9884764CA37EB5DBE390DFC03A5246B456A7C3684C4377D0EEF9A350680FA9A077E8B2957B489E09AB1AD41316944C2254B5984830F691C93CAA767EECF976FA5647538830B5E63236A6F0365C1E0F3E327F24FE35EDDBD7360B0F7374837409F7A6311BECC12B702
311
6D4FA1AE204FA3F5FE904B1F420C7A9044AE58E403E7C4848E7DA25DC9EDAC79DD756FAA26B9EA83ACE8A214A2612A22AFA19DAE7DBAC5F8CDE1292A485F98DAC731A29FE01A3966E96BCB9FB5A4C8830E1B9AF0C54B87FBE221A097036E5D28D1F869F810C06A9BB0AC0612F69AEBAF893C6E7AD59460208BAB3A6B09CA4F
311
6BDDAB8CF0D1F84B72487498395A70DCD754796E271099A567A55CF242BBED64696378BB6CF25EF0FCDB589F3A82F1116D010A9AB9FA4358809EE0C973A2B4229BAA876A70B03AB49CBA7FBE71DB1832FFD32F9BF2C8E98075CACAFB36921235D0F552B6A67E94E094097A5D7DF681B40623DA535ADA7A9AD8E9A62407D7C9
311
A5AE51D62A17A83A23728DE86BB56115804D3F2675F2C6B87541A0FC497BF0CA86420F558C9859EBE9FAD62747E323E3AADC03FDCDDFE7407B09DA90B44E3185723C5381EAEF589765E2F7A099BA46695BAD60CEF3491B8A171F5F56444F7CE9455312C3498C74173AEA0214EC029833B34B650CBB5A5508D5091665309642
311
791708ECF27CF11DB3D797D6CFE474453BD4BFADB768094B2147814D81C7CBAF8228DCAF5564B5891F5EF6A860EB2E323CB82AB868D8EA048880D63B0DE5341F1B3D53297B928A11E15F25E5148990F710747C3509ED14909C552EBE3973246FCE55D00564D8310BC3EBC5085D08D806799B77D6C57FDF5E55837F9E934F09
311
C03C729271B64F12D0A9F9E938107CAF7BF1EC8CF1BB9B42363D33070F4CACB425E605DDB0A34A12BB936DE286B9887A4E2E558F0886498BFF49C311D96C277CF6A9FC0D75AD0ECC5226D7E0E3572012E56D7FDE4410CEC7A6D0F997F225A2055B8B92E3956E875AE4993CB3D4C9063AF98FD45E1BAB165640A43439A2C918
311
1A7C355B297C0A0CCFFAE19B6FA3C2BA238A885FBC98B8F6DAF4B94B97304878DF4D8BFF6A4AEDF79E90ED4E68F00CD7299F4E0D83E35601AF0CBEF18C1E870E74758FA91F5131075004DB3CFCF09AE1DABC11957FD9808C92E8A678CE9DBE40DDA0E0D1D505AAFBCBA208232BFB6FB3704E8985E61ADE53DE74152F5C7DE7
311
4B1DEDCD37DC3E8FB30D7EBA8B9EFFC3606BF90B8D438279CB7709FC7C00D327F41817EEA71CD9E49FE9C8C9A81C70915D9F0F15958EC5AA4C3BBFAF46986B90F188BDB24B89DE3C6F29EC3E6F66D84856EE96A35E657CA41B41EFD8DBFA16AD6E91439EA92B40B21C053249F51AE50EB0B24C770FFAF40DF12C8436366819
311
C48E36547D4E7B72FE2BBF10828583057814A668BDF183F6B2E58DFB151103E56303E63D00F39C27C4661605DB644D19175D02E3F0241E8FC3458D17AAAADB117CE9EEA690D0DB01E634878C04C2C9310B69FCAB831151E3AD293BEF6E46B0ABCECB50F5939B39C613D41E81FAE8D34CAE3C4566B761D37185FE864AC32FCB
311
71AEF39DAA5BAB88609BB980CD2F07A8F941653B529567726E2B2A58D079DD57E1E5E31426CF184A04D7B03B985F276D47406AF276FE32E3328BA866EB1FD39BEF57863A317634AA5FE467409B3873F5069EF0D71AF00AD189D17BA1974ECDB2D623E9E14086386A6AAB5807825C37B015BFE892AFD154920EC437EB945D95
311
8E18622E1E0FE2FA06557CE4BB9BBD05A2D40E774DA2B65473791E314B7D6C886820B2FCFE4AA272B3B8B15E7344A145E8AF919B5454D89D36D413E87211186BF6F645E5EC94DCCE8E1C799022E4EC9BC86D7A0F2AFB1FC4B2CE48F84B3F49ECE65BAD24CADCC07EFF39AB06BE9E6B27A059938EA7208838455383DDBCFCD9
311
67DDE4650EF92A14FF933C975DB20BD7FEEBC4487576485963D757D16340D9599FEB362F775F38CA4185A86F74B629C81B133644A3B18FD056E997E0734F9BE26D11C0AAFC669E2AC9FC41D281F8B2E1C35AE27BCE05F3DA295488096688719D974DF1B5D182DB7792288697F8763CFB43562C1CDEE11C4AABD5C22B6E33F6
311
F389CFC3477C5919DC0D533F8A7A1846B7ADB60ABDC26C43D0CFC8910B7C15EE22675BD02702ED39DB77A87A192CA7A543E6205B979B9F5A6B512A3CA799E198B2D5797C0AF8D1D872CA455D4D431A7879D4DD76110B5FF7F4176B54477A9EB5E4A5D11214FDA585F0382751D8E2582BA5D2075053298FEB8F1537304E32CB
311
22C2E2B693DC0A760B1DFCA751BDC445AFDCBB12820ED85F6D5298933C7EF1211E9E057684056CDA3FEF3BB6052355E162DF27C59E965A8DDB7F9437EB72CDDA3A090DE65A5B2F50326247B7EC67B73ACC7047FC9B353D6EE990F772207C6EC52B39DC2F3C0754821DAB559F7C1809C7D0DD5B0499D0442E0A6E391B3D5DB4
311
6D11E731E6794EC77523FBDAA242ED67F9FA1FB684255671F63C9BCFE6E7E896D51001A6113EF2298BA494E0B0980D1FA5B9D60796554C02256B1E0345FB7C6186B6A19D2DCA270416262845FA4F42DB5D9B0A0B6F07FCA2E56C242522E001E0CEB734AF310FC8BFB57E38E03AACE93B3326A2197891E68452B26A6307FDAB
311
FEE0223D3C03C3C73D2D5BC054C8311F12004CAE488E5C29287F8156A2CAA4AD0D7BE6B97264E4139F437CE73ADF52E5134C52B819777C18B323A5924E4F67AFD13B1CDC3A61793A79FAF5C0CEB718E441071E797C6DCCB9EFCF7E4A1E9F3DF3C2F9C9E8294E9586868788C972857FB0556D7A26941A7EEB9B580AD78EC40B
311
85DC906B4120A563CA3B87797ED612D3B035962BB75F6515A393F4CB057F564CDF54F2E5A024514E6A1F901DB80C7E70B1FC05E356A7E72FABF4775B3E3FB8F70A2A8E7B6A94542BB304157978CCC999E707A29CC795E67A59CC546A5D47B368954CA7B6E75EC9E1F6FC73CE3B4F71F8CB1A6B15923D61EAAEB14626AAA9D0
311
4A26EB9C66CD1BE86CA31A5D8703DE04CD1EBCE4F5CCB62F93909AD11E55799A781A956ED27D3E738F4538CB04ADABC7DAEF20BC35BA6A90BCC1DC61BA05F20D8832FFB9BC9B15E2DB838A0AFBB7E0C82A562127E0446894F427794C3037186F622BF24DE1B00AA10A23BFA47B2A180D6DA5AD6F7326FEB8C100C2D7142EB2
311
A0B2A9D1008A09BA343D70E054AB69E2A7EDB783CBD92537FAF4A44D1296AC2792729104B3276C276C951D0CF3CF3F1E6B017720A7B8505A5FF9589365979678C36F1BAF759EAF57C60F1FF5FE9DCF5F8E764FF25A2D06CF25117A8FED51884C13B2B750DB0E4F5E3D64124FCF11F0AD8F1CC3B3DA4B38ED22BF1CB2585EE6
311
BFEBBA63FBFD44F9537B9B37BDD6B358720F98A8125AED4349CCFEB0E135F19E208A04CA7E2B10711185D72E381F448036EF57C9F874E54A971CA37A639E986AC0226DC5AA00D5B14FEA9192234B3DE617814FC221C92F33F1D392F297731B567FD98FD91D989379AF567A65B8ADF177591DB90FBEA99BF4ED11B16E50A0AB
311
1DBF1156D034BBE04D69D08F939D8E92BF525A1DDAFF80ECBC95D8F45D3FDD289FD23F7D8B452F8EBB34EC082DEEE68E18EDDF072060FAD2AB1504DD4879BF67099FC58F6E9DEFBF645D16334A3E9A127C6F1AF6132CF287E433B43A0EE93812B4AA0B194E03EE3FF91EF9C6ED0074A2F6EB18A96A7C9890B1FCDA1F2095E9
311
44DB911ED54C60DF16FB74C8CE9BDC7C54C4F14078CF73C2FFF1F1BBCCD7CF64F71407EA1683DBC410D226627F66E509060D5C0AFD611DE681D509DB8DD12FB1265B03C6F5C55FF4C30BD94187FF692B4F152982502F193098A789526A038AB529A52BC0DC4FB6285CBAC10A8B8DB75DCD9BDABBB221E27D1F8DA9F5EE5926
311
A1C8AA9BA9BC09239C6A7F12914EA3B59EFF7AAEC3FFCCE56F1C5C2980AD072793527565E774F4631DB178CEEC691B1F367BEA0CF2907E1D6B854D527065979DDEF002D8B2ACEA7CE21AE297737EDE1D45B31233B73FEA35BCFDD0B09721FDBAF6432681F2FD10C3E9EFB246FD6E854B344ACC9D8A0EEF876A7314B49B6A49
311
9FC650B099D650DBFEC7638ADFD245E2B7839DA5AC5F7D5623FC0ECEEC8653FC9B2BDD1AD4D00A566FBA7186DD3C9CD26512551637498CADB950FEC71ADB9A5524285DE328B8EC7EC75D2345AEC6A27C42AF6D9B92155315C80DBFCABBB7DA0FAE425C4FB896B15C9BFAC4FE67DF5A23D30C93DA4D8F36FB15D100050DA606
311
2E22AEC5F4DAC4F6FEEF97AE05DE63C6D38F9E068A20BC5E3B6BCD75320C5090924E7F93640A7735B1A43451C2D91EE62C6238B797349E59890AF3A520DF4A87095F3ABEC2E61F0593416CE46CDCBE0E00E2523FCCD04408588B5B6C9DB6459C786CE378770B54F51DA3A5E1DF2A3349BEAAC234A6CF8993B598B3B25B4B11
311
3E353A4D750FA7534749430F3EBF2512E7EA3FD43C6AB9A1F765A58463B306721A15D224FAFE8C6F5E3432D57EE697DA0DD5A9D4866A8BCCAAA9DFF1F06047851408FEC060471D0E3EB86BFAF46E4B5E60311DC3E3CEA147C75CF971BE74689507154FF2D2E92F15CDB2B9182B11459FD8ACAC5A85F174BC94A7F4EE4C4F5C
311
AFA7C02E37BF0BC77B7DCD0C047BC316F562A01A441AFA7931CC84A28CB9F4AA367EB515778F29BFE61195FA671F4352E5E46E3A64773F1F76EE5EB36D7BCE9BCEAD837A4D77F8DB8C92AEEF6711920D7C7D0F76B0FD0EB7AB83724CD35BCA7D36DDDF5FBB7FF6F04A91F3E2BB3B8F1A43CD659639507FF6331C5F697BCC78
311
2AE57D757A27D97F1AB9E0AEDB43F92F1B2AACDF5FEC8ADBAF9F814E2027003BA2F9E144B1938A7A04050AE5D953B82C45619165C813A10E76DD6906B3C16438064D14CDA713AEC420034613E1AC7241904A49FBF87409AFB1FCB9B72FE7933A87D8FBEDACECE4EDCF6A4FE9FB94D5DEB74FAB7CFEAE17EE965DF980DCCA2D
311
04134994F9A2E94D2265DA4FE6AA7B7AC15FACAC2B5ABBCD7DFF542C5314FDAB2E1B9D8B65220B8E2B638BE008E8DCA22678C820C5053664D15E89F2D735B51A84955E81A443545E9FF787BE0FA700A76D136C27DA179A7C6E8939E01BE756E19CB292798063D8B97F44E8A27BCF3A614FEB8BE974A718E86F7EC99B53CA35
311
FA24F61F2B07266684623A3D4CF073E511F3A10A8FDAFAF0078C577F4DF9D339FE7862E5FA47CF4344209E5BF76D783B1B48E152AD281B15FCB934DCDA49CEC5706B1EE8B460F435324A5CAD154725E21AB8044B75A557A79F6C807B9340AA3D92503E866F4274412926C8C504E4D5EF8C0E68DD0B028781A6B4054F11CF18
311
941F101C57CCC796773ABC8DED9CD91FE5788806C05E548895354AEAC96546D55B0E94A59F148D061F42AA398D822CDECA4CDE79E13469BDCC44FDC990F366BA5978C15F97ED80CBFD73B0CD9B8B83A4F6845BDFBFAF034019473FB9A63BD55D3A4A7284757071574029A4D016DCCBE95DD679EF3C4880BF169422F8C89B68
311
A988D2B13793CAED4F74DE7486C72DC94DF46B8E93D8E02EFCB1FF9B3BA10C8AE7F653DF94F4AF466CDDCEF5776687F7C4C14B63E4EED1719DC2EC482D7DBCC7AE518CDE3D5FF86D39000EC3673C0044E1D308BF05F74D1B5F033A7D1BE7F74BC55BBE3E4A20F920946CA0271EB17BD2B80E5660ACB8A29A79F5E4BBA49D4D
311
945B6EEF4A7EFEAA65E5555BBB57A7E15D2F83C69F30BBB978D2B39F1F26FC097424D39BB33CA3D87ABF64E307938B685BAD44F71556A30B7E712CA4FE600613C3E554B69ADE949A7CFE214DF1FFF05CB82151EC6FC31950239F94CF7AD39DC473F6EA356E5EC2C4EFA04383CEFE985A127484366FBEE3C0EC4FEA363E4F66
311
32AE781392FD45D67B63FB8DF70E82734F431FD3443172A0E30A83D60982D55FA6A2CF86DBA8382502ACC6CDEF3B907982EED1160E14863FA242F9757347E1544275CCDCF71ECD5F8621CBEA326B8BA884AD7F825781923E66971F04010D574C541D8427A438A37EEF8AF88240EED7362C953F5A81DE2D56109CDE2524EA0F
311
5D2F87308C0C47BD97AD605878AB8589E17CA83930CB5E0DCCD75853D68B1AB136594926DE426C367428E9334AFAFF90ECE221BB5DC9E5BB53D2CDEF954EAA9CD814F0E5725F1965DD458E5F8487683AD86B9D0076BE3EE91EB1CECC5331A67A3F79D8B27587C12EC2A6A70474749F27B4C0BBAFB94B34189E88DC18964BE4
311
121B9137FD516C7755356E50D6714E31ACD222621EBBCD1CFF81D87479056A9DA0E0B8EA19D24CF937DA89F78E8650CCBDC110AAB6C4E46DCBFD0446BA9E2060E81F314AC2031E88135E5476AC0160EF5C0DD2EEF1B8B5CB2D198BE9A554A9093B5F7D7E4B5407DDFCA1D9C152FD97F55BFFFDFE802954DFEC8995B983E28A
311
C92F1971E28F531DC407A1280EB125F64A72E617EFB27DFBCEDCDA2D6F2BDADA36873EE46B9BE1782998C63DA7182BC383FB6FD15DA472B175D7E8B4FC88F38D6E07FEAA3FA3CBB8F6B449ECF14D2175E5C5CCA3A42ABF24CA6C9395AF74535F4DDB38CB84F56614B0FD32D7E19CA5CF988DB4449C40E23DF2B16772594554
311
579094450F56F253CD25EA7F77366FB1CFE79696C428BB64D5A41E986189427E5E4D7E2DAE3D5BB4972B3DC44EAABDDDD63A2264ECFA5C786EB0EE1FDC5BE34FA0F08376869FD1E61EA06CAE15191135445EE8F0394161C3266A596AA035572BB0C8876180D8B9C77D307DF9DCDF7365ABDA6F3A2366436457A4DFC1F25966
311
6569A9E4A79C817BDD5610E5200FCE894A358EC72858D50EF67545DA81C6FACE3D457BAF70367E1E6BDD9A952FB4F56247F58F523B97E640246051A72F79BE42FFA0B3187F63097F91C48B868586F714B0EBD5A00A8412C1236E1298F60C72BE6C96B82B404CADAA304AE9F303176B14BA53FBC2D5E86377E35542019E24D9
311
7B96A49B2C0E5006E7795954DEAF5DA58958839043C6C70BD3B1B33B6DC5C31316D8A6923F142E26F6711A2258AF977DDF1F970ECC4F1F2B434B96D81BEB6E89BF3BBB3C7C8CC80505070723D6D7D7D3C8CA27CA164A26024FED94B12A86031867241DA53D929636DA600F050BC40CE48B8BA03D69224720DEE2ED2127390B
311
DF5E6EA64527BBD4C4C63FA76BB801FEEC0E61218EC98A8A86CD8313781617877E66692839B9468CF4DB8E50A73986E558E309C0D6F676F921BE02F1185454DC75B111572FF9D27D85EA14C05AD7271225B391C4275659CA4A43759D0BA44639BE4C30A84DB7F67A41399FB95CBF923B1B1672ABC807C1590557FB18D81198
311
3FA97F5E609516D62281D38B1281F68FC75528C35E4CD7DF0F7DBB5E5DD69C414EBEA2F4A5B241B996BA77AE6C772E367408C633EA3E438B68563EA8BE7667F3A4C4FDEEA52ABD78A2820F443B7914A15F180018D231E64519C56A12F6CA7C8DAE18F06F6B769DBF92329EF6A5D18FBCE600F36BD8E8198DE5CDAA96181F3A
311
756EBA5501CEE58F497EA4F418A2B82565B9BCC611713C0B708CCA1F398B78C5F7D03B3437CC18F13061F55C7BEDADD5ACB1DB0E36D3CE47FF6EA1A563A57E9649EA5D14D1A50EAA457463381C073777EF1600607BAF6428A7DDC079D47A204EF1E1F1F0589FB054D45E02CE623B3823C317C601E589E22B1E88B448524B86
311
A82828E32345EC18AE17214B42F8C41C6D428016D9BA31DDCB47572561E5A402E5BA4FCE55F78AF7268524AA04130F3A20BA5D1E9F9948EA48FC8F5314FDB35E21898198060034ACE5E3E2BBCA34092518F275190AF65F45867FF0900AA4B81F25427414C372BF51DC29AA855C5428EE1EEDD6B849AD60F6E73475C2D2523F
311
8A2772C840A478DED18A8C5C91B085F255DC4F54EA7AA8947354FD17ECF8FB3B4A0DE7B483CAF3A1165EE05BBA413E5C1FEF3DE1D6B8F2F3F3251C17D9FCAB48A9AAF63AC773A0E413BBC46A9ADF84A566FC920E4D8C52C9769EE3301CADEEEDD92B312E02E2A7E35B7F1E7D203FE5A7D75578B06E99D0E46FFADB8FDA17ED
311
8880390DA29094202D6F645F76F6F96409CDA05495A96E84B04A00D1A6C6C81D7F3DE9376E828CCF144EE50E364ACCE7237EA0BFB5607ED1AC3CFE73794E5B61739D14DF1743441B1AC98F00ECEDE9E7301FA29755FBEFA68C91EF2B314CF510537EF1ABFC9A762496280B546F5EDAAF8A5B387D469FC9A878A92828C88608
311
453ACEC6094DCA54111E7AD5B2663DFE2DD151B7F123B9F4FEF8EE36AB125FD7AD52A59B1B765B3E3F73E3F73DEA93875004D2AFFE3CDE9493B87A9904DD052028949041A91DC0E1BA47BA714343FD5B25E0A6A09503AFC17C790058A836A324FE31D7893512E28230332F153181C1E018E1124EBE1BA262AA428A518237D1
311
EA7275E48C5C561BD19ED6912EDD8367DA0F31E40EEAE9683DA9257525AEA7B632B97119E17145A90231768A4F3B9120FF32E8319B015E3CBE26F1A754177D8185345817C096B0CE443A955D13AC15E1FB5DEEA0239EC32A3C92241A237B0B02FFCB4F93CF2B02570C8D192E2F2A68CEEB42F12E6F8CEEFF46C251E22B4341
311
C56FB08CCE550E7A9D6F4D6564B9EA52A83D5BF2C6E03FA19D2775E15A8A7ACF30A13C259EE7F5EF2AC3BA354F1500E1A07FC63FB4686E2F12EC69719F9ECF5FE3F35598DF2CE944008CE78F0911BA5BE5D0A34E0098FF038669C26030BA9B300303039852A8F6F496341737CA7E0D2E3AAA36DE0A70AA7D9CA0D54D9AD84B
311
18A44C9E625475E1C97B93BEBB38DCE7D227E67A2D00F531436136355F243D1FC0D712C5765754FA22FCFFAE97919161F46D6E61ACB37D83777B385889770B50765B127768443A5C4D3A4E35A3151111F146B7CA116F918A049F1C272F2CD7976C69A0068773451659A97E0F4A08FE604C3FF6CE7385DB19F4D3ABC8A0D80D
311
A8A42096AC377DB49382B36E270B6FA7570188B4B7D1DDDDA82ACA487CCA5D38BD3BD039ADBAFA4ACFF27809239B722081E2EB9F145320553D183F28471C388BC8814E5045676767AB58A8E72D1CED2CA731379515D2E533E4CF0B39DFC625F97AC4836831A4DE330E87A8126FA17EBE583D614E71E22A8DBF2825599743E0
311
640037303E8E1B1E8EA4E1ABFA4F62907B5E4E0E5DCFDAB417C36C6848A2B8D15F1E505434C0707E16B1CFC2A1C36A42BBF55734F8F4301DDC2A5110CEE8C0747F69519265012A2174BF4E955ECD4FDE095A3ABC70536B7AD0B9D7892F81287D667C108703C9B66A221E9A0929D030008F77FF6F5D2108EF5706FC87A3069B
311
976F7C9FC3239D13D283CDEA83597461079FEEE049B0F392889898B7D87D31F8D60ED7B56B91823A8E4EDDB36C6172ECEE42BD42B12CD67994FA0F0DFAE9389356F4CD4425A4B8AA55CBF7ECD585C6A2C2316791E43D5C06841ADBB226A87FD61515FFBB0167B74E56BD7F3E90A57A97FEDCBDF483A0D6699A8C0849CAEB49
311
47FAA90D8E332D9DEBD9F4738C37DA0CAF9CF3DAA68BCB67C420459C7A64498D6E848E5CADE92BB6901F607AA331104A67F7CD650EE169B1DAE94D2C31C2F993632259B6957E246EFE4C5481107B07118607700040E5812A2A2A38DA0076875258C753F60E0F2662C748EDD5F3F3686B8FC3BD6FE631ECCAA1E8B1C1E565AD
311
117E54893E79F4672E32F9E46B2A183DFDCF3EECB4D4D077DBEA0DA254D256045109670050129E9B9B1A9E4A11344D61497A992778095151510C4BB7EF2009B63AA4360635312E4CF668B7E0D3D85A8688E2BD83B569439892ADB63461930D428E0DE42E4AC57CE48DA5CC1449530D8BD3D6A0F08DF20C8E8F570F2CFFFCEA
311
286E30969B4654D498A58D9DA782E19FE3F002181838925592C4A1EF0B332D88B61A92C644547BED490D3A42CFFAB70E36D961F694F6307F72FF15A1C79D5B1B5CEFD353D9E2B52566DEC8F8F09CB3E8359C0F68EBBB7898243E34E12A015B2685AB303C04D3A9E00671FF3DFF0A184E4A2ABEB2B666AF5B3A209C73D8EF29
311
DCDB069C9F391EEE9DD0F74C7BCDE16F8F02E3B8816122BBEB50665775B600549D8BB33A54A6BF940C028118BC6878C79958D6784F9DEAA6E26748386FFAF8D0D0101E2847B6563F5D8DC1D78F787BE00E2C941AE12148D4A81599FE8F68D4DA5CDED75530ADE138240300EE13B0FC13A1687FED6774662C05A2B7DFB18673
311
2F0D7A93545D8B0A6390AE5054D9CB582DA846D7A061B3358B45E2B52DDE63E114397EDB7E09233A579155D795BE76102CF277F4DF8B188C4F2879BEAE3C08347124BF9ED23B128259FE107D31E34A652F090B30B39E0D9AF917B76A2806135621A8A60681F16AF216514BBD02711585B5B1AE823F4B2D0369EA5B6BCB8630
311
72727FFC871CA6C9AB79A814D989057E9470A3D238BC87CBB4A0EA49AFE2B86F22E499793CAA9047080450166BDC357524561E258C77CB697F1ABB32562CF87C3B7AA12F911EF19FB3E5C02222E887D08202A60A17151F5E053A86B437771088B4FEE14D652C43E8D939995D34545E12E2FF93D4E366EAD25F10CB7DED1415
311
63C3D0C447AF06078A91135FD4B9611583CB4BF3BD167F2399CEAB0E0100F8FFC305F00F1711717173138B4B48C83022295DE657EFEDD97F238ECA80F528AFB4F8D67AD4E2594B9A3AA86D7487EFC313BA95745C186F0CDD84CC12DC9CB0424B42203D351FD9C0A3AF10CC7F388E0329279087386421F194F4A29464C1DEF7
311
EF8BE515E4A199DCD5B909342598D8FE6A231F71336248D5CEC5454455C7BE383B3BC7B260FED27F703FDC39A170F3827239102F59D4DEE7FEF82EAA1A5E4BA94DCC4CC44E7E2EDE20F24244E4454369D2E87C3F823F193FD4FD27E1C23984B01898D15ABC20711A8A558054951A6AE280096BA36CBA439603B7B0B4C45F24
311
8C14B2383B4B5CD8ECECE4FF859AD4A6CA2326D020EF090F4041D28DB66E5256B56232CC52829DE8060BAE6BBF37D4B7469B822454FE93210A3E8D15E69FFCF01123222611C51C4FD0A041A0CFA2471CF6BE38D2B20FA4C3525B5B8B586759475CF80ADFE67A284AC24651E52B8E683D24C2622642F27E7C3C22783BCF6364
311
8BC398BD6CD0D9C97E7E7E3EACB6126DB7A6C1FD9F1031302EE67ED96F22B77C7CA0239BB324207559B105E4693EB26EC46182A92C9C0DBD24F29B31C5C5AC1F84300E0E17CEEAC15F5736FA4A98971E2F1423BFCD68D4BBD5F86E74B40A369F39507C88FCDB35D2DD8DEBEA4AF999E23CF2816D204200DF6E611781B9884C
311
1AC8888B4DE397320472959434323A5A36B22A8E1F721A270DF3BD65E4A31C11FF048AFB0D8B7B6881423793963A23CFCE935FC189ED36FAE35C46DA3574C979E4394BE52084F3081837BE033396D2EBD80F1F691B273F660D2B32FA27A33B1DE4ADA5F0FA4651511102DFA410DDA86E065272CA314D5249DF91B06BB92807
311
B28EFD54F08F7B525252782CD276DD02E6B0319B13DF87B1F6361AD6B28FC0D711CF445429B9E5A433CD493051C49A9E03DDB1B147D880253514A5DED88009018620EE229101C041950E2D8AA8E1F5F5438E0C0C0C60EEDEE9E3E0C051948C69F84BB7B2A48A1F3C8EB9E6864687F4F4F6F6E2FA87608ADAF9C5E117B7C1A7
311
37E710769DA1D15ECE6A84502AA855398712D5FB51BE92E4EF824969CE18278798AC303C2C7980DD2500ADF8FB1E6D6C2FAAFF9987178923334A244758BAA01A9A1B70FA5097D01E1CC2A58DAD0EC94CE6430AA9B0C10D75E3C6BAC670EFBADEE1607739CE0FC18A2587E3EC3058562014C64219C69BC269082D5C2F4A6592
311
78D585755912176D78A1B641719C2A394CED495A1AC5D583FD2F5EDD93308EA7EAE8A6DD396598BDBD3D4CFED62D18A5BDFDE0DD5C80D1A89BA62697B131AE7CE9A6594138582F1B37D68F1749AC7CB67A70695D48A4A056AC1FBD4E82358CEAE38F54B95A9016F9000F9879C0D9D131768635CA798895F27D6F1614F11F28
311
38A83611AA51C9A3DDB539D42979C29F10465655C17BEC3E2760B80DCBF609198C7B171A531905F3EC218D696025975E986C6B4C666666787271F202805577DD5A3EF0CAFAF91B62DC4B2DB4217A7606282F31D8DDBC290593BAA93EA6353AFA9939B877978481E15CFC9F2755CDC00C538F63A4BA3E80AE009B73CA018568
311
7D339A507D165B74290D6EE46D5C58148F020C3668ABE9EF2F7549170DC80DB41FFC1D678FF19AEB10C7133832B104B80F691B3138F97A92D26E551F1F110400D45AC71A9B9AC41A1A1B1DAEED0B0810638EFFB511D46B121C6FEA0F38CD00E03CFFEB9713FE1F9C263E4DDEC160D0497FA9A132BA608584057FB15380825D
311
E6C7FC3C667EE947D488A09898D8E939C4953BF4EC9836344D2CC6B2971B2A21A572B06096F4982D2CC7232D46E8EA69DC83722E267754D777F97F96D5DA74E1E75178084D0E70F12AD33E5F71EF2AFA599B2BEBF60A5BE475F444F240CBFE8143C334E7ED9150FEEFEF7EB020C4DBED388DD1D6A167A76F3CBF119B578AE8
311
CFA7736ACAFA4440A1C47185638A0D2F3EB5BDDEFDA958FB13CE4AA4923D5BF840392D45544329525749734866684BF7F8D9D54D892E19BCA9F829A0F8BFCBEEA6CFDFC61D74EA1A645ED7A1FF241739F15694BD835B66FEC5677E40FE69BD3F91AE402F036537218A401CB0828604AD189E575015C6F3F6BBC8AC79CF6C70
311
653847254B31551EFCBEB5978B9DB85D58D0FA41A9DFE9C624834AA04949D24B5AE6D299E072D152D12097920F14AA92C31C3B97E28B6C2E6E9C23D63043ECBBC0A60FDF5BD0C33C127EA8A3308B8B6AFFEB28B4455BF6E7AF4FC6222728357EB8E46E85053E6A8843AB23295BF838ABDA94658FEF3F832F147046B4ACD6F7
311
D48E8FCC9618582961C898D1C7A253C91BFECBDA6BA18A1FCF70755DCCEE2222F41B76D23CA98D0CB3D95F0CF66D57FFF65E2A90F5DF40FC3187621E981BD0BC1D992787212688976B94A8F0C6EF646624B570B78E068826F87CE27041A95C9A4871FF65CC17FCB1639629AD6A9517000D63AC231F3D741CB8430777E7ECF8
311
0CE7A3F73C0F162F7E56AA71F4DA80A33CD6ACEE78E2C11FAC03DAFCE929B106F8F6B3ED2DC71FF994BD9CEF4E9A94896EF1B6E2B7B4978168BCF0847A3D2A4F1B0500B926E634B174548E9FBAD27153FB5FC36799B1E6C7C38A94E1F9E996796D7B485E635D5287A2AE76FBD11A341DB3F8F810385BB7296391973DC6C37C
311
452A9305AEBBE0CDB6C566DB59FE60C8E94B1FD090354BF51439FFD1B48D725228FFA88C84F686F547107A7A235665A4593B7C34D748C1AC8D56DD5DA861EEFBADDECBBD65117E65851F90351AEB65F0EFCFF4BCFEF24CB7A5879699FAC437A7AF9099186CF006BB923A59E37D7A36A29FD8D2CBB914A5E9D0A8FD212FBF79
311
6AE9A67958FF1D5D8B85F78F96219D4714EB919929241B6C018AAE0C02069F8D919961EC5DDFBFB7573E3AC8E08BFB7C8534BE6DE045B3CD63DBD71F7638BA2309CAE398EA3A7D8F98BBBC7AEB367EFA5CFA27A9F8F2F52FE878058E6209C026453F8E7E8A237DFC389E9590F6059B397CFD65183BBF936E86896612A5B5FE
311
E49DAC8455D026218AFEBEC12B3523A45B57B82C9C97E02ACFA1184DB18E48CF615DBF39C3CC6F0B4AE6BBEEA2E39D944E290302FA3DE33FA7E40296E2EF7BF1CD855BBECFAD0FD622BEE9746FC4FDFDE545AE6E3BC234CADF83A0FB76DFB145BF3828AE3436368AC24989454F8FF70A177672C711CAA1A76107218CF948CA
311
01F873520E7A2B118EBB161ABAD432932029628B6761590C98AB590C8C8C79798CE9F715BA696E839E9131A4BB68BE923F1747FBFF165331FFDD4D05997ACD168F12CA75348DAC04C7F509FE83898A8B421181AF492861CE81E4A2DD0A30850CFA95E05F097FF70F9E777310D584A75BA7018922E271DAB1D785671157685B
311
7D383D3E074DDB4F1E44EF04B07BAAC75A062077C54B9752C738C9D804D402E02851F3F89605AF189738C18C021D2139EAF72513824E10DDD3047BACC8521ED7E98B257D1166903B1B08FA6F918FD7E162913FEC7D0EF4787E29C35FBA8C6E2C9C20E9AB30AE42CA2A01A090E7D010C1B5BF9CEE2A304BF3A987FB40D83697
311
9B79E18D70F257DA61E808472DD85B82761825779D6B90CAEB0F23360C6F80A7D7D77545E95B3DFF0CF96A827F9B5BCECD2C9698718417EF80FEEDEE938AFF55859D0D540B7FE09435583A6F04874A0C7E8CF234DF4879722000167F5872CEC6BF3EF7E5A8CC8121E6A359227C8A29C95212F9F735BC72A887D56B8F309FC5
311
25BFB4FD767AAEC4AEFF249CFBBD2DE1AB9969A6155C7D8DABC307E47324C1F916C7BCFF40ABA5644E9FFB9238D19ADADA49D9610F01ABBA57E4DFCBDCCBB2B93C8953206C91DE01B0E2651A6D6C31721915B31F7B7CBCE55466F6D70402788FA91D73BE4ADCBA99A35F17D6B83383704917D6833F0FA3CD45C926ADB8BC17
311
999A4A0AFBCE2541F7B8CF4C2F5FBA611B3E626D64407CB32C122DFF4EF8674D6EDBB86C8F7C6A16D50FA685E2CCA34F8F7D1D8265BB0042E9D7F1F666F7BE5FAA5184DF58E12122A42EF02F461B3F369AC746F96528AD208512AB56844CF75B97F352DF7995024FB02855385854F3798670D01CAC771AC3E1889EC25F61A2
311
0C1F8CAB46898817F9C47E2CDA1F286BF2F358298709FE567C91133E2638C8B53975E753EA8BFD3578B5F7186B7BF084EBA3F77BAC3132A5779902EC22AF2D2E79F42D324E083386DAEE9810D1B44A5DAA54513C7A71E52A4AB9257D975B621308FE4D2141CC3DCFE946C154A3C1DFCCA7629EC69ACFA831634ADDA93C0388
311
D2A9A2DDAFCF957C6995BCE7FBB6DC4EBAE79E63EB08E9A25F52F67076F7093CA545CA3053B5BF576DEAD4E0017143C5F759F32B2D6F145B52B67B48909B7C7FCA6586EE385A2189C16932CB6DDFD9152AE317C430492A578ED27B72D85D40C7C93C097939E1B50F4D67F05334FE9DC362C30B7FF561B95259138ECFD9274C
311
8D695C31B14D4EAA9F3D7FA8DDF652F8C5DEFA23284C799B7D94416DEE81E05A866302DC70192A5368EA65E1CED8BF107A1E2D3119A71E85DC1A7B0C1E93274CE04DD0F2ABC8AC7C987FDB002B6F81757B43502EF7A0D92E416494FAEEA4C9C090CD9557AA4D532F4996A272B94355C5A0E4974EEA9627476F30809B94D8D8
311
D860062E02204643BEC7D0438AF800FC7E2B26955D595421E83C69E1A07E0E3122285835F014AD538188CF9737CE76D464A353FA55A001AB2526B84E985083693BC76FE211CA1D000679C889E3C009832C87E1AC2EDD05C302557422DF0800E316FCAC86978A371F025A6C7DAA9F333E7BD160403A1A06EA75AA9888FF0150
311
4B0304140006080800A754C14A28BB58AF800100009E0500003D00000046324538454536392D454145412D344536342D384433422D3846393736344137363944452F536368656D61732F436F6D6D6F6E536368656D612E786D6CBD544D4FC23018BEFB2B96DE15493C78601010A34B880709DEDFB52FD0D8B54BD70DF6EFED
311
3AC0B12E6442E2716BFB3CEFF3D18E26FB440405EA8C2B1992E1C323095052C5B8DC842437EBFB673219DF8DA659866649B798C078B48AE6410122242F2A4994AC7F93815DF85C049C8564CA0A901499DD886B2EB9B1E02448F358701A9235880C49A0119892A20C89D1B9FD768815CAD268CB5E0355B40B1E47F3E37A2020
311
464BED06AA57CE8FCC20C3C3446D46761A2632A8C1283D07031EFF2AE7CCB1BFEEE916E406DFAC8E36FFD99A9D60A6944090EEDC3B670C7DC13DE86B6B2C5C240D6E503BB85ACD579D513F1B9F9A69DC9CC22AFA80C426D40AF0B21EA168559156B6276F0F726A6BFF04DCD513A87A62CAD41FB24FCB2858B3952E3D852084
311
DA25B9303C15687973CC8E8AAE11DF2836C38C6A9E765E8C1BA1BFB1DC29CDFE518C8B5A7655A4ED7E77291ABEB80DBD82EC866ADE1B8D05AF9E35CF09D7A061F38A986D9EC412B8F0F65E5D81534D9B231D1E5A8FE577A241F3A5FD01504B0304140006080800A754C14AE336299B9F040000341300003E00000046324538
311
454536392D454145412D344536342D384433422D3846393736344137363944452F536368656D61732F47656E65726963536368656D612E786D6CD5585B6FE238147EDF5F61E5BD1498E9A895A02398AA5D1E2A5665BAAF96710C78D6B9C87168D95FBFE7F81242134A968E469A4855437C72AEDFB965F4F53551642B7421B3
311
741C0D7AFD88889467B14CD7E3A834AB8BEBE8EBED1FA3495108B3E01B91B0DBD1F3EC8E6C991A470F22155A72F73CBABC1D4D5921DCD1934863A11F990102A6F61466977B8AC49FB13C174CB3940BE4504A22E3713489B7F82406516225536940BD88E4E552493E8E564C1522225AB0384BD56E1C195DC26FAB13882C2EBD
311
62E1FF9E5B0FCC453132C99548446A1872B62267078F1EF14C3DB1DD1952DDBBB384AD456779F387C51992E0ADCE12FED2622BC5CB1952FC9BDF3295E9206E961AB116DA7ACE45F76F07A26EFC3FD762FD7362FC3C0BAA4DB34C09E682CA5167BADCD16CF94370E331E2F1A3D852008AAD5D64BA2373478338AEB1583B9053
311
96D158182655E1B938D07926CF007CC7E85E6709999B0D3827C0BF406BEF55C68CF5579DA32C8C85BE03EFE788787E8FEC95DC85C3E31A615658D81F9A34499612004CE69CAB12531B15A887ACA642C110F8C1A8C1974A85853F407794695C905C688E69B116550ACA946B9B4785FC179E0E229240B62665328E86D5BD2C80
311
0CF5D80289F35AC25E3DD51508F4BF9A74A0F5A557BB3D284BC6FF59312E282F956A75C5D453906F48D11A876599E49425602400842995BDF02C4D012E226658F78A710416AC552831FDDEF0E6F0BABEBEA9DC36718CCEF4DAC5A0DF871AECBDD8F448F015F8DA113A473609D1751672B723874B2CAB21ECD6E284E51DCC7D
311
1A47A00F60EC21DC4CC3CDC406DC03760A4E6C772F2F4D561A9AE58C4B03F5B4838701472139EDCB36819A66C472B52AB1139C648956F43E0DAEC067B56B0818F5961D3D446B8F1E1E78C0EAD7EE02AF2895D813E88AC5014A7B436DBB20F778D40A1D9737EFE45B47D49CC8360F9966B15AABAC802C1005548A93EE469F5D
311
55317CD8BF0AA86CABADB2A009D4D6F60CFE53AE370AFE8C45415B15D362A5A038E766E34B00F8C2E3E7098E2093B1C96349FDAEA158903B4BDAEA665F473FECE72186E3BDDCACCADA31839CD6D4FA7D47DF5469006ED340EBE71DF960DDEE88A3E17557039B58C278A1795BA8079419DA8FC5BA1BAA1A66238BF69C7B2BE4
311
E6274839122B7D00BE8B7D52CF61B2D63216046008C8B330FC10F8907787DEF061F47965BBA02FD8F53BA12F9827614979F53563D0BB1AD67A03DC0E00E2FB2CF3EFB457E70E65A3D7C78E7D700DBB45132AE9BBA5E468CD861408961AD8B00A55C2FCC677F4456039FD9F1907A5B3E2D0EE845FDBA2DAFA88C64195671AD6
311
D282DA2E45B1F50A0D632B0D0B6718757DCC7C84A70A3656F222CDA6DBF07E204AB358961D1BE31E53A82C2C0D56DBF61A5608B5A252A932A1DC6E32462430853353EA30417C8199A662E946A4EF352268B8CDB9A9C6762515ACE8E09BBC031C608A02C4BA89C9DDC074E46E0E26A17BCBD4ED43270D03E3645ADB81F6D62C
311
C07A3243EB81C07E01681DDF2DB4730631E6DDA6CBBD048BE9F06AEB3CF06B31DD6C9575E37E9FF17161342C4C76D95519672A6509E0F5C4E71B4B1916440059F57D0921F496237E473A83E3E4E06353BD9D27593594D7B6707C08D22FEBDFBFFE03504B0304140006080800A754C14A8DFFFC99640100009B030000450000
311
0046324538454536392D454145412D344536342D384433422D3846393736344137363944452F536368656D61732F52656E6465724D6174657269616C536368656D612E786D6CA5535D6BC230147DDFAF08799F5FDB600FADA20EA430D968A7AF12D36B1B481349529DFF7EF9A85A718860DFDA73EFB987734EA3D16FC5D10E
311
946652C4B8DFE9610482CA9C8922C6B5D93CBFE3D1F0291A6B0D26A3255464182D920FB4233CC629881CD49C18508CF000E3EE309A100D61622AAB4A8A33B2483F11CB639C545B0E1508438C3D3C0361192846DB7ACD198DF186700D182920B914FC1063A36AFBEE8FBA03FFD3CC1D1F4FC9E151A2AF59F628C5B7821D83FD
311
FD3489305080F2EE04BF962195FB285E9D2DD352320A9E827AE357594914E42B1F5FE35F83688F60C4C91A6C946ED0668E8F244BC2EB0BA6E3BCCFC0B6A4B507F9F9F8D51EB315D9BA9E08D308E89F96931666E577837E2B4172199C68C4FE306156D47DF51C698C7B9D97FE5BEFE2190C3C38BB054E6E8163FB039CB4B993
311
C80BF18D969203116D6BBD26238B821F9BB909AD6D9C71B85BCD8C33D66FEA3D31B4BC0AD45BEA46BBEDDFEC0F504B0304140006080800A754C14A9449D0E351000000570000004700000046324538454536392D454145412D344536342D384433422D3846393736344137363944452F4173736574446174612F4173736574
311
5461626C654F66436F6E74656E74732E62696E536160607072367075313677D33533B374D2353173B6D4757272B2D03536B270B27471337372B1701602AACB4D2C492DCA4CCC492C28484D2C4ACC4B4E050A82012F90744FCD03CA26072767A4E6260200504B0304140006080800A754C14AC55C6636560000006800000045
311
00000046324538454536392D454145412D344536342D384433422D3846393736344137363944452F4173736574446174612F53747265616D56657273696F6E5461626C652E696E665D8CBD0A80300C06F73E4B29FE6CDD8A2E82A083B8B7F209014925C9FBA3AEAEC7DD2555D896CB85E51C2A1BD834F6A1F56EC4494C4695
311
278364ABB24ABD2146F88CCEBB89D5321FF8F3F43D672A3B44DF3CB6A1710F504B0304140006080800A754C14AE734C73037010000A20400003600000046324538454536392D454145412D344536342D384433422D3846393736344137363944452F4173736574446174612F636E782E786D6CCD94314FC3301085FF4A6489
311
318E53044595E30AC1D209242A06B6AB7329561D3BB22F08FE3D769B0154C4D421EBE9BBBBE727BF93EBCFDE161F18A2F1AE613517AC40A77D6BDCBE612375E51D2BD64A06EFE907C60A073D362C979992FBE0C7612AB5D8C16873D51A77988AF731226D6167F1A97BF08ED0516485B61063C3A27EC71E388CE45B8C07DE02
311
01AF79C0E8C7A0314D22D3E334490704C296A985A897A5B82D45BDADC5EA7AB9AA6FDE6495492577DEDB89376959F0C3D542E8D35EA684AC32A0E418CC44E5D730F5974ABE334E568954325248AE4C1DF435A40E18066B345032AFF29A90CA0421F4B23AC14A56D9855F5E3C62679CC92D9B240DC887E7241003199CA127FF
311
A9BDBC371B17099CC6393B72AEF1F23EBC1C7FD1EB2996C7DCCC2F2DE71AB971DD05B2521DCF498A4EBE2EEA1B504B0304140006080800A754C14A83172BE3E6000000600100006700000046324538454536392D454145412D344536342D384433422D3846393736344137363944452F5265736F75726365732F4243304544
311
3337462D363639422D343643392D424242382D3332384239444636424438432F7468756D626E61696C2F302F636E782E786D6C4D90C16E03210C447F6585D4E32E90A84D15B1E4277AEAA5A2ACB345018CC054CDDF175A0E398D357EB23CA32E3FC14FDF908BC3B832B9083641B4B8B9B8AFACD2757E65D345AB8C480F189B
311
A209B0B26E33ADF68C350D6B83ABA9BEBBDEC5DB307788909DFD48716793F5A6949515FB05C12CA6126E506ECB66C82C72C950B0660BED00B900E380CD600836A60F429E66F1320BF926C5F9783ACBE777C53BA9D527A21FBC8B0419D3D341586C636CFF08C53BA055CD6E503D04D30FCF29DE965A15CA2DFF80E89E1A6452
311
F2CE1A6A3571B4043437084C50FC1FD68AF7BC4DFECA68DABBD1BF504B0304140006080800A754C14AA233C2345D000000800000006500000046324538454536392D454145412D344536342D384433422D3846393736344137363944452F5265736F75726365732F42433045443337462D363639422D343643392D42424238
311
2D3332384239444636424438432F7468756D626E61696C2F636E782E786D6C4D8B490E80201004BF42E6EE76F3C0F216234B883063108CCF170C074F95AE5473F5C4C06E932E4F28601967600677D21E9D8092EDB002539227A2FCCB80E1168D80A6417297A89C5D6963B7129A0D1E8F2EE73AA7B62BBEB8B27DE50B504B03
311
04140006080800A754C14ABE89762363000000880000005B00000046324538454536392D454145412D344536342D384433422D3846393736344137363944452F5265736F75726365732F42433045443337462D363639422D343643392D424242382D3332384239444636424438432F636E782E786D6C4DCC3B0E80201004D0
311
AB90EDFD75167CCE820A4A845D83603CBE602CAC26799919AEEEE0D965E2E908050C6D0FCCE04C8BC355404EB6198129C92351FAD580A10E464065907C8D948F8F166375F655BDC3FDC3B4E530A176BE7057BDC43B2A593FE403504B0304140006080800A754C14A2308B5137E000000A30000003600000046324538454536
311
392D454145412D344536342D384433422D3846393736344137363944452F5265736F75726365732F636E782E786D6C4D8CD10AC22018465F45FE7B6BB53085E9E0D7F61EA3B921390D9BD1E3A7B18BAE3E387CE774FD67F5E46DD3CBC520E1746880D8708F930B8B84BCCD9403E9559762DCFE6E40C2B85A091583EA9614F3
311
7347939DC7EC2BF52E3C7688BAB999F63A50C604D20BD3822222A7ED99A3300343C375318E5529F3EB95AD79F505504B0304140006080800A754C14A47DDC3810B010000550300003400000046324538454536392D454145412D344536342D384433422D3846393736344137363944452F536368656D61732F636E782E786D
311
6CCD933B4F03311084FFCAC912E5F911044191CF2928A868808ACEF836C18AED3DF981E0DF630717894407453A7BF4693533F6CAEDA777C307C464314C44504E060806671BF613297937DE9161AB6444CC27181982F63091261325F711CBD2A51976BAB8A63A1B0E5DBC47EF313C9B77F09A0CC6E99426928E57AA4BC619D2
311
81CE3A6B2A688484251AA813B2F5D02798083AC34CD48A8BF5C86F472E5E04DF5CAF37E2E655B2462AF986E83A6F438688CBD58A1BACC7500D71C91AA06489B6532D0551A7EE68ED43B24A289972AC2D74327F2D95D4CBE2ACD1B996C58EE00FA3246B61CF223F408068CDA5663EB3F76FA19F20CC101FEB4B45ABDDA566FF
311
CDE5DF2A60C70DA8DFA02D84FA06504B0304140006080800A754C14AE3603EBE7A000000C20000002C00000046324538454536392D454145412D344536342D384433422D3846393736344137363944452F636E782E786D6C6DCD410EC2201085E1AB90D9DBEACE05D09878023D01A1D34A8419C380F1F82DA68B9AB8FDFEC9
311
3C3D7C52546FCC12980C9CBA232824CF63A0D9402DD3E10C6AB03A3397DD192872090D3406ABE7CCF5B5D18893ABB1690CF4DCF02282E5EA8A5BB96FFE536F285CB347F95BEFFE81C9ED5AFF9D5B1FB575BB00504B0304140006080800A754C14A3F2E70A57E000000A300000007000000636E782E786D6C4D8CCB0AC32014
311
057F45EEDE3EC52844832537FF111A13A4468B8DA59F5F2D5974756038336DF7593D79DBF4723128381F4E406CB8C7C9854541DE662A8074BA4D316E7F3720615CAD828A41B74B8AF9B9A3C9CE63F6957A171E3B1C2E2810B9A468D050869C51D15F6F540CB2E1CC345CF6588C6355CAFC7A656B5E7F01504B030414000608
311
0800A754C14ACA1DF9C9A900000073010000130000005B436F6E74656E745F54797065735D2E786D6CA590410EC2300C04BF12E5DEBA70400835E500FC800F84E0B411AD13252E2ABF27A55740421CEDDDD9B55CEFA7A117778CC979527255565220197F75D42A39B22DB652EC9BFAFC089844F65252B2630E3B80643A1C74
311
2A7D40CA8AF571D09CC7D842D0E6A65B8475556DC07862242E78CE904D7D44ABC79EC569CAEBA537E3521C16DF5CA5A40EA17746733E0B6615DE7217475F386F18B9481C510F1F021CD9FF027EA0E1F5C4E609504B0304140006080800A754C14A3DEE336E64000000790000001B0000006175746F6465736B2D6465736967
311
6E2D7061636B6167652E786D6C35CBC10E83200C00D05F21DCA56CA76D41FC96062B120735B69A7DBE268BB7777961F8D5AF396893C2ADB70FE7ADA196782C2DF776D7A97B5933C430F15651E5469C55D70F80A4992A3ADC954792C525AE70A1E4D6AD9816CC044FEFDF01FE3FDE907802504B0304140006080800A754C14A
311
F8F3FE03F9000000960100003700000046324538454536392D454145412D344536342D384433422D3846393736344137363944452F4173736574446174612F636F72652E786D6C8550CB6E833010FC15B477830D0979C83882367C414FBD59B643AD041BF951F5F36B072AB5A79E76353B33BB3BF4F2353F8A4FE5BCB6A603
311
5262289411566A337510C30D1DA1B830EAAC0DBF6850183EAB0E320C8C4ECEC66583843541998C1A2BD50672EF5580423C52D381171F6AE6258F2131FCBD5CB8B8F34995A45C798CC6A8E526D532B9E99B560ED87068FA2B26040D4D53A3DDF8B247A75D7B44A7B61FFB6B4B8676C4B4CA6246839E7FB60BA7785012588DC9
311
01E11661F246F0B9399CC9FE9D5699C9A80F2EFDBC2DCDDF01EBF3D5AF3C705AADD33FAE7191FFBB466D42536FAEABC20323E9C8E780D12AA794CA33C25473A2EC1B504B0304140006080800A754C14AC899905EF40000008E0100006800000046324538454536392D454145412D344536342D384433422D38463937363441
311
37363944452F5265736F75726365732F42433045443337462D363639422D343643392D424242382D3332384239444636424438432F7468756D626E61696C2F302F636F72652E786D6C8550CB6E833010FC15B477830D0979C838822A7C414FBD59B643AC041BF951F5F36B072AB5A79E76353B33BB3BF4F2353F8B4FE5BCB6
311
A6035262289411566A337510C30D1DA1B830EAAC0DBF6850183EAB0E320C8C4ECEC66583843541998C1A2BD50672EF5580423C53D381177735F392C79018FE512E5C3CF8A44A52AE3C4663D472936A99DCF44D2B076C3834FD15138286A6A9D16E7CDBA3D3AE3DA253DB8FFDB525433B625A6531A341CF3FDB85533C2809AC
311
C6E480708B307927F8DC1CCE64FF41ABCC64D407977EDE96E6EF8025AF15FDE31617F9BF5BD42634F5E6B62A3C30928E7B0D18AD723AA9BCA24B3527C9BE01504B0304140006080800A754C14A983DCF01FA000000960100006600000046324538454536392D454145412D344536342D384433422D38463937363441373639
311
44452F5265736F75726365732F42433045443337462D363639422D343643392D424242382D3332384239444636424438432F7468756D626E61696C2F636F72652E786D6C8550CB6E833010FC15B477830D0979C838822A7C414FBDB9C62156C0467E44FDFCDA814AEDA9A75DCDCECCEE0EBD7CCD53F694D629A31B2039864C
311
6A6106A5C70682BFA123641746AD31FE170D32CD67D9408281D1D19AB06C9030DA4B9D506D06B981DC39E92113536C1A70E22E679EF3E023C33DF2858B071F654EF295C768086AD8A46A886EEAA6A405D61DAAF68A09415D559568D7BFEDD169571FD1A96EFBF65A93AEEE312D929851AFE69FEDC24AEEE500ACC4E480708D
311
307927F85C1DCE64FF418BC464D4791B7FDE96A6EF80F97B983F3557132DD6E91FD7B00CFFBB06A57D556EAEABC20123F1C8D780D122A514CB2BC25853A2EC1B504B0304140006080800A754C14AB3E2A61D0D010000B10100005C00000046324538454536392D454145412D344536342D384433422D384639373634413736
311
3944452F5265736F75726365732F42433045443337462D363639422D343643392D424242382D3332384239444636424438432F636F72652E786D6C8590D16E832018855FC5708F82B4A80DD288D627D8D5EE8852475AA11158F6F883D625DBD5AE7E7238878FFFB0F3D77ACF3ED5E6B4352DC039029932939DB5595A10FC15
311
D6203B73B659EB7FD94066E4AA5A9064C0D9B2D9F0D8A5C91AAF4C528D9DD52E4AE79407D9748F8716B8E943AD3297C14787BBE50F39DDE4A2729CBF7C9C85A0E73DAAE7F89ABE6AB5012E2AD25D10C6501052C2C3D81F6173A0356C683776178A051D112B529833AFD71FFAB429E9D50C78897005118508BF617422D5091F
311
DF59919C9C39BFC59D7768DA2EE27A74194835424A1B010FB46FA010A286A4AC45338C540C75CF8A57F00F303CE6FF81411B4FCA1DF84A38C071FCFFF382B3221518C7B3DD3853D9FC1B504B0304140006080800A754C14A6CAF995EFA000000960100003700000046324538454536392D454145412D344536342D38443342
311
2D3846393736344137363944452F5265736F75726365732F636F72652E786D6C8550CB6EC32010FC156BEFD81027CE439828A9E20FA87AEA0DC1C6458921E251F5F30BB12BB5A79E76353B33BB3BFCF835DDAB4FF4C138DB03AB29546895D3C68E3DA478253BA88E827BE7E22F1A54564ED8438141F0D1BBF45820E56C445B
311
50EB342EA00C012354EA9E9B1E82FAC049D632C5CC08B7FA21D54D8E58B37AE6099E92D18BD4E8EC66AE063D88F3B63D5D2863E4DCB62BB21E5E3664BFEE7664DF9D86D3A563E76EA0BC2962C1A3997EB62B8F32A206B1A26C4B6847287B63F4D06E0F6CF3CE9BC2143C449F7F5E9696EF40BC6270C92B0CBC99A77F5CD343
311
FFEF9A8C8DED6A719D150104CB473E07823725A55C9E11E65A1215DF504B0304140006080800A754C14AA16CA878F8000000940100003500000046324538454536392D454145412D344536342D384433422D3846393736344137363944452F536368656D61732F636F72652E786D6C8550CB6E833010FC15B477830D092491
311
710455F881F6D49B651C6A25D8C88FAA9F5F1BA8D49E7ADAD5ECCCECEED0EBD7FCCC3EA575CAE816488E21935A9851E9A985E0EFE804D995516B8CFF45834CF359B690606074B2262C3B248CF65227549B51EE20774E7AC8C433362D38F121679EF3E023C33DF2858B079F644EF28DC768086ADCA56A8C6EEAAEA405D63755
311
77C384A0BEAA4A74185E8EE87CA84FE85C774377AB495F0F981649CCA857F3CF766125F772045662D2205C234CDE08BE54CD851CDF6991988C3A6FE3CFFBD2F41DB0D7F54E478B6DF6C7332CE3FF9E41695F95BBE7A670C0483C711D305AA48C6259038C35E5C9BE01504B0304140006080800A754C14AA2D3A6F303010000
311
D80100002D00000046324538454536392D454145412D344536342D384433422D3846393736344137363944452F636F72652E786D6C95914D6E83301085AF82666FC040F8898C23AA3827E8AA3B174F889560236CAA1EBFA650B5DDB52B5BCFDF9BF19B61A7F7F111BDE1ECB4352DD03885084D6F9536430B8BBF921AA21367
311
B3B5FE0706919123B6B0CAC0D930DB65DAA5DE1A8F66558D55B88BD239F410F58F7069C1F5371C652C171F08778F27D9DFE580318D378E33AFC72F6B3FA3F4A8806729AD485A92943ED3F49857477A7861C94A72B668E3F36C6F86E32BAAC84E3E44027EC859B23D076CD16A87B40A9FD4578D33F04B266A21CA86884E74A4
311
106541EA73FE44EA4B5395455795CD598422C1CC99F37318CD5E641DC25FED9BF157B46552FF8CB6391C70FA1D2A59E7CC59F2B98470AE3BE11F504B0304140006080800A754C14A4984A92E06010000B201000008000000636F72652E786D6C8D50CB6E842014FD1572F728E88CF30832D166FC82AEBAA3C258320A0670D2
311
FE7D61B449BBEBEA9273CF8BCB2E9FD3881ECA796D4D0D34238094E9ADD466A86109377C0474E1CC591B7ED1001931A91A120C9C0DCE2EF306F5D60465126AAC541B28BC5701503FC6470DBEFF5093C8C41222C3DFB359F47731A88C662B8FB3A0A71F69EF94084A022F083D605261425F2939978733DDBFB13C31395B162D
311
B7282D63BABE69E580B787B2B9124A715B9605DE752F7B7CDA55477CAA9AAEB956B4AD3AC2F224E6CC0717FFBC99C49E0179F148B92C5F579CBD5B3B6E84584A226BC62FE0D1212DFE945E66F98FD2DA84B2D80C5785074E63A1E72206A70BC6F13C6F9CE9DAFC1B504B01021400140006080800A754C14A34FFC843350100
311
00A80100004F000000000000000000000000000000000046324538454536392D454145412D344536342D384433422D3846393736344137363944452F4173736574446174612F446566696E6974696F6E4974657261746F7250726F706572746965732E62696E504B01021400140006080800A754C14AC214A9931C01000030
311
0200004500000000000000000000000000A201000046324538454536392D454145412D344536342D384433422D3846393736344137363944452F4173736574446174612F496E7374616E636550726F706572746965732E62696E504B01021400140006080800A754C14A88E57597CD3F0000904100006B0000000000000000
311
00000000002103000046324538454536392D454145412D344536342D384433422D3846393736344137363944452F5265736F75726365732F42433045443337462D363639422D343643392D424242382D3332384239444636424438432F7468756D626E61696C2F302F67656E657269635F706E67504B010214001400060808
311
00A754C14A28BB58AF800100009E0500003D000000000000000000000000007743000046324538454536392D454145412D344536342D384433422D3846393736344137363944452F536368656D61732F436F6D6D6F6E536368656D612E786D6C504B01021400140006080800A754C14AE336299B9F040000341300003E0000
311
00000000000000000000005245000046324538454536392D454145412D344536342D384433422D3846393736344137363944452F536368656D61732F47656E65726963536368656D612E786D6C504B01021400140006080800A754C14A8DFFFC99640100009B03000045000000000000000000000000004D4A000046324538
311
454536392D454145412D344536342D384433422D3846393736344137363944452F536368656D61732F52656E6465724D6174657269616C536368656D612E786D6C504B01021400140006080800A754C14A9449D0E351000000570000004700000000000000000000000000144C000046324538454536392D454145412D3445
311
36342D384433422D3846393736344137363944452F4173736574446174612F41737365745461626C654F66436F6E74656E74732E62696E504B01021400140006080800A754C14AC55C663656000000680000004500000000000000000000000000CA4C000046324538454536392D454145412D344536342D384433422D3846
311
393736344137363944452F4173736574446174612F53747265616D56657273696F6E5461626C652E696E66504B01021400140006080800A754C14AE734C73037010000A20400003600000000000000000000000000834D000046324538454536392D454145412D344536342D384433422D3846393736344137363944452F41
311
73736574446174612F636E782E786D6C504B01021400140006080800A754C14A83172BE3E60000006001000067000000000000000000000000000E4F000046324538454536392D454145412D344536342D384433422D3846393736344137363944452F5265736F75726365732F42433045443337462D363639422D34364339
311
2D424242382D3332384239444636424438432F7468756D626E61696C2F302F636E782E786D6C504B01021400140006080800A754C14AA233C2345D0000008000000065000000000000000000000000007950000046324538454536392D454145412D344536342D384433422D3846393736344137363944452F5265736F7572
311
6365732F42433045443337462D363639422D343643392D424242382D3332384239444636424438432F7468756D626E61696C2F636E782E786D6C504B01021400140006080800A754C14ABE89762363000000880000005B000000000000000000000000005951000046324538454536392D454145412D344536342D38443342
311
2D3846393736344137363944452F5265736F75726365732F42433045443337462D363639422D343643392D424242382D3332384239444636424438432F636E782E786D6C504B01021400140006080800A754C14A2308B5137E000000A300000036000000000000000000000000003552000046324538454536392D45414541
311
2D344536342D384433422D3846393736344137363944452F5265736F75726365732F636E782E786D6C504B01021400140006080800A754C14A47DDC3810B0100005503000034000000000000000000000000000753000046324538454536392D454145412D344536342D384433422D3846393736344137363944452F536368
311
656D61732F636E782E786D6C504B01021400140006080800A754C14AE3603EBE7A000000C20000002C000000000000000000000000006454000046324538454536392D454145412D344536342D384433422D3846393736344137363944452F636E782E786D6C504B01021400140006080800A754C14A3F2E70A57E000000A3
311
000000070000000000000000000000000028550000636E782E786D6C504B01021400140006080800A754C14ACA1DF9C9A9000000730100001300000000000000000000000000CB5500005B436F6E74656E745F54797065735D2E786D6C504B01021400140006080800A754C14A3DEE336E64000000790000001B0000000000
311
0000000000000000A55600006175746F6465736B2D64657369676E2D7061636B6167652E786D6C504B01021400140006080800A754C14AF8F3FE03F90000009601000037000000000000000000000000004257000046324538454536392D454145412D344536342D384433422D3846393736344137363944452F4173736574
311
446174612F636F72652E786D6C504B01021400140006080800A754C14AC899905EF40000008E01000068000000000000000000000000009058000046324538454536392D454145412D344536342D384433422D3846393736344137363944452F5265736F75726365732F42433045443337462D363639422D343643392D4242
311
42382D3332384239444636424438432F7468756D626E61696C2F302F636F72652E786D6C504B01021400140006080800A754C14A983DCF01FA0000009601000066000000000000000000000000000A5A000046324538454536392D454145412D344536342D384433422D3846393736344137363944452F5265736F75726365
311
732F42433045443337462D363639422D343643392D424242382D3332384239444636424438432F7468756D626E61696C2F636F72652E786D6C504B01021400140006080800A754C14AB3E2A61D0D010000B10100005C00000000000000000000000000885B000046324538454536392D454145412D344536342D384433422D
311
3846393736344137363944452F5265736F75726365732F42433045443337462D363639422D343643392D424242382D3332384239444636424438432F636F72652E786D6C504B01021400140006080800A754C14A6CAF995EFA0000009601000037000000000000000000000000000F5D000046324538454536392D45414541
311
2D344536342D384433422D3846393736344137363944452F5265736F75726365732F636F72652E786D6C504B01021400140006080800A754C14AA16CA878F80000009401000035000000000000000000000000005E5E000046324538454536392D454145412D344536342D384433422D3846393736344137363944452F5363
311
68656D61732F636F72652E786D6C504B01021400140006080800A754C14AA2D3A6F303010000D80100002D00000000000000000000000000A95F000046324538454536392D454145412D344536342D384433422D3846393736344137363944452F636F72652E786D6C504B01021400140006080800A754C14A4984A92E0601
311
0000B20100000800000000000000000000000000F7600000636F72652E786D6C504B0506000000001A001A00210B0000236200000000
310
504B0304140006080800A754C14A000000000000000000000000370000006662782F32343743364231332D453534452D343539442D424537322D3530333738453833323336422F617474726962757465732E62696E504B0304140006080800A754C14A000000000000000000000000350000006662782F3234374336423133
310
2D453534452D343539442D424537322D3530333738453833323336422F76657274696365732E62696E504B0304140006080800A754C14AF270F1330600000004000000360000006662782F32343743364231332D453534452D343539442D424537322D3530333738453833323336422F747269616E676C65732E62696E6366
310
60600000504B0304140006080800A754C14A88E57597CD3F000090410000420000006662782F32343743364231332D453534452D343539442D424537322D3530333738453833323336422F7265736F75726365732F322F305F67656E657269632E706E67355B773CD4FF1FBF73E71C0E67EF7576C9DEF3EC995D46C6A1EC50
310
46649CBDF79E192942562825CE965D8A868C2842C8DE9FDFD1F7E7F138F7078FCF6B3F5FCFD7EBFDFEC41B196891913091804020321D6D7513FC77D8C5070EC3FFEE51B21F068154CC75D455CC028A3EA68992803810109FDDE5D5CEC5521B28A1B422BF80741695D5B529DA1C2D058AD2388BDA9F476F7C2CADC939304173
310
DBF48A452BF8A700C0C70C3D121C1AA15A5270C22E2B9E28763651F7DA0D12CE11077B2ECD0D560B5E3DE2368B1E65C5E1C87384A4CC5F2D9FB8BE39E9B77C753783A37998F5CEF1B4FEE553463245C9712270880DF339E0B882A6BA713D865F6F384C842D440934EF264F4A304F8DE4EEFA1E2BF5E2D91F5ADD9613D6E31D
310
DB33ED31DB1D7916CAF091286EA3D31B9CFECB78BB0060245B943C4C040119FF780A74DD308BA9D028678674EB5504ECF284EE814DAED07440BAF649BE4B55DA2890F4D73E2D489A59EE54FDB0A85B59F2F52C4858A02705C4815A792B0C4A996A2023ECB195073E115E3E3647F64243A8338F2000BCB58DA5692C7E7C3D41
310
3F963FEDF3CF00FBB0F831A9D51360FECA43819F527B89FA260EB63C5DA676830AA3626A3693B23F1A17A0DFFCE3EE164E31B5365EDF0C89EF64D8E38AB0BA9A1117D7C3A0EC44F44F4023095E80BA610DE336D0F99593A88BFC5306E72DF98F7FD132ED95878DF2964EA7E43071359FD83B2BDF9C6B5BDF768F0F3C0FC351
310
199526F53D9460A34511F75D1B63E488178569472C91A94497807A3FD4A390C6558F26D416365C3656DE6E769DA9D8FC73774E1709812842DD8EF96AED1960F79D21B395CDDFE6F92CB4EB962A4668C76990E2EF29798C8941D67DA50F4A5F947872460F1F6FDB794E8A29FD7AC0C0D6E0714339CE258FB17AE8535221E346
310
4A10F29A0BE5EEECEFC5675926A89F49EB14E5711894F6586DB5754EB4D5DA9C6437EBA57DB97A24F8B8A8DB295FFD73266CF57E82694DF5166DDF93573AFE9C9C5EB05F8FEF8E89E0A8917B0B3724DB7BEBB53252581EFC3E38166BA131A3A5B42FE2AD00A769BBFA4458D2DE7822F8C4F63D0B8E21B285AE13325F3410A4
310
35C648C9D91FDEB109E73CEDA7BC796961AF79175E1A3CE4C5E8B0D009B0C9E29EFD98BC8E97554E3D8D838424E270F7685226E5AC268E021EDE3522D583E8F20C0BDE2959EF5BBFEEDAB32FE9A3ED0E39F211A86AA9DEBFC68182EDED132AB8BB794442D2D7EA9F4D8BFF52BC4D55BB165124EE90A42D101E67BBBB292FFB
310
4F66DE5BF2300E44546757DA7CEF8932BFC9F92A0707953491A55C5A5ACEDABD9FA1AEA01BAC3DC5A24E22E7C47213493996EFBC369D086ED9397C9BA6C7F9855C7BD5E15BFC8C53DB3D2A4C5901A57ACD2FBDF4D1676E95338B2C2BCE65FDA4C64F5FEFDC7D9CA5AA1FCF11E193F2FDABF0F4916BF13FB916A224380E6462
310
A9815F2300DC49CC4DF8D055CEF76462F4B7A7ACA7365C2707891370BC1D0AA6203C44CCAB47084FEC057F27FFCD57F89B8B9852459798A675C66BD7CE572CAF71FF7E6D7ECF7BF62CAB7B3F1107DCD04DC55A3F9961700286141C94A4F771FEB2BCDA2DDEE0CB0BAE402FF1DB0100F8E475DFFFC074DDB4498AB7D186A765
310
4DDB1CB680D703D47CEB4E72F8CB13D86A4AA68116E26387B93FD6738779B34FEDB8E517EDF2BAF28D9BE93A1D3A164320E07D42E514725C29515FF361754213EDE06B079A2E99EB1CA82A02019EADEEB87B9AF005BD04BBCECB14AACD6B24EFBE482194A97DD32400685FF1FEF1544D1B14EFB1E7F08E6D2CD2AF52DE757F
310
35F5E62332EE88EA26417AD5C3E0E319D68F25414E6D672BD4522B278C57D18F0113921C71D96527E091F00CEB15AE23D24667369BD3CEFA10C7549D930890BA4366F4EBC55F01F746109F98ABCDD5A3EE06619C6AD78AB33E48E4C9BD21BF7478B385EC05C4F8987E2C1BFA0A60EBEDAA0AE0B015C2720ECE180FB6F2DEFB
310
EB822D96338C9B63822183BBF52FB664A7AE57003AABCE512BF77E7E31BDA2E739AC4C131657DDFE5225E900FB56CC01CDE808FA4A9C9DA16AC679656BB64796283D89812B8F91136AE18EE5EBBAF47A73BE3C153EB5D4CD491B4BFB4FE690A4CF9ABA08C0D8AA64220C438C96EA6CA80B58FE5761E697B3A292EB9FBDA502
310
FA863E49FE694ADDFFF9D62C520BDD1A22014147A0903A05B9B729F54272EF83931FEEC057BFF8C8055C279EAC5C0011804828734024F6CFA319C9CC6867C727184465CD9BB7ED386AFFD96B294A85E3802FAE47244602D8273615952B98C4F23F7EAE4463D9D638EEE374A20959E0FE519C4CFB0FBFE5DD80C2AA3F9DB961
310
D1BDE57E67C9BB47B77FDD74EE3094F5DBBE3EBC1FBDB7393F5116263009E2EFE1AF9A221B2AE234C902BF70E9F280ED23E73908361565964333A3F01D0B006AF32FB21AA1316744B489D5A198E85299241735BE559675130955C902A8ED761FC0DBE337A9F91919AF5CE32AF902ADF9AB2615E00E8A94586BA1A90839B618
310
32FF1BFB76D2EFADE6DB1BA04CCAD3DA649E7E2A0219F592E22F2AD54847EEA8E42271011E9074F8F3DD9FBA6CDF88FFC9FC7E811AD1CA8F4557CE4AFC7BBEDCF0114A48689F20A584520C74DA8127124B767E2FB91A6B186246727BE63C9445BAE02088D58B8EFDC0F1072407CD9B89A13F6303B4A928F593AD489B58E686
310
9325790ADC406036C591729FE14021F94B7796BB11848D463536A092A26F077F94639F7CEEE2A724C66EC885F4A24F8B8A0AC321F8FD149BA529460FAA34E4663C02D41FDF80BCA222D42F0ABFF8490F4FA74C673807C2051D8E467B47B616072860069A9A303ABA9B319D58404461401B0A0F9BE5E1E151C14BC33B32ABE0
310
3DDE91708DFAEB15E7C0D593C86BB7D7EC17BE56E57975F077BFD5525F3A1A361D584A75E08CF29FC7B44B2B3085014F3A5A14517377C3F6B8F37E59514C3B12F8AACDEDDA4DFC49BE5710101534CD6FB6DE15B50F11A09472AABA727F0C49D9CB906B158030065F48EB3625E010CEC1D511D0053474B11E6A4F01C0D6EF1B
310
ED3A944FDEC70E0DDCDC756C86545910E0DAE3BE3AA9A404574C2995CD5CAF9549226BC94B4F4F0F5F9086F418F6B32346464610D8BC7391D3C3A3CCF04CFC1FB2A3A3170E369511868F14EEA4E5E438CC73DB1F3248AA94B6B2FF33B222FF3D1E7BF146CAD229770158063BCE4F5391964DF62F7E52A7BE0EEA829C9E13C4
310
C147D6F93FE59E111DAB5E4594D6F3CD1AD375EE039930EFE5AF2BB2D41C83C7DABD8C659BAFBE8FAB392CA634F3D15C1D945DB4588D2B0824A4EC928AAC565557CA2F0DAA588CA5BE30B3A8004F7BF005E96CBF891D7F18112A3619FDF530DC8AA64954258E1811789B5189B49B4EB53F5F89F7D37523894F3EB57B373763
310
C91E502F52CC99EB7BDDF933FC324C4FFC2561DFFA7339FAFDD0A4BFBE6D3A8FF9ED1FC49898139864602458968913181918F719CCF5A68B2EE9C1FF050E34E63107003B8120FA982C21B30A874E4F5E4B38D5A8290C4B8D9BE48A0BE31EA995BDC37AC6DE90BA17D259DEF53605D55922FEB1855D915B659FBEB350EE0DFB
310
2F9F766E1C84CC8964B75D08667445EAB966015F63A18A9E0A325C1B3DC628C0D3CB60F767FA93CC65F25458BD23C3B312716E5F40E5858AC06EBA9AB14F95DB99147B832069201541D09A0D856E12C629CF32683760EE855537D1901988D5EBC156676C7DD51D7207CF3267AF1D76C2AD867315E44618015313A98B19941C
310
696FED3461CAA9B5415F918556D7802EDACEFD6B2E45853A9735DFC9DBF7E440F9319F8B6805A973BCCDC76C069A9144E51F187EDCC12FC31B5DEAAF0A76137199B106EC84ADA6B6EE697D4E6A96E007417F4E880E8B1E89B4BCE9D81EF611E2ED8F0C1A6C25F620FAFAAB656A7C42D464880E8AFAB0E0FC8EA38CA9A8AEEA
310
EE3E4648BA4680270A89743CDD3E6C6CBF34B7B640EFA285ABC7EA0A1E28F3CC963D114A80123EE66D0AF7D5380EB41909B605AB4765B709B808590458157E69BA1378FEC4B48CAF6A730E3BE3C5EF2DD1A5EAF94B1DDE50CEB55DDFD7EE9A16747FA4B223359FB1FCC69E1194892BABB93A1D5C4E807AC0EA2E30180811E7
310
7A2291F6E7F7FAA5E0F60215BC6024E48DE436C511F0628B8CA189982D4D83CCA17D305A7E923C37941CFDFDCD93ACAF735EF5F0E61BBD3E6C41A59B242790D3A3BAC7064DCD89AA2E37214EC839820949D5CAA31E240D2948E48F690298974A96BA9A8432BC90F5071D6537C9666EA4564796B7AFFFA548077BEEA75F6308
310
3435074BA182F3699557397F71548383FDA8CA34D99B981E72835ECDA5DDDC151315173D05A21F651AAF8524E88209E2E7A737ED1045800CE3390050BCFB8BE588DF111617874C62575039CA588EEFDEFEFE319B739DE2EDC147092A262611E159650E787917885EF08F1F51B8F2D8A71D60B58B190FEF9541A1BE94BC19FE
310
A50784DA1419FE4B0FB51B8D36B5FF8E1286FD8AF42B91E59A5F1CC4D60174E764045FD8C57B18209B217F89A62252BD20BE0E63E12B8E8F029FE19E0E8D0870F58721A557082250D5424F7909369376E41666C0EE77CD87CB283F661D5FB6D0DA023CB67320A20DC7BE661E9E1BFE5463085C557DA1FF9BE835733766C3D1
310
39F2CF9E2208873AD0EB4814DE9E6BF2CAF81614D4D43906ED1C05A3265CABBFE192770FC2F64F940CB6B17B5F166F133C9AEEAD2641807C3E69515171DD74C4A85311513D6EC9530B3B601B6BA3EBFF3B5C3D2F7D69765141E345F75433953D013ADDF8F6AA7DC3F4A7563FE5C7D367937E2900D7EAD0F9FC9A4A1A9B5BDF
310
1FEF08532660C01C5D6DE22199AA774383E306DAB87E301ABB7D213887F9869D4942D0D71E94B27EDF216A318BD488D45DF84529EF575AF3C3938C0AAA0215B01994153E2054A0B894DA5C784980633AAD48576957CF4AEAEAFADC7C587368551C73DBE1E57C58AC713303A8BFC258BD04B51724459FF9E24C03A81E0E0679
310
CEB9B348C0DC998FEB9C6D6EFA77D247CC8F92D3848599ED89A23218D0636465AD1CEEB7DC140D7426F83491C4E8E8281C2FB35240918FFECE880CA2A42D70E8B20B34DF5221C7DB0CF90ECCB9C745B37A47E9B716FF7A97B7A252C1F3814DC7B1E1A7F72B8751D524EF7CAE45B0C73B3BE7D08ED39781B380DDFC9AA4A474
310
9C9493DB5BAD07A6EA6C092FBD0E85DB004DF06B8C9D3089C5320187E4CE1846158C7EA7DDAE8AD9AFFF21AA3A1026BB06A259845E8232DEE62811A4DA9CEAB3A4887320B76E2AE5615EAB7BDF738CBDD01F1E64064BC13D9EC53576751CA8CACD58B3CEB0E6CA585BD089B2A59B9FC101403387AADBDBE70586B93D64BF3A
310
D4453EF9C3B6A93817E8346991798601344F79A83C51F3D50F7BF2683A3605F51A72449489E0EE6169C749C60B1035651103AEE24D24E51A759C840DD3FC6504DA6FE107510E447B43461C79D22970B75DE5E1BD3007D1AFC619A4A4A69B5626AF5E9B8374E20677F77E2F8E73DF868E8BEC7EBA7B6A75EEF7205E1AB9486C
310
B642741D6E03FF13FCCEDB1C4AC129886268B01CDF4B124AF797CF784F3C6DEC97A17D4B558070A0F1C04DA4FF9BDBF34159AEFE958479824B3F58EBD1E19088A2AFDE501B6F2052368A3FD0E650A179EFAB1561E1D27527077136E652676C3670F42DCB3352F48F6BC86D2C3B0051727E41A0A4DC6CE2BE9D47F5CAA2935A
310
3C0539AF080665997194ABECD723B08129CC5B6B21D2E7D54CD4D12610E7E9FB8306771A89576C7A982002775ED44F3F744CF21EEBB27A631671D921938AAEE3EB0D19CD1E083727F607823E817BF599DCED5394E37EEBC2E88782E638920CA641EF74D4CDFCDEF06F4278ECB18E31E7E9876F2D783C8BF429C75395F57E98
310
C2B495A3DA077EB3AC3C158608B6B57FE3EA48484D9A480096FCEE0DE880950E7E5A5714131C5C41AAA29FD19AE81AC145FA1B9E85C7169A5AB837B213493DF7E9AA4B5FBF9CDEB36EBD21EF1181B7CF7366AB2A951D01E37AF4EB835D1BE8C117CFBE7625D2EBCDB0B20C5A4B45CED0BCDE3EE8DA9DA78C2E21DEAAFFD119
310
7E463C33CC6A80FB785669B856EFF7A8CCCA2841B5A5369173320B1170C368B2748D81062EA0296E5E2D95D7667A4A46D98A6FF475C76AAB0A8C8D45E226FAFC9FE0133EA9F60111F99CA81ACE03A1D14C89E8B0D69079C91464FA1D99E651D0EAF606F345C42A8A1AA9BA391031582B96D5B4176A77AADB01F12FD298A75D
310
EEBB2C82F0B8650E880722F8DDD90C56A7A058E5FDEF1AC93545BA27367C76F5D8F9690CB6F8DAE141EDD7971F0FB548A2AE435F224D6E5954CA155512F7332029D5A1230854B79F258EC5FFDB09F5F6343A8EB193229B7F7E79B3E48F8E183860B38C8269D1B53738FF1E0BACF6AADA6D4869E9DE708E79B5DADCC09B1BC7
310
6F649731CFAF59A83FD8BAE4C749D66FA87A3810D4D62FFE826FA400C0F325D2BC0F3CA35F5847B82A2ACC7961745C823E4D863D54460AF792CE6F79B5C7A33B25C3AEA6CDE15A919B6367D781E9D44F61BF828672594A3E1D9EDD6DF179A81F27EAC05B936575D73E05C209DDD2115CFB705DF9BBF3C911589B3640735E9E
310
618FC9C36A7326C82B2205E244C55D56FDB9D5DC93CE958D4BF8174D2B3DA54CB3C09F2C2A6DFF73D23B2197355761AD421EC581284A7EF8DE2CE3497C0C804D49B41DFD6A7360844E5BEFFB495CFCDB97A4595911CDBA623274CE852B5E278AF0BEB1770E9D37CD977B2766A7DED0E94B840E1E95E8C77DE5CB6354AF7871
310
427C28ADBEEF7BA0A28E19DE9ACD75F379FE373EAE6DDDAE3834692F9C2B03B4FCA8FCA9ABE8EEEBEBB725B88A7C90941E850682CA04061A7DF0CE82ED49BFAFFD42C309818FAE14755CAAE78B0F73243ECCCAD7DF58FCB9CDFAE7A4D3E6671A613639130D056C8383C8F4FCF4808C331E544DD26E4755D09EA05253B3049A
310
1E32587CC25D72E073E2CD96D04A71BBCB0038FEC3F53D254199C3CDC67CD66640269431860225392B2CB3ECD0B4498AAE78BA1994246AE1EE78F2EDFB79F6C6CB6B5E279C4D373FBC21CB2698C9ACBBEB6A4BB6B39E16AB0E421CCBFC7654D81ED86022F9BB522146F9F4772E2D0E4FA70120C95A85A417BF5078B232F475
310
4363EB1750B2AC2148EB46B1EA72AD9B4D23ADCBC589D70106C3EC2ABEEED84DFE28E718C6C83502C28E9FDD3B09DA0A6F6F7B72B706A31C9E2A331EE70DA56A083D2177BFD63C55B11D8D949FAFCF90B23A1E24B9B5018B9A17E99F2890EC302F330FE7936E2C23F0D237EC8916F5166AB84B62A21BB0B950146962D754F9
310
2CC2C8877BED8FC7B7B25726DD19545392570B3A2C66B58F027BEF412E552D12A588C4A3CC5C3193FCB3485EFFF700D0B9EEC077754A33DC1FB9E25AF814628F91DDFECB667D3F7690803F38D13F8AE39353523BB08FC6760144AFA2CE28236F65EDBB3D5F59A57D612B99E3D7E5F8A851666BF9B5A6658EFC96EEB37A378A
310
BB0EB3FDDF1303AF32C41BD1C8560745D7BD81066B0D6313359CF488563D3BA3F8E2185D1FAA3EBA1397C9D0E3DD232180A4DCADB6AF25DB3AC3CC26589C8239E66E81547BC7E2F328F9884764CA37EB5DBE390DFC03A5246B456A7C3684C4377D0EEF9A350680FA9A077E8B2957B489E09AB1AD41316944C2254B5984830F
310
691C93CAA767EECF976FA5647538830B5E63236A6F0365C1E0F3E327F24FE35EDDBD7360B0F7374837409F7A6311BECC12B7026D4FA1AE204FA3F5FE904B1F420C7A9044AE58E403E7C4848E7DA25DC9EDAC79DD756FAA26B9EA83ACE8A214A2612A22AFA19DAE7DBAC5F8CDE1292A485F98DAC731A29FE01A3966E96BCB9F
310
B5A4C8830E1B9AF0C54B87FBE221A097036E5D28D1F869F810C06A9BB0AC0612F69AEBAF893C6E7AD59460208BAB3A6B09CA4F6BDDAB8CF0D1F84B72487498395A70DCD754796E271099A567A55CF242BBED64696378BB6CF25EF0FCDB589F3A82F1116D010A9AB9FA4358809EE0C973A2B4229BAA876A70B03AB49CBA7FBE
310
71DB1832FFD32F9BF2C8E98075CACAFB36921235D0F552B6A67E94E094097A5D7DF681B40623DA535ADA7A9AD8E9A62407D7C9A5AE51D62A17A83A23728DE86BB56115804D3F2675F2C6B87541A0FC497BF0CA86420F558C9859EBE9FAD62747E323E3AADC03FDCDDFE7407B09DA90B44E3185723C5381EAEF589765E2F7A0
310
99BA46695BAD60CEF3491B8A171F5F56444F7CE9455312C3498C74173AEA0214EC029833B34B650CBB5A5508D5091665309642791708ECF27CF11DB3D797D6CFE474453BD4BFADB768094B2147814D81C7CBAF8228DCAF5564B5891F5EF6A860EB2E323CB82AB868D8EA048880D63B0DE5341F1B3D53297B928A11E15F25E5
310
148990F710747C3509ED14909C552EBE3973246FCE55D00564D8310BC3EBC5085D08D806799B77D6C57FDF5E55837F9E934F09C03C729271B64F12D0A9F9E938107CAF7BF1EC8CF1BB9B42363D33070F4CACB425E605DDB0A34A12BB936DE286B9887A4E2E558F0886498BFF49C311D96C277CF6A9FC0D75AD0ECC5226D7E0
310
E3572012E56D7FDE4410CEC7A6D0F997F225A2055B8B92E3956E875AE4993CB3D4C9063AF98FD45E1BAB165640A43439A2C9181A7C355B297C0A0CCFFAE19B6FA3C2BA238A885FBC98B8F6DAF4B94B97304878DF4D8BFF6A4AEDF79E90ED4E68F00CD7299F4E0D83E35601AF0CBEF18C1E870E74758FA91F5131075004DB3C
310
FCF09AE1DABC11957FD9808C92E8A678CE9DBE40DDA0E0D1D505AAFBCBA208232BFB6FB3704E8985E61ADE53DE74152F5C7DE74B1DEDCD37DC3E8FB30D7EBA8B9EFFC3606BF90B8D438279CB7709FC7C00D327F41817EEA71CD9E49FE9C8C9A81C70915D9F0F15958EC5AA4C3BBFAF46986B90F188BDB24B89DE3C6F29EC3E
310
6F66D84856EE96A35E657CA41B41EFD8DBFA16AD6E91439EA92B40B21C053249F51AE50EB0B24C770FFAF40DF12C8436366819C48E36547D4E7B72FE2BBF10828583057814A668BDF183F6B2E58DFB151103E56303E63D00F39C27C4661605DB644D19175D02E3F0241E8FC3458D17AAAADB117CE9EEA690D0DB01E634878C
310
04C2C9310B69FCAB831151E3AD293BEF6E46B0ABCECB50F5939B39C613D41E81FAE8D34CAE3C4566B761D37185FE864AC32FCB71AEF39DAA5BAB88609BB980CD2F07A8F941653B529567726E2B2A58D079DD57E1E5E31426CF184A04D7B03B985F276D47406AF276FE32E3328BA866EB1FD39BEF57863A317634AA5FE46740
310
9B3873F5069EF0D71AF00AD189D17BA1974ECDB2D623E9E14086386A6AAB5807825C37B015BFE892AFD154920EC437EB945D958E18622E1E0FE2FA06557CE4BB9BBD05A2D40E774DA2B65473791E314B7D6C886820B2FCFE4AA272B3B8B15E7344A145E8AF919B5454D89D36D413E87211186BF6F645E5EC94DCCE8E1C7990
310
22E4EC9BC86D7A0F2AFB1FC4B2CE48F84B3F49ECE65BAD24CADCC07EFF39AB06BE9E6B27A059938EA7208838455383DDBCFCD967DDE4650EF92A14FF933C975DB20BD7FEEBC4487576485963D757D16340D9599FEB362F775F38CA4185A86F74B629C81B133644A3B18FD056E997E0734F9BE26D11C0AAFC669E2AC9FC41D2
310
81F8B2E1C35AE27BCE05F3DA295488096688719D974DF1B5D182DB7792288697F8763CFB43562C1CDEE11C4AABD5C22B6E33F6F389CFC3477C5919DC0D533F8A7A1846B7ADB60ABDC26C43D0CFC8910B7C15EE22675BD02702ED39DB77A87A192CA7A543E6205B979B9F5A6B512A3CA799E198B2D5797C0AF8D1D872CA455D
310
4D431A7879D4DD76110B5FF7F4176B54477A9EB5E4A5D11214FDA585F0382751D8E2582BA5D2075053298FEB8F1537304E32CB22C2E2B693DC0A760B1DFCA751BDC445AFDCBB12820ED85F6D5298933C7EF1211E9E057684056CDA3FEF3BB6052355E162DF27C59E965A8DDB7F9437EB72CDDA3A090DE65A5B2F50326247B7
310
EC67B73ACC7047FC9B353D6EE990F772207C6EC52B39DC2F3C0754821DAB559F7C1809C7D0DD5B0499D0442E0A6E391B3D5DB46D11E731E6794EC77523FBDAA242ED67F9FA1FB684255671F63C9BCFE6E7E896D51001A6113EF2298BA494E0B0980D1FA5B9D60796554C02256B1E0345FB7C6186B6A19D2DCA270416262845
310
FA4F42DB5D9B0A0B6F07FCA2E56C242522E001E0CEB734AF310FC8BFB57E38E03AACE93B3326A2197891E68452B26A6307FDABFEE0223D3C03C3C73D2D5BC054C8311F12004CAE488E5C29287F8156A2CAA4AD0D7BE6B97264E4139F437CE73ADF52E5134C52B819777C18B323A5924E4F67AFD13B1CDC3A61793A79FAF5C0
310
CEB718E441071E797C6DCCB9EFCF7E4A1E9F3DF3C2F9C9E8294E9586868788C972857FB0556D7A26941A7EEB9B580AD78EC40B85DC906B4120A563CA3B87797ED612D3B035962BB75F6515A393F4CB057F564CDF54F2E5A024514E6A1F901DB80C7E70B1FC05E356A7E72FABF4775B3E3FB8F70A2A8E7B6A94542BB3041579
310
78CCC999E707A29CC795E67A59CC546A5D47B368954CA7B6E75EC9E1F6FC73CE3B4F71F8CB1A6B15923D61EAAEB14626AAA9D04A26EB9C66CD1BE86CA31A5D8703DE04CD1EBCE4F5CCB62F93909AD11E55799A781A956ED27D3E738F4538CB04ADABC7DAEF20BC35BA6A90BCC1DC61BA05F20D8832FFB9BC9B15E2DB838A0A
310
FBB7E0C82A562127E0446894F427794C3037186F622BF24DE1B00AA10A23BFA47B2A180D6DA5AD6F7326FEB8C100C2D7142EB2A0B2A9D1008A09BA343D70E054AB69E2A7EDB783CBD92537FAF4A44D1296AC2792729104B3276C276C951D0CF3CF3F1E6B017720A7B8505A5FF9589365979678C36F1BAF759EAF57C60F1FF5
310
FE9DCF5F8E764FF25A2D06CF25117A8FED51884C13B2B750DB0E4F5E3D64124FCF11F0AD8F1CC3B3DA4B38ED22BF1CB2585EE6BFEBBA63FBFD44F9537B9B37BDD6B358720F98A8125AED4349CCFEB0E135F19E208A04CA7E2B10711185D72E381F448036EF57C9F874E54A971CA37A639E986AC0226DC5AA00D5B14FEA9192
310
234B3DE617814FC221C92F33F1D392F297731B567FD98FD91D989379AF567A65B8ADF177591DB90FBEA99BF4ED11B16E50A0AB1DBF1156D034BBE04D69D08F939D8E92BF525A1DDAFF80ECBC95D8F45D3FDD289FD23F7D8B452F8EBB34EC082DEEE68E18EDDF072060FAD2AB1504DD4879BF67099FC58F6E9DEFBF645D1633
310
4A3E9A127C6F1AF6132CF287E433B43A0EE93812B4AA0B194E03EE3FF91EF9C6ED0074A2F6EB18A96A7C9890B1FCDA1F2095E944DB911ED54C60DF16FB74C8CE9BDC7C54C4F14078CF73C2FFF1F1BBCCD7CF64F71407EA1683DBC410D226627F66E509060D5C0AFD611DE681D509DB8DD12FB1265B03C6F5C55FF4C30BD941
310
87FF692B4F152982502F193098A789526A038AB529A52BC0DC4FB6285CBAC10A8B8DB75DCD9BDABBB221E27D1F8DA9F5EE5926A1C8AA9BA9BC09239C6A7F12914EA3B59EFF7AAEC3FFCCE56F1C5C2980AD072793527565E774F4631DB178CEEC691B1F367BEA0CF2907E1D6B854D527065979DDEF002D8B2ACEA7CE21AE297
310
737EDE1D45B31233B73FEA35BCFDD0B09721FDBAF6432681F2FD10C3E9EFB246FD6E854B344ACC9D8A0EEF876A7314B49B6A499FC650B099D650DBFEC7638ADFD245E2B7839DA5AC5F7D5623FC0ECEEC8653FC9B2BDD1AD4D00A566FBA7186DD3C9CD26512551637498CADB950FEC71ADB9A5524285DE328B8EC7EC75D2345
310
AEC6A27C42AF6D9B92155315C80DBFCABBB7DA0FAE425C4FB896B15C9BFAC4FE67DF5A23D30C93DA4D8F36FB15D100050DA6062E22AEC5F4DAC4F6FEEF97AE05DE63C6D38F9E068A20BC5E3B6BCD75320C5090924E7F93640A7735B1A43451C2D91EE62C6238B797349E59890AF3A520DF4A87095F3ABEC2E61F0593416CE4
310
6CDCBE0E00E2523FCCD04408588B5B6C9DB6459C786CE378770B54F51DA3A5E1DF2A3349BEAAC234A6CF8993B598B3B25B4B113E353A4D750FA7534749430F3EBF2512E7EA3FD43C6AB9A1F765A58463B306721A15D224FAFE8C6F5E3432D57EE697DA0DD5A9D4866A8BCCAAA9DFF1F06047851408FEC060471D0E3EB86BFA
310
F46E4B5E60311DC3E3CEA147C75CF971BE74689507154FF2D2E92F15CDB2B9182B11459FD8ACAC5A85F174BC94A7F4EE4C4F5CAFA7C02E37BF0BC77B7DCD0C047BC316F562A01A441AFA7931CC84A28CB9F4AA367EB515778F29BFE61195FA671F4352E5E46E3A64773F1F76EE5EB36D7BCE9BCEAD837A4D77F8DB8C92AEEF
310
6711920D7C7D0F76B0FD0EB7AB83724CD35BCA7D36DDDF5FBB7FF6F04A91F3E2BB3B8F1A43CD659639507FF6331C5F697BCC782AE57D757A27D97F1AB9E0AEDB43F92F1B2AACDF5FEC8ADBAF9F814E2027003BA2F9E144B1938A7A04050AE5D953B82C45619165C813A10E76DD6906B3C16438064D14CDA713AEC420034613
310
E1AC7241904A49FBF87409AFB1FCB9B72FE7933A87D8FBEDACECE4EDCF6A4FE9FB94D5DEB74FAB7CFEAE17EE965DF980DCCA2D04134994F9A2E94D2265DA4FE6AA7B7AC15FACAC2B5ABBCD7DFF542C5314FDAB2E1B9D8B65220B8E2B638BE008E8DCA22678C820C5053664D15E89F2D735B51A84955E81A443545E9FF787BE
310
0FA700A76D136C27DA179A7C6E8939E01BE756E19CB292798063D8B97F44E8A27BCF3A614FEB8BE974A718E86F7EC99B53CA35FA24F61F2B07266684623A3D4CF073E511F3A10A8FDAFAF0078C577F4DF9D339FE7862E5FA47CF4344209E5BF76D783B1B48E152AD281B15FCB934DCDA49CEC5706B1EE8B460F435324A5CAD
310
154725E21AB8044B75A557A79F6C807B9340AA3D92503E866F4274412926C8C504E4D5EF8C0E68DD0B028781A6B4054F11CF18941F101C57CCC796773ABC8DED9CD91FE5788806C05E548895354AEAC96546D55B0E94A59F148D061F42AA398D822CDECA4CDE79E13469BDCC44FDC990F366BA5978C15F97ED80CBFD73B0CD
310
9B8B83A4F6845BDFBFAF034019473FB9A63BD55D3A4A7284757071574029A4D016DCCBE95DD679EF3C4880BF169422F8C89B68A988D2B13793CAED4F74DE7486C72DC94DF46B8E93D8E02EFCB1FF9B3BA10C8AE7F653DF94F4AF466CDDCEF5776687F7C4C14B63E4EED1719DC2EC482D7DBCC7AE518CDE3D5FF86D39000EC3
310
673C0044E1D308BF05F74D1B5F033A7D1BE7F74BC55BBE3E4A20F920946CA0271EB17BD2B80E5660ACB8A29A79F5E4BBA49D4D945B6EEF4A7EFEAA65E5555BBB57A7E15D2F83C69F30BBB978D2B39F1F26FC097424D39BB33CA3D87ABF64E307938B685BAD44F71556A30B7E712CA4FE600613C3E554B69ADE949A7CFE214D
310
F1FFF05CB82151EC6FC31950239F94CF7AD39DC473F6EA356E5EC2C4EFA04383CEFE985A127484366FBEE3C0EC4FEA363E4F6632AE781392FD45D67B63FB8DF70E82734F431FD3443172A0E30A83D60982D55FA6A2CF86DBA8382502ACC6CDEF3B907982EED1160E14863FA242F9757347E1544275CCDCF71ECD5F8621CBEA
310
326B8BA884AD7F825781923E66971F04010D574C541D8427A438A37EEF8AF88240EED7362C953F5A81DE2D56109CDE2524EA0F5D2F87308C0C47BD97AD605878AB8589E17CA83930CB5E0DCCD75853D68B1AB136594926DE426C367428E9334AFAFF90ECE221BB5DC9E5BB53D2CDEF954EAA9CD814F0E5725F1965DD458E5F
310
8487683AD86B9D0076BE3EE91EB1CECC5331A67A3F79D8B27587C12EC2A6A70474749F27B4C0BBAFB94B34189E88DC18964BE4121B9137FD516C7755356E50D6714E31ACD222621EBBCD1CFF81D87479056A9DA0E0B8EA19D24CF937DA89F78E8650CCBDC110AAB6C4E46DCBFD0446BA9E2060E81F314AC2031E88135E5476
310
AC0160EF5C0DD2EEF1B8B5CB2D198BE9A554A9093B5F7D7E4B5407DDFCA1D9C152FD97F55BFFFDFE802954DFEC8995B983E28AC92F1971E28F531DC407A1280EB125F64A72E617EFB27DFBCEDCDA2D6F2BDADA36873EE46B9BE1782998C63DA7182BC383FB6FD15DA472B175D7E8B4FC88F38D6E07FEAA3FA3CBB8F6B449EC
310
F14D2175E5C5CCA3A42ABF24CA6C9395AF74535F4DDB38CB84F56614B0FD32D7E19CA5CF988DB4449C40E23DF2B16772594554579094450F56F253CD25EA7F77366FB1CFE79696C428BB64D5A41E986189427E5E4D7E2DAE3D5BB4972B3DC44EAABDDDD63A2264ECFA5C786EB0EE1FDC5BE34FA0F08376869FD1E61EA06CAE
310
15191135445EE8F0394161C3266A596AA035572BB0C8876180D8B9C77D307DF9DCDF7365ABDA6F3A2366436457A4DFC1F259666569A9E4A79C817BDD5610E5200FCE894A358EC72858D50EF67545DA81C6FACE3D457BAF70367E1E6BDD9A952FB4F56247F58F523B97E640246051A72F79BE42FFA0B3187F63097F91C48B86
310
8586F714B0EBD5A00A8412C1236E1298F60C72BE6C96B82B404CADAA304AE9F303176B14BA53FBC2D5E86377E35542019E24D97B96A49B2C0E5006E7795954DEAF5DA58958839043C6C70BD3B1B33B6DC5C31316D8A6923F142E26F6711A2258AF977DDF1F970ECC4F1F2B434B96D81BEB6E89BF3BBB3C7C8CC80505070723
310
D6D7D7D3C8CA27CA164A26024FED94B12A86031867241DA53D929636DA600F050BC40CE48B8BA03D69224720DEE2ED2127390BDF5E6EA64527BBD4C4C63FA76BB801FEEC0E61218EC98A8A86CD8313781617877E66692839B9468CF4DB8E50A73986E558E309C0D6F676F921BE02F1185454DC75B111572FF9D27D85EA14C0
310
5AD7271225B391C4275659CA4A43759D0BA44639BE4C30A84DB7F67A41399FB95CBF923B1B1672ABC807C1590557FB18D811983FA97F5E609516D62281D38B1281F68FC75528C35E4CD7DF0F7DBB5E5DD69C414EBEA2F4A5B241B996BA77AE6C772E367408C633EA3E438B68563EA8BE7667F3A4C4FDEEA52ABD78A2820F44
310
3B7914A15F180018D231E64519C56A12F6CA7C8DAE18F06F6B769DBF92329EF6A5D18FBCE600F36BD8E8198DE5CDAA96181F3A756EBA5501CEE58F497EA4F418A2B82565B9BCC611713C0B708CCA1F398B78C5F7D03B3437CC18F13061F55C7BEDADD5ACB1DB0E36D3CE47FF6EA1A563A57E9649EA5D14D1A50EAA45746338
310
1C073777EF1600607BAF6428A7DDC079D47A204EF1E1F1F0589FB054D45E02CE623B3823C317C601E589E22B1E88B448524B86A82828E32345EC18AE17214B42F8C41C6D428016D9BA31DDCB47572561E5A402E5BA4FCE55F78AF7268524AA04130F3A20BA5D1E9F9948EA48FC8F5314FDB35E21898198060034ACE5E3E2BB
310
CA34092518F275190AF65F45867FF0900AA4B81F25427414C372BF51DC29AA855C5428EE1EEDD6B849AD60F6E73475C2D2523F8A2772C840A478DED18A8C5C91B085F255DC4F54EA7AA8947354FD17ECF8FB3B4A0DE7B483CAF3A1165EE05BBA413E5C1FEF3DE1D6B8F2F3F3251C17D9FCAB48A9AAF63AC773A0E413BBC46A
310
9ADF84A566FC920E4D8C52C9769EE3301CADEEEDD92B312E02E2A7E35B7F1E7D203FE5A7D75578B06E99D0E46FFADB8FDA17ED8880390DA29094202D6F645F76F6F96409CDA05495A96E84B04A00D1A6C6C81D7F3DE9376E828CCF144EE50E364ACCE7237EA0BFB5607ED1AC3CFE73794E5B61739D14DF1743441B1AC98F00
310
ECEDE9E7301FA29755FBEFA68C91EF2B314CF510537EF1ABFC9A762496280B546F5EDAAF8A5B387D469FC9A878A92828C88608453ACEC6094DCA54111E7AD5B2663DFE2DD151B7F123B9F4FEF8EE36AB125FD7AD52A59B1B765B3E3F73E3F73DEA93875004D2AFFE3CDE9493B87A9904DD052028949041A91DC0E1BA47BA71
310
4343FD5B25E0A6A09503AFC17C790058A836A324FE31D7893512E28230332F153181C1E018E1124EBE1BA262AA428A518237D1EA7275E48C5C561BD19ED6912EDD8367DA0F31E40EEAE9683DA9257525AEA7B632B97119E17145A90231768A4F3B9120FF32E8319B015E3CBE26F1A754177D8185345817C096B0CE443A955D
310
13AC15E1FB5DEEA0239EC32A3C92241A237B0B02FFCB4F93CF2B02570C8D192E2F2A68CEEB42F12E6F8CEEFF46C251E22B4341C56FB08CCE550E7A9D6F4D6564B9EA52A83D5BF2C6E03FA19D2775E15A8A7ACF30A13C259EE7F5EF2AC3BA354F1500E1A07FC63FB4686E2F12EC69719F9ECF5FE3F35598DF2CE944008CE78F
310
0911BA5BE5D0A34E0098FF038669C26030BA9B300303039852A8F6F496341737CA7E0D2E3AAA36DE0A70AA7D9CA0D54D9AD84B18A44C9E625475E1C97B93BEBB38DCE7D227E67A2D00F531436136355F243D1FC0D712C5765754FA22FCFFAE97919161F46D6E61ACB37D83777B385889770B50765B127768443A5C4D3A4E35
310
A3151111F146B7CA116F918A049F1C272F2CD7976C69A0068773451659A97E0F4A08FE604C3FF6CE7385DB19F4D3ABC8A0D80DA8A42096AC377DB49382B36E270B6FA7570188B4B7D1DDDDA82ACA487CCA5D38BD3BD039ADBAFA4ACFF27809239B722081E2EB9F145320553D183F28471C388BC8814E5045676767AB58A8E7
310
2D1CED2CA731379515D2E533E4CF0B39DFC625F97AC4836831A4DE330E87A8126FA17EBE583D614E71E22A8DBF2825599743E0640037303E8E1B1E8EA4E1ABFA4F62907B5E4E0E5DCFDAB417C36C6848A2B8D15F1E505434C0707E16B1CFC2A1C36A42BBF55734F8F4301DDC2A5110CEE8C0747F69519265012A2174BF4E95
310
5ECD4FDE095A3ABC70536B7AD0B9D7892F81287D667C108703C9B66A221E9A0929D030008F77FF6F5D2108EF5706FC87A3069B976F7C9FC3239D13D283CDEA83597461079FEEE049B0F392889898B7D87D31F8D60ED7B56B91823A8E4EDDB36C6172ECEE42BD42B12CD67994FA0F0DFAE9389356F4CD4425A4B8AA55CBF7EC
310
D585C6A2C2316791E43D5C06841ADBB226A87FD61515FFBB0167B74E56BD7F3E90A57A97FEDCBDF483A0D6699A8C0849CAEB4947FAA90D8E332D9DEBD9F4738C37DA0CAF9CF3DAA68BCB67C420459C7A64498D6E848E5CADE92BB6901F607AA331104A67F7CD650EE169B1DAE94D2C31C2F993632259B6957E246EFE4C5481
310
107B07118607700040E5812A2A2A38DA0076875258C753F60E0F2662C748EDD5F3F3686B8FC3BD6FE631ECCAA1E8B1C1E565AD117E54893E79F4672E32F9E46B2A183DFDCF3EECB4D4D077DBEA0DA254D256045109670050129E9B9B1A9E4A11344D61497A992778095151510C4BB7EF2009B63AA4360635312E4CF668B7E0
310
D3D85A8688E2BD83B569439892ADB63461930D428E0DE42E4AC57CE48DA5CC1449530D8BD3D6A0F08DF20C8E8F570F2CFFFCEA286E30969B4654D498A58D9DA782E19FE3F002181838925592C4A1EF0B332D88B61A92C644547BED490D3A42CFFAB70E36D961F694F6307F72FF15A1C79D5B1B5CEFD353D9E2B52566DEC8F8
310
F09CB3E8359C0F68EBBB7898243E34E12A015B2685AB303C04D3A9E00671FF3DFF0A184E4A2ABEB2B666AF5B3A209C73D8EF29DCDB069C9F391EEE9DD0F74C7BCDE16F8F02E3B8816122BBEB50665775B600549D8BB33A54A6BF940C028118BC6878C79958D6784F9DEAA6E26748386FFAF8D0D0101E2847B6563F5D8DC1D7
310
8F787BE00E2C941AE12148D4A81599FE8F68D4DA5CDED75530ADE138240300EE13B0FC13A1687FED6774662C05A2B7DFB186732F0D7A93545D8B0A6390AE5054D9CB582DA846D7A061B3358B45E2B52DDE63E114397EDB7E09233A579155D795BE76102CF277F4DF8B188C4F2879BEAE3C08347124BF9ED23B128259FE107D
310
31E34A652F090B30B39E0D9AF917B76A2806135621A8A60681F16AF216514BBD02711585B5B1AE823F4B2D0369EA5B6BCB863072727FFC871CA6C9AB79A814D989057E9470A3D238BC87CBB4A0EA49AFE2B86F22E499793CAA9047080450166BDC357524561E258C77CB697F1ABB32562CF87C3B7AA12F911EF19FB3E5C022
310
22E887D08202A60A17151F5E053A86B437771088B4FEE14D652C43E8D939995D34545E12E2FF93D4E366EAD25F10CB7DED141563C3D0C447AF06078A91135FD4B9611583CB4BF3BD167F2399CEAB0E0100F8FFC305F00F1711717173138B4B48C83022295DE657EFEDD97F238ECA80F528AFB4F8D67AD4E2594B9A3AA86D74
310
87EFC313BA95745C186F0CDD84CC12DC9CB0424B42203D351FD9C0A3AF10CC7F388E0329279087386421F194F4A29464C1DEF7EF8BE515E4A199DCD5B909342598D8FE6A231F71336248D5CEC5454455C7BE383B3BC7B260FED27F703FDC39A170F3827239102F59D4DEE7FEF82EAA1A5E4BA94DCC4CC44E7E2EDE20F24244
310
E4454369D2E87C3F823F193FD4FD27E1C23984B01898D15ABC20711A8A558054951A6AE280096BA36CBA439603B7B0B4C45F248C14B2383B4B5CD8ECECE4FF859AD4A6CA2326D020EF090F4041D28DB66E5256B56232CC52829DE8060BAE6BBF37D4B7469B822454FE93210A3E8D15E69FFCF01123222611C51C4FD0A041A0
310
CFA2471CF6BE38D2B20FA4C3525B5B8B586759475CF80ADFE67A284AC24651E52B8E683D24C2622642F27E7C3C22783BCF63648BC398BD6CD0D9C97E7E7E3EACB6126DB7A6C1FD9F1031302EE67ED96F22B77C7CA0239BB324207559B105E4693EB26EC46182A92C9C0DBD24F29B31C5C5AC1F84300E0E17CEEAC15F5736FA
310
4A98971E2F1423BFCD68D4BBD5F86E74B40A369F39507C88FCDB35D2DD8DEBEA4AF999E23CF2816D204200DF6E611781B9884C1AC8888B4DE397320472959434323A5A36B22A8E1F721A270DF3BD65E4A31C11FF048AFB0D8B7B6881423793963A23CFCE935FC189ED36FAE35C46DA3574C979E4394BE52084F3081837BE03
310
3396D2EBD80F1F691B273F660D2B32FA27A33B1DE4ADA5F0FA4651511102DFA410DDA86E065272CA314D5249DF91B06BB92807B28EFD54F08F7B525252782CD276DD02E6B0319B13DF87B1F6361AD6B28FC0D711CF445429B9E5A433CD493051C49A9E03DDB1B147D880253514A5DED88009018620EE229101C041950E2D8A
310
A8E1F5F5438E0C0C0C60EEDEE9E3E0C051948C69F84BB7B2A48A1F3C8EB9E6864687F4F4F6F6E2FA87608ADAF9C5E117B7C1A737E710769DA1D15ECE6A84502AA855398712D5FB51BE92E4EF824969CE18278798AC303C2C7980DD2500ADF8FB1E6D6C2FAAFF9987178923334A244758BAA01A9A1B70FA5097D01E1CC2A58D
310
AD0EC94CE6430AA9B0C10D75E3C6BAC670EFBADEE1607739CE0FC18A2587E3EC3058562014C64219C69BC269082D5C2F4A659278D585755912176D78A1B641719C2A394CED495A1AC5D583FD2F5EDD93308EA7EAE8A6DD396598BDBD3D4CFED62D18A5BDFDE0DD5C80D1A89BA62697B131AE7CE9A6594138582F1B37D68F17
310
49AC7CB67A70695D48A4A056AC1FBD4E82358CEAE38F54B95A9016F9000F9879C0D9D131768635CA798895F27D6F1614F11F2838A83611AA51C9A3DDB539D42979C29F10465655C17BEC3E2760B80DCBF609198C7B171A531905F3EC218D696025975E986C6B4C666666787271F202805577DD5A3EF0CAFAF91B62DC4B2DB4
310
217A7606282F31D8DDBC290593BAA93EA6353AFA9939B877978481E15CFC9F2755CDC00C538F63A4BA3E80AE009B73CA0185687D339A507D165B74290D6EE46D5C58148F020C3668ABE9EF2F7549170DC80DB41FFC1D678FF19AEB10C7133832B104B80F691B3138F97A92D26E551F1F110400D45AC71A9B9AC41A1A1B1DAE
310
ED0B0810638EFFB511D46B121C6FEA0F38CD00E03CFFEB9713FE1F9C263E4DDEC160D0497FA9A132BA608584057FB15380825DE6C7FC3C667EE947D488A09898D8E939C4953BF4EC9836344D2CC6B2971B2A21A572B06096F4982D2CC7232D46E8EA69DC83722E267754D777F97F96D5DA74E1E75178084D0E70F12AD33E5F
310
71EF2AFA599B2BEBF60A5BE475F444F240CBFE8143C334E7ED9150FEEFEF7EB020C4DBED388DD1D6A167A76F3CBF119B578AE8CFA7736ACAFA4440A1C47185638A0D2F3EB5BDDEFDA958FB13CE4AA4923D5BF840392D45544329525749734866684BF7F8D9D54D892E19BCA9F829A0F8BFCBEEA6CFDFC61D74EA1A645ED7A1
310
FF241739F15694BD835B66FEC5677E40FE69BD3F91AE402F036537218A401CB0828604AD189E575015C6F3F6BBC8AC79CF6C70653847254B31551EFCBEB5978B9DB85D58D0FA41A9DFE9C624834AA04949D24B5AE6D299E072D152D12097920F14AA92C31C3B97E28B6C2E6E9C23D63043ECBBC0A60FDF5BD0C33C127EA8A3
310
308B8B6AFFEB28B4455BF6E7AF4FC6222728357EB8E46E85053E6A8843AB23295BF838ABDA94658FEF3F832F147046B4ACD6F7D48E8FCC9618582961C898D1C7A253C91BFECBDA6BA18A1FCF70755DCCEE2222F41B76D23CA98D0CB3D95F0CF66D57FFF65E2A90F5DF40FC3187621E981BD0BC1D992787212688976B94A8F0
310
C6EF646624B570B78E068826F87CE27041A95C9A4871FF65CC17FCB1639629AD6A9517000D63AC231F3D741CB8430777E7ECF80CE7A3F73C0F162F7E56AA71F4DA80A33CD6ACEE78E2C11FAC03DAFCE929B106F8F6B3ED2DC71FF994BD9CEF4E9A94896EF1B6E2B7B4978168BCF0847A3D2A4F1B0500B926E634B174548E9F
310
BAD27153FB5FC36799B1E6C7C38A94E1F9E996796D7B485E635D5287A2AE76FBD11A341DB3F8F810385BB7296391973DC6C37C452A9305AEBBE0CDB6C566DB59FE60C8E94B1FD090354BF51439FFD1B48D725228FFA88C84F686F547107A7A235665A4593B7C34D748C1AC8D56DD5DA861EEFBADDECBBD65117E65851F9035
310
1AEB65F0EFCFF4BCFEF24CB7A5879699FAC437A7AF9099186CF006BB923A59E37D7A36A29FD8D2CBB914A5E9D0A8FD212FBF796AE9A67958FF1D5D8B85F78F96219D4714EB919929241B6C018AAE0C02069F8D919961EC5DDFBFB7573E3AC8E08BFB7C8534BE6DE045B3CD63DBD71F7638BA2309CAE398EA3A7D8F98BBBC7A
310
EB367EFA5CFA27A9F8F2F52FE878058E6209C026453F8E7E8A237DFC389E9590F6059B397CFD65183BBF936E86896612A5B5FEE49DAC8455D026218AFEBEC12B3523A45B57B82C9C97E02ACFA1184DB18E48CF615DBF39C3CC6F0B4AE6BBEEA2E39D944E290302FA3DE33FA7E40296E2EF7BF1CD855BBECFAD0FD622BEE974
310
6FC4FDFDE545AE6E3BC234CADF83A0FB76DFB145BF3828AE3436368AC24989454F8FF70A177672C711CAA1A76107218CF948CA01F873520E7A2B118EBB161ABAD432932029628B6761590C98AB590C8C8C79798CE9F715BA696E839E9131A4BB68BE923F1747FBFF165331FFDD4D05997ACD168F12CA75348DAC04C7F509FE
310
83898A8B421181AF492861CE81E4A2DD0A30850CFA95E05F097FF70F9E777310D584A75BA7018922E271DAB1D785671157685B7D383D3E074DDB4F1E44EF04B07BAAC75A062077C54B9752C738C9D804D402E02851F3F89605AF189738C18C021D2139EAF72513824E10DDD3047BACC8521ED7E98B257D1166903B1B08FA6F
310
918FD7E162913FEC7D0EF4787E29C35FBA8C6E2C9C20E9AB30AE42CA2A01A090E7D010C1B5BF9CEE2A304BF3A987FB40D836979B79E18D70F257DA61E808472DD85B82761825779D6B90CAEB0F23360C6F80A7D7D77545E95B3DFF0CF96A827F9B5BCECD2C9698718417EF80FEEDEE938AFF55859D0D540B7FE09435583A6F
310
04874A0C7E8CF234DF4879722000167F5872CEC6BF3EF7E5A8CC8121E6A359227C8A29C95212F9F735BC72A887D56B8F309FC525BFB4FD767AAEC4AEFF249CFBBD2DE1AB9969A6155C7D8DABC307E47324C1F916C7BCFF40ABA5644E9FFB9238D19ADADA49D9610F01ABBA57E4DFCBDCCBB2B93C8953206C91DE01B0E2651A
310
6D6C31721915B31F7B7CBCE55466F6D70402788FA91D73BE4ADCBA99A35F17D6B83383704917D6833F0FA3CD45C926ADB8BC17999A4A0AFBCE2541F7B8CF4C2F5FBA611B3E626D64407CB32C122DFF4EF8674D6EDBB86C8F7C6A16D50FA685E2CCA34F8F7D1D8265BB0042E9D7F1F666F7BE5FAA5184DF58E12122A42EF02F
310
461B3F369AC746F96528AD208512AB56844CF75B97F352DF7995024FB02855385854F3798670D01CAC771AC3E1889EC25F61A20C1F8CAB46898817F9C47E2CDA1F286BF2F358298709FE567C91133E2638C8B53975E753EA8BFD3578B5F7186B7BF084EBA3F77BAC3132A5779902EC22AF2D2E79F42D324E083386DAEE9810
310
D1B44A5DAA54513C7A71E52A4AB9257D975B621308FE4D2141CC3DCFE946C154A3C1DFCCA7629EC69ACFA831634ADDA93C0388D2A9A2DDAFCF957C6995BCE7FBB6DC4EBAE79E63EB08E9A25F52F67076F7093CA545CA3053B5BF576DEAD4E0017143C5F759F32B2D6F145B52B67B48909B7C7FCA6586EE385A2189C16932CB
310
6DDFD9152AE317C430492A578ED27B72D85D40C7C93C097939E1B50F4D67F05334FE9DC362C30B7FF561B95259138ECFD9274C8D695C31B14D4EAA9F3D7FA8DDF652F8C5DEFA23284C799B7D94416DEE81E05A866302DC70192A5368EA65E1CED8BF107A1E2D3119A71E85DC1A7B0C1E93274CE04DD0F2ABC8AC7C987FDB00
310
2B6F81757B43502EF7A0D92E416494FAEEA4C9C090CD9557AA4D532F4996A272B94355C5A0E4974EEA9627476F30809B94D8D8D860062E02204643BEC7D0438AF800FC7E2B26955D595421E83C69E1A07E0E3122285835F014AD538188CF9737CE76D464A353FA55A001AB2526B84E985083693BC76FE211CA1D000679C889
310
E3C009832C87E1AC2EDD05C302557422DF0800E316FCAC86978A371F025A6C7DAA9F333E7BD160403A1A06EA75AA9888FF01504B0304140006080800A754C14A51464CB48900000043010000360000006662782F32343743364231332D453534452D343539442D424537322D3530333738453833323336422F646972656374
310
6F72792E786D6C9D8F310EC2300C45AF127987122606C71DD918B841D4B851A43646695A717C52A85029031293A5A76FBF6FACEF7DA7264E43906840EF0FA03836E242F406C6DCEE4EA06AC22492573150D1F66C60C640E8938CB705396EEDD86DE9B5042FE27813D640EA63BB001C722AF6E55CB61E4863F58284D5D3F53D
310
D715CE1C3985E63FD7F1B7EBDD617E9F1E504B0304140006080800A754C14A27568F8C41070000541C0000340000006662782F32343743364231332D453534452D343539442D424537322D3530333738453833323336422F6F626A656374732E786D6CDD596D6F9B4810FE2B2BEECBDD07C080EDD8157155DB49655569AB5A
310
3DDD37B4C60BD90B6F5A2071EED7DFECB28B81609BE45AA9BA448AC97A7776E699F7C17D7F8823F448584ED3E45AB38C918648E2A77B9A84D75A5904FA4C43EF17C865695A34F66928C131B9D6F8B2B670439696995CDA9300975177F576F917CA7D92100DF911CEF36B2DF7EF498C0D5C16E99EE40FC61E17D80883836119
310
D5C636D990E1ECBE73558619490A6015D613A02239B0DAFF8248E6C235F986D6367BD836E7CC365308DE669426798113FF05571D3AF630AE1C6BBCBEB127737D321E3BFA786A5BFAF276B9D6AD2B67B49AAE56F30F37730D2DDC5D9A46B5023292EC418BCFDAC2724DFE4D2DBE44A18F6F3F4D12E24B34FB36EC89A44B49DE
310
C5A405AC25446B28A492B5B1E00C14FEC4B641A0B4586AA1AD84539F4DEB4D777F0308F9102B6539E1569E170C742DB1AFFC61E49AD56A4B2F3447312E08A3384211DD31CC4041B0B552508B0CF7164E0A71CC841615BD26AF60D8977DA98FCBA08C22EEBFDA42789A07FE488A5C7046FF21ECC87DF336E009A42D6952CCA4
310
B0C5730624E6AE2916ABEF1C5B7E590189820887602D2026DFE4D81DBC563C166CD6DAE2D3EDEEB0E5F1A1FFF28CA5196105B73CE1CCD2EF94061BA605C63700940AD7B6EE8EA87C03E83F03F2352FC805CD317A181FC64A7686933C48590CDA4123A48FE0CF08F1C7174FAE591F5E20D48A95A73005B7FD4198B6C468DDDD
310
8074E13E82D1A7CC91C26D7D1C814DDFD184FB39180A8A525882781FEC0EDA6203C11416E1148E407AF8754DFE88E0A3A203F1A6A3A1BEF03B4051CA61BA7E76D4D547B01946FD5A552D194FE13BF921F87E586F3F6D4B16609FDC49C75E938026B48064DACF500BF496CB7FDF7C161EF9429ED62E1FEE09531E387AF4B295
310
7A414231C00ACFC3956AC4CA1D05778F229C90B4CCE57A5FA0F2D32865DEEED9AB7CB8F7AE3F95115497817F730BE80D6690DD7D46330E8AB690E2D591D038E2C4E3A034C0B052AAB7C3FE0387D7F32162BD850FB05ACCBA44CB38F3709C96090FDF2FCDBB2B9AE18CC48F65CDEDD1DC9ECD271369F0C0BBB840F98F0A0E35
310
FBFCA6186727AE59B5F425E38602B2F2A431C4CB3E197CA89ACAC24B33ECD3A2DF1A3A620C64794F83A0CC21ACF702D3E1D870AC49858DFA6BDB68F48AD59AA9F3D24AA63C1AE3907801E639B197BF16A03571A5A45E24C328CD739A905CD4342F625D07C59101A1A3B27445B5C76C69EEC5A4C06FB15891243B06CB481079
310
507D15BCFEBD6CAF8A41996F4F51E4B55E9A7842FE672FC771165575DD250C2CBB73432FAE9C697EC523D8A7870B6FB427A24CBF44BD8E240ADF41D4E76F267F021E867F3A3CEA0A0AC53A64D5CB9AB58C8935E73F330843D389E54CAF6A555C424B5D56F0BA252AA1D2F29FBD2742C3FB614150A9FCEC3D3989028F465119
310
7B550E29480C651B2E4A36C863A7104DBA17C9C8D07189C64D018DA0A81E1C6645BDA22A16B84C142CA7C26CE31A108A26D0D70D12E48514BD462C74217A58DEAA5DD6FFEBA9FEE788D9EC6D1EC8F353CAF6BD9CB64B0F55B5A92283074C99136BF50ACA0BB7E97EB168762EE33056446484AB3A0B69218C3C523ECC105D53
310
6FCF913FE1C28750BA159FFA123C624FF6C73AA4454E8E46B4055CAAA8A9DAB6D91D41B8E309A455AC6D78488D61428179A4BDE30FD1370CAA866A313765256456EB1B9EDA0C18C61CF93843EBCBC76D870AAC0C3EFD9563449E3A14E4EA8A177F67487DDF1C6BDC0E0529D1F7CD99E3C57D19EF124C796EE46681F7D9BBF7
310
A2FFBC36A1B930EDF1D56ABAB41CFD6632BED1C793F95A5FDE5CD9FA64E45CCD6E668EED4C972623795A329FE4A66D8E3C556D6549A80CA3826E4817029388CBEDA2B2E7AE82FFC75D4894EEF0295BFC559B90BAE0E32559C717873621BD817AF7BA8EC17A11A8FB93D8AB6AED6ABEA00CFC7CDA8260A4F2FDF0E242915619
310
BE9FE746467C65E23DD9DFFCF41CD30AE8BDF9A1B5A32FE4B76331CCAB7AB294EA88455C5BAE46376BE7EA569F4EE74B98DBAEE6FA72B99CE98E3D5BCED7B7D3E57A06CD94EC24642E1C9A577E8918AA986D8CDE60829CA71185413ED9A390A4D003C1A462407C6531C9456F0305804CE3EA2DC280D38FD51CB6C0BB489DF6
310
EF310CB32399914B1F06A9D0775C6B721DFD06A3533EBD14032DE301128FB4760D958C5E6B60020585FC62EC600426068E827A67C4096AC349C8BBA6EA54FDFFF11847076CE52857BD67082E52B29675C2382113EF1620DAA982E4EDA22B76102EE0715716B530C785A3341204F512A1120E26850F12DE03049EF3725986D8
310
D38264D034FFAC1D5454F502B3508CE41B787F587F35F9347DF30565511972759ECBF72D4A3AAF33A2B21A5CB9601852CC0CF34E7CF5CEFCCA52782D15A35B0A46807E3FCCA67F98AB348ED3A45A323FC8975B687B0FAFAAF6A61A1342E132B266A6A87BE4AB009875E5C4C0FBFC011640B58CF2796A0571CB00EAF0D43000
310
A511AE0B38D6DABF592399041A256CB374E5F088F700081C89BFFFE16ED3DCD0185A822F0057D56CB77E500BAEC96070BEF817504B0304140006080800A754C14A6D9CB2A0E1000000550100003C0000006662782F32343743364231332D453534452D343539442D424537322D3530333738453833323336422F7265736F75
310
726365732F322F636E782E786D6C4D90CD4E042110845F8590781C7ED6E89A0DC3BE84272F1B647A912CD0137E8CBEBDB062E2A93B555F3AD5A5CE5F31904FC8C5635AA96482124816379FDC4A5BBD2E2F949CB5CA88F51F46493211563A64AA95CBD8F6296D70352D0C35F8749BA2B8384890BDBDECC95162832965A5C57E
310
4034CCB48A1B941BDB4C354CB20C055BB6D04F541F619EB0194C858DEA8390C7453C2F42BE4A717A3C9EE4D39BE283D4EA1D314CDEA70A19F78783B0D8D7D41309C507A055CB7E52E38D6EFCC5633D9EE2DDD6AAD4DC3B9858FDDE3BE6A371C0EFC8AFAB151F4FF6716FA0CF5188FE01504B0304140006080800A754C14AFF
310
15A4A45D000000800000003A0000006662782F32343743364231332D453534452D343539442D424537322D3530333738453833323336422F7265736F75726365732F636E782E786D6C4D8B3B0E80201005AF42B6F75B59F0390B113044D83508C6E30BC6C26AF226F3B8BA6360974DA7271430F523308B2B198F9B80925DB7
310
00539227A2FCCB80A18E5640D320F996A81C9F32D6E9129A0D1EF74FCE750E6D57BC7165FBCA07504B0304140006080800A754C14A604E55234301000056050000300000006662782F32343743364231332D453534452D343539442D424537322D3530333738453833323336422F636E782E786D6CCD94C14E032110865F65
310
43E271D9A5466B1A96261E7C020FC61BCB4EB75816363018FBF642DDB61AD3E8A1497B23C347F2FF333FC3971F8329DEC107ED6C4318AD490156B94EDBBE211157E5032996827BE7F01B460A2B0768482E13C17BEFE238953A58C96872D568BB998A12D1EB362204522823436848506B182495115D0761433B899232EA21B8
310
E815A4F7A80798DE2B0F12A1236256B37959DF97357B66F5E276BE6077AFBCCAA4E0AD7366E2B545F06EBC99D5CAA5A34D726A5E6540F0E8F544650F441CB5D1565B5EA57BC143D26BFB89C3ED98B971345A494C8DAA9C42C0324120075E7DC18257D9F10FDF4F8F2F470DE9D4690F0A9DDF5EAC0DEC541B0ED2684AC4FFBA
310
B003FF32EFDAB764F972733F6978127636BBFBE48614DDDF49487992B637D7F8010ED2CE9FFFB45850AB6B34BD577626CFD56E05A6C1E78D283E01504B0304140006080800A754C14A77A22F217E000000A30000000B0000006662782F636E782E786D6C4D8CD10AC22018465F45FE7B6B9B3A0D9C03CB0719CD0DC969D88C
310
1E3F8D5D74F5C1E13B478E9FCDA3B74D2F17C300EDA90164C33DCE2EAC03E47DC102D0A8648A71FFBB010AD36607A818945C53CCCF03CD7699B2AFD4BBF0386047F9B5D72DC186518329BBDCB036BCC3AC215C18413AD2EB629CAB52E6D72B5BF3EA0B504B0304140006080800A754C14AA6D797065F000000820000000700
310
0000636E782E786D6C4DCB3B0E80201045D1AD90E9FD7516806B51190811670C8A61F982B1B0BAC9C97B72CA7B1037C6D3332918DA1E04D2CAC69353902EDB8C20262D23F3F59B81A079470595414B17391D1F19B4730A5583A7ED43BBE4025D9592775E5ADFFA01504B0304140006080800A754C14AECFD112DA800000026
310
010000130000005B436F6E74656E745F54797065735D2E786D6C7D4F4B0EC22010BD0A61DF525D18634ABB506FE00510A79458060253536F2FD89D5197F3FED3F68B9BD80362B21E25DFD40D6780DADF2C1AC9671AAA3D677DD75E9E0112CB5A4C928F44E12044D22338956A1F003333F8E814E5331A1194BE2B0362DB343B
310
A13D122055543278D79E6050F344ECBC6478EDCD76CE8EABAE5449AE4298AC56946789C28AAFBEABC53F3EAF09A84A1441B91F0101CD4780756578C173A578FFDDBD00504B0304140006080800A754C14A3DEE336E64000000790000001B0000006175746F6465736B2D64657369676E2D7061636B6167652E786D6C35CBC1
310
0E83200C00D05F21DCA56CA76D41FC96062B120735B69A7DBE268BB7777961F8D5AF396893C2ADB70FE7ADA196782C2DF776D7A97B5933C430F15651E5469C55D70F80A4992A3ADC954792C525AE70A1E4D6AD9816CC044FEFDF01FE3FDE907802504B0304140006080800A754C14A520533C9F30000008E0100003D000000
310
6662782F32343743364231332D453534452D343539442D424537322D3530333738453833323336422F7265736F75726365732F322F636F72652E786D6C8550CB6EC32010FC156BEFD860D70F45982891EB2FE8A93704C44589C1E251F5F30BB12BB5A79E76353B33BB3BF4FCB53E8A4FE5BCB666045262289411566AB38C10
310
C30D0D509C1975D6865F34280C5FD5081906461767E37640C29AA04C468D95EA00B9F72A40211EA919C18B0FB5F292C79018FE5E6E5CDCF9A24A52EE3C4663D4F2906A99DCF44D2B070CD77D3DF7738BBAFEB5412FDD754697796ED0659ADA814C185F879A5659CC68D0EBCF76E1140F4A02AB31E911EE10266F049F9AFE44
310
DA775A6526A33EB8F4F3B1347F97E8B4DAD13F6E7193FFBB456D42531F6EBBC20323E9B8E780D12AA793CA33BA547392EC1B504B0304140006080800A754C14A9C81C41FF9000000960100003B0000006662782F32343743364231332D453534452D343539442D424537322D3530333738453833323336422F7265736F7572
310
6365732F636F72652E786D6C8550CB6EC32010FC156BEFD86037B61561A244A9BFA0A7DE106C5C9418221E553FBF90B8527BEA6957B333B3BBC30F5FEBADFA441F8CB313B09A428556396DEC32418A1732427510DC3B177FD1A0B272C5090A0C822FDEA5FB06296723DA825AA77103650818A152B7DC4C10D407AEB2962966
310
46B8D677A9AE72C19AD54F9EE02919BD498DCE6EE662D083A0EDD0CEC3BC23FDF0DA9197FE3493E33C77E4783EEF4676A6F434B6BC2962C1A3597FB62B8F32A206D1523610DA13CADE18DD77C39EEDDE7953988287E8F3CFDBD2F21D088FC125AF30F0E639FDE39AEEFA7FD7646CECDACDF5A90820583EF23110BC2929E5F2
310
8830D792A8F806504B0304140006080800A754C14A7FA5E687F0000000B1010000310000006662782F32343743364231332D453534452D343539442D424537322D3530333738453833323336422F636F72652E786D6C8D504B6EC32014BC8AC51E1B8C7F8D30919CFA065D758780B82831587CAA1CBF10BB52BBCBEAA17933
310
CCBCA1E7C77A2FBE95F3DA9A11E01281421961A536CB0862B8C2011467469DB5E10F0D1486AF6A0419068C2ECEC6ED80843541998C1A2BD50172EF550085B8A7C708BCF8522B2F790C89E16FE5C6C58D2FAAC4E5CE6334E8F5572A9CE24149C06A847B883A88F0074627D29F70FB49ABCC6434462D0F2B2D93BBBE6AE592A4
310
E92FDD84099CDB66864DFBF60EA7B9AF618B483FCC03A94937D12A8B19F5C1A59B8F4FF275AFCA77E1BFCC71932F64D62690FA30DC151E309CF23C178C56B9C0349EEDA699CB663F504B0304140006080800A754C14A9A9E875054010000DD0200000C0000006662782F636F72652E786D6C8D525D6F832014FD2B867714B4
310
ADCD82346D3A7FC19EF646913A52058360FAF3077EC4F9B06E314172EEBDE7DC7302393DDB261A84E9A55605C0310291505C5752D50570F60E8F203A5162B4B63FDA40A4582B0A106040496DB4EB66886B65850AA8D2959841D6F7C2828837FE52809E7F8996C5CC59DFD13FE28EF107AB458CE3A98F12E764358FCACAB3C9
310
BB14065094E66999977B78C8DF33B83B5C4A782ECB0C9EAFD7FD115F11BA1C539284614AAC6C17756E04B3A20234453887E80011FEC0E82DCBDFF0FE9324A19392DE1AEF79160DEE00BDDF9E2499F00D9FEBAABFF99C54364B67BE69A20714FBF5C6022549C8C7FFC6F0B6197A619F9F65B766B1F0F0D020B8D566E72B9576
310
6B69608D139E1A45E34792A9EA994782DF78D2173CAF397C504CD57E3566FDF5E66C50DFEED4090307FB8C94362D6BD6E5A615D77315DA585AC6B96EB4F9CFF462750933090F937E03504B0304140006080800A754C14AA3C37A7607010000B201000008000000636F72652E786D6C8D504B6EC32014BC0A628F0D766D4711
310
264AE4FA045D75470D71506CB0F844EDED0B3195DA5D570FCDCC7B330C3D7DAE0B7848EB94D13D24058640EAC908A5E71E067F4507084E8C5A63FC2F19049AAFB28709868CCED6842D4393D15EEA846A236406B973D243302DF1D14337DDE4CA0B1E7C54B87BB1F1E9CE67599062D731EAD5FAB33A59C9BD149055987408B7
310
089337828F757724CD3B2D9392D11094C8564A44777555D24286ABAE1ABBB1416DF75AA397F632A2F338D6E83C0CCD810C185F0E152DD332A3CEDBF8E77C24E6F4C0F147F2A5E54E31FA61CC9205319400462F5FD1849689F8133A6CE21FA195F675950FEE1B0E3212033D89689C1A8CE3596F9CA96DF60D504B0102140014
310
0006080800A754C14A0000000000000000000000003700000000000000000000000000000000006662782F32343743364231332D453534452D343539442D424537322D3530333738453833323336422F617474726962757465732E62696E504B01021400140006080800A754C14A0000000000000000000000003500000000
310
000000000000000000550000006662782F32343743364231332D453534452D343539442D424537322D3530333738453833323336422F76657274696365732E62696E504B01021400140006080800A754C14AF270F13306000000040000003600000000000000000000000000A80000006662782F32343743364231332D4535
310
34452D343539442D424537322D3530333738453833323336422F747269616E676C65732E62696E504B01021400140006080800A754C14A88E57597CD3F0000904100004200000000000000000000000000020100006662782F32343743364231332D453534452D343539442D424537322D3530333738453833323336422F72
310
65736F75726365732F322F305F67656E657269632E706E67504B01021400140006080800A754C14A51464CB4890000004301000036000000000000000000000000002F4100006662782F32343743364231332D453534452D343539442D424537322D3530333738453833323336422F6469726563746F72792E786D6C504B01
310
021400140006080800A754C14A27568F8C41070000541C000034000000000000000000000000000C4200006662782F32343743364231332D453534452D343539442D424537322D3530333738453833323336422F6F626A656374732E786D6C504B01021400140006080800A754C14A6D9CB2A0E1000000550100003C000000
310
000000000000000000009F4900006662782F32343743364231332D453534452D343539442D424537322D3530333738453833323336422F7265736F75726365732F322F636E782E786D6C504B01021400140006080800A754C14AFF15A4A45D000000800000003A00000000000000000000000000DA4A00006662782F323437
310
43364231332D453534452D343539442D424537322D3530333738453833323336422F7265736F75726365732F636E782E786D6C504B01021400140006080800A754C14A604E5523430100005605000030000000000000000000000000008F4B00006662782F32343743364231332D453534452D343539442D424537322D3530
310
333738453833323336422F636E782E786D6C504B01021400140006080800A754C14A77A22F217E000000A30000000B00000000000000000000000000204D00006662782F636E782E786D6C504B01021400140006080800A754C14AA6D797065F000000820000000700000000000000000000000000C74D0000636E782E786D
310
6C504B01021400140006080800A754C14AECFD112DA80000002601000013000000000000000000000000004B4E00005B436F6E74656E745F54797065735D2E786D6C504B01021400140006080800A754C14A3DEE336E64000000790000001B00000000000000000000000000244F00006175746F6465736B2D64657369676E
310
2D7061636B6167652E786D6C504B01021400140006080800A754C14A520533C9F30000008E0100003D00000000000000000000000000C14F00006662782F32343743364231332D453534452D343539442D424537322D3530333738453833323336422F7265736F75726365732F322F636F72652E786D6C504B010214001400
310
06080800A754C14A9C81C41FF9000000960100003B000000000000000000000000000F5100006662782F32343743364231332D453534452D343539442D424537322D3530333738453833323336422F7265736F75726365732F636F72652E786D6C504B01021400140006080800A754C14A7FA5E687F0000000B10100003100
310
000000000000000000000000615200006662782F32343743364231332D453534452D343539442D424537322D3530333738453833323336422F636F72652E786D6C504B01021400140006080800A754C14A9A9E875054010000DD0200000C00000000000000000000000000A05300006662782F636F72652E786D6C504B0102
310
1400140006080800A754C14AA3C37A7607010000B201000008000000000000000000000000001E550000636F72652E786D6C504B050600000000120012002D0600004B5600000000
  0
XRECORD
  5
1AA9B4
102
{ACAD_REACTORS
330
1AA9B3
102
}
330
1AA9B3
100
AcDbXrecord
280
     1
102
DISPLAYNAME
  1
Metric50
102
FLAGS
 90
        0
  0
CELLSTYLEMAP
  5
1AA981
102
{ACAD_REACTORS
330
1A3786
102
}
330
1A3786
100
AcDbCellStyleMap
 90
        3
300
CELLSTYLE
  1
TABLEFORMAT_BEGIN
 90
        5
170
     1
 91
        0
 92
    32768
 62
   257
 93
        1
300
CONTENTFORMAT
  1
CONTENTFORMAT_BEGIN
 90
        0
 91
        0
 92
        4
 93
        0
300

 40
0.0
140
1.0
 94
        5
 62
     0
340
F
144
6.0
309
CONTENTFORMAT_END
171
     1
301
MARGIN
  1
CELLMARGIN_BEGIN
 40
1.5
 40
1.5
 40
1.5
 40
1.5
 40
1.5
 40
1.5
309
CELLMARGIN_END
 94
        6
 95
        1
302
GRIDFORMAT
  1
GRIDFORMAT_BEGIN
 90
        0
 91
        1
 62
     0
 92
       -2
340
12
 93
        0
 40
0.045
309
GRIDFORMAT_END
 95
        2
302
GRIDFORMAT
  1
GRIDFORMAT_BEGIN
 90
        0
 91
        1
 62
     0
 92
       -2
340
12
 93
        0
 40
0.045
309
GRIDFORMAT_END
 95
        4
302
GRIDFORMAT
  1
GRIDFORMAT_BEGIN
 90
        0
 91
        1
 62
     0
 92
       -2
340
12
 93
        0
 40
0.045
309
GRIDFORMAT_END
 95
        8
302
GRIDFORMAT
  1
GRIDFORMAT_BEGIN
 90
        0
 91
        1
 62
     0
 92
       -2
340
12
 93
        0
 40
0.045
309
GRIDFORMAT_END
 95
       16
302
GRIDFORMAT
  1
GRIDFORMAT_BEGIN
 90
        0
 91
        1
 62
     0
 92
       -2
340
12
 93
        0
 40
0.045
309
GRIDFORMAT_END
 95
       32
302
GRIDFORMAT
  1
GRIDFORMAT_BEGIN
 90
        0
 91
        1
 62
     0
 92
       -2
340
12
 93
        0
 40
0.045
309
GRIDFORMAT_END
309
TABLEFORMAT_END
  1
CELLSTYLE_BEGIN
 90
        1
 91
        1
300
_TITLE
309
CELLSTYLE_END
300
CELLSTYLE
  1
TABLEFORMAT_BEGIN
 90
        5
170
     1
 91
        0
 92
        0
 62
   257
 93
        1
300
CONTENTFORMAT
  1
CONTENTFORMAT_BEGIN
 90
        0
 91
        0
 92
        4
 93
        0
300

 40
0.0
140
1.0
 94
        5
 62
     0
340
F
144
4.5
309
CONTENTFORMAT_END
171
     1
301
MARGIN
  1
CELLMARGIN_BEGIN
 40
1.5
 40
1.5
 40
1.5
 40
1.5
 40
1.5
 40
1.5
309
CELLMARGIN_END
 94
        6
 95
        1
302
GRIDFORMAT
  1
GRIDFORMAT_BEGIN
 90
        0
 91
        1
 62
     0
 92
       -2
340
12
 93
        0
 40
0.045
309
GRIDFORMAT_END
 95
        2
302
GRIDFORMAT
  1
GRIDFORMAT_BEGIN
 90
        0
 91
        1
 62
     0
 92
       -2
340
12
 93
        0
 40
0.045
309
GRIDFORMAT_END
 95
        4
302
GRIDFORMAT
  1
GRIDFORMAT_BEGIN
 90
        0
 91
        1
 62
     0
 92
       -2
340
12
 93
        0
 40
0.045
309
GRIDFORMAT_END
 95
        8
302
GRIDFORMAT
  1
GRIDFORMAT_BEGIN
 90
        0
 91
        1
 62
     0
 92
       -2
340
12
 93
        0
 40
0.045
309
GRIDFORMAT_END
 95
       16
302
GRIDFORMAT
  1
GRIDFORMAT_BEGIN
 90
        0
 91
        1
 62
     0
 92
       -2
340
12
 93
        0
 40
0.045
309
GRIDFORMAT_END
 95
       32
302
GRIDFORMAT
  1
GRIDFORMAT_BEGIN
 90
        0
 91
        1
 62
     0
 92
       -2
340
12
 93
        0
 40
0.045
309
GRIDFORMAT_END
309
TABLEFORMAT_END
  1
CELLSTYLE_BEGIN
 90
        2
 91
        1
300
_HEADER
309
CELLSTYLE_END
300
CELLSTYLE
  1
TABLEFORMAT_BEGIN
 90
        5
170
     1
 91
        0
 92
        0
 62
   257
 93
        1
300
CONTENTFORMAT
  1
CONTENTFORMAT_BEGIN
 90
        0
 91
        0
 92
        4
 93
        0
300

 40
0.0
140
1.0
 94
        2
 62
     0
340
F
144
4.5
309
CONTENTFORMAT_END
171
     1
301
MARGIN
  1
CELLMARGIN_BEGIN
 40
1.5
 40
1.5
 40
1.5
 40
1.5
 40
1.5
 40
1.5
309
CELLMARGIN_END
 94
        6
 95
        1
302
GRIDFORMAT
  1
GRIDFORMAT_BEGIN
 90
        0
 91
        1
 62
     0
 92
       -2
340
12
 93
        0
 40
0.045
309
GRIDFORMAT_END
 95
        2
302
GRIDFORMAT
  1
GRIDFORMAT_BEGIN
 90
        0
 91
        1
 62
     0
 92
       -2
340
12
 93
        0
 40
0.045
309
GRIDFORMAT_END
 95
        4
302
GRIDFORMAT
  1
GRIDFORMAT_BEGIN
 90
        0
 91
        1
 62
     0
 92
       -2
340
12
 93
        0
 40
0.045
309
GRIDFORMAT_END
 95
        8
302
GRIDFORMAT
  1
GRIDFORMAT_BEGIN
 90
        0
 91
        1
 62
     0
 92
       -2
340
12
 93
        0
 40
0.045
309
GRIDFORMAT_END
 95
       16
302
GRIDFORMAT
  1
GRIDFORMAT_BEGIN
 90
        0
 91
        1
 62
     0
 92
       -2
340
12
 93
        0
 40
0.045
309
GRIDFORMAT_END
 95
       32
302
GRIDFORMAT
  1
GRIDFORMAT_BEGIN
 90
        0
 91
        1
 62
     0
 92
       -2
340
12
 93
        0
 40
0.045
309
GRIDFORMAT_END
309
TABLEFORMAT_END
  1
CELLSTYLE_BEGIN
 90
        3
 91
        2
300
_DATA
309
CELLSTYLE_END
  0
XRECORD
  5
1AA98C
102
{ACAD_REACTORS
330
1AA98B
102
}
330
1AA98B
100
AcDbXrecord
280
     1
102
RTVSPost2010Prop28
280
     1
102
RTVSPost2010PropOp28
 70
     1
102
RTVSPost2010Prop29
280
     1
102
RTVSPost2010PropOp29
 70
     1
102
RTVSPost2010Prop30
280
     0
102
RTVSPost2010PropOp30
 70
     1
102
RTVSPost2010Prop31
280
     0
102
RTVSPost2010PropOp31
 70
     1
102
RTVSPost2010Prop32
280
     0
102
RTVSPost2010PropOp32
 70
     1
102
RTVSPost2010Prop33
280
     0
102
RTVSPost2010PropOp33
 70
     1
102
RTVSPost2010Prop34
280
     0
102
RTVSPost2010PropOp34
 70
     1
102
RTVSPost2010Prop35
280
     0
102
RTVSPost2010PropOp35
 70
     1
102
RTVSPost2010Prop36
280
     0
102
RTVSPost2010PropOp36
 70
     1
102
RTVSPost2010Prop37
 90
       50
102
RTVSPost2010PropOp37
 70
     1
102
RTVSPost2010Prop38
140
0.0
102
RTVSPost2010PropOp38
 70
     1
102
RTVSPost2010Prop39
140
1.0
102
RTVSPost2010PropOp39
 70
     1
102
RTVSPost2010Prop40
 90
        0
102
RTVSPost2010PropOp40
 70
     1
102
RTVSPost2010Prop41ColorIndex
 90
       18
102
RTVSPost2010Prop41ColorRGB
 90
        0
102
RTVSPost2010PropOp41
 70
     1
102
RTVSPost2010Prop42
 90
       50
102
RTVSPost2010PropOp42
 70
     1
102
RTVSPost2010Prop43
 90
        3
102
RTVSPost2010PropOp43
 70
     1
102
RTVSPost2010Prop44ColorIndex
 90
        5
102
RTVSPost2010Prop44ColorRGB
 90
      255
102
RTVSPost2010PropOp44
 70
     1
102
RTVSPost2010Prop45
280
     0
102
RTVSPost2010PropOp45
 70
     1
102
RTVSPost2010Prop46
 90
       50
102
RTVSPost2010PropOp46
 70
     1
102
RTVSPost2010Prop47
 90
       50
102
RTVSPost2010PropOp47
 70
     1
102
RTVSPost2010Prop48
 90
       50
102
RTVSPost2010PropOp48
 70
     1
102
RTVSPost2010Prop49
280
     0
102
RTVSPost2010PropOp49
 70
     1
102
RTVSPost2010Prop50
 90
       50
102
RTVSPost2010PropOp50
 70
     1
102
RTVSPost2010Prop51ColorIndex
 90
      256
102
RTVSPost2010Prop51ColorRGB
 90
-16777216
102
RTVSPost2010PropOp51
 70
     0
102
RTVSPost2010Prop52
140
1.0
102
RTVSPost2010PropOp52
 70
     0
102
RTVSPost2010Prop53
 90
        2
102
RTVSPost2010PropOp53
 70
     1
102
RTVSPost2010Prop54
  1
strokes_ogs.tif
102
RTVSPost2010PropOp54
 70
     1
102
RTVSPost2010Prop55
280
     0
102
RTVSPost2010PropOp55
 70
     1
102
RTVSPost2010Prop56
140
1.0
102
RTVSPost2010PropOp56
 70
     1
102
RTVSPost2010Prop57
140
1.0
102
RTVSPost2010PropOp57
 70
     1
  0
XRECORD
  5
1AA992
102
{ACAD_REACTORS
330
1AA991
102
}
330
1AA991
100
AcDbXrecord
280
     1
102
RTVSPost2010Prop28
280
     0
102
RTVSPost2010PropOp28
 70
     1
102
RTVSPost2010Prop29
280
     1
102
RTVSPost2010PropOp29
 70
     1
102
RTVSPost2010Prop30
280
     1
102
RTVSPost2010PropOp30
 70
     1
102
RTVSPost2010Prop31
280
     0
102
RTVSPost2010PropOp31
 70
     1
102
RTVSPost2010Prop32
280
     0
102
RTVSPost2010PropOp32
 70
     1
102
RTVSPost2010Prop33
280
     0
102
RTVSPost2010PropOp33
 70
     1
102
RTVSPost2010Prop34
280
     0
102
RTVSPost2010PropOp34
 70
     1
102
RTVSPost2010Prop35
280
     0
102
RTVSPost2010PropOp35
 70
     1
102
RTVSPost2010Prop36
280
     0
102
RTVSPost2010PropOp36
 70
     1
102
RTVSPost2010Prop37
 90
       50
102
RTVSPost2010PropOp37
 70
     1
102
RTVSPost2010Prop38
140
0.0
102
RTVSPost2010PropOp38
 70
     1
102
RTVSPost2010Prop39
140
1.0
102
RTVSPost2010PropOp39
 70
     1
102
RTVSPost2010Prop40
 90
        0
102
RTVSPost2010PropOp40
 70
     1
102
RTVSPost2010Prop41ColorIndex
 90
       18
102
RTVSPost2010Prop41ColorRGB
 90
        0
102
RTVSPost2010PropOp41
 70
     1
102
RTVSPost2010Prop42
 90
       50
102
RTVSPost2010PropOp42
 70
     1
102
RTVSPost2010Prop43
 90
        3
102
RTVSPost2010PropOp43
 70
     1
102
RTVSPost2010Prop44ColorIndex
 90
        5
102
RTVSPost2010Prop44ColorRGB
 90
      255
102
RTVSPost2010PropOp44
 70
     1
102
RTVSPost2010Prop45
280
     0
102
RTVSPost2010PropOp45
 70
     1
102
RTVSPost2010Prop46
 90
       50
102
RTVSPost2010PropOp46
 70
     1
102
RTVSPost2010Prop47
 90
       50
102
RTVSPost2010PropOp47
 70
     1
102
RTVSPost2010Prop48
 90
       50
102
RTVSPost2010PropOp48
 70
     1
102
RTVSPost2010Prop49
280
     0
102
RTVSPost2010PropOp49
 70
     1
102
RTVSPost2010Prop50
 90
       50
102
RTVSPost2010PropOp50
 70
     1
102
RTVSPost2010Prop51ColorIndex
 90
      256
102
RTVSPost2010Prop51ColorRGB
 90
-16777216
102
RTVSPost2010PropOp51
 70
     0
102
RTVSPost2010Prop52
140
1.0
102
RTVSPost2010PropOp52
 70
     0
102
RTVSPost2010Prop53
 90
        2
102
RTVSPost2010PropOp53
 70
     1
102
RTVSPost2010Prop54
  1
strokes_ogs.tif
102
RTVSPost2010PropOp54
 70
     1
102
RTVSPost2010Prop55
280
     0
102
RTVSPost2010PropOp55
 70
     1
102
RTVSPost2010Prop56
140
1.0
102
RTVSPost2010PropOp56
 70
     1
102
RTVSPost2010Prop57
140
1.0
102
RTVSPost2010PropOp57
 70
     1
  0
XRECORD
  5
1AA99A
102
{ACAD_REACTORS
330
1AA999
102
}
330
1AA999
100
AcDbXrecord
280
     1
102
RTVSPost2010Prop28
280
     0
102
RTVSPost2010PropOp28
 70
     1
102
RTVSPost2010Prop29
280
     1
102
RTVSPost2010PropOp29
 70
     1
102
RTVSPost2010Prop30
280
     1
102
RTVSPost2010PropOp30
 70
     1
102
RTVSPost2010Prop31
280
     0
102
RTVSPost2010PropOp31
 70
     1
102
RTVSPost2010Prop32
280
     0
102
RTVSPost2010PropOp32
 70
     1
102
RTVSPost2010Prop33
280
     0
102
RTVSPost2010PropOp33
 70
     1
102
RTVSPost2010Prop34
280
     0
102
RTVSPost2010PropOp34
 70
     1
102
RTVSPost2010Prop35
280
     0
102
RTVSPost2010PropOp35
 70
     1
102
RTVSPost2010Prop36
280
     0
102
RTVSPost2010PropOp36
 70
     1
102
RTVSPost2010Prop37
 90
       50
102
RTVSPost2010PropOp37
 70
     1
102
RTVSPost2010Prop38
140
0.0
102
RTVSPost2010PropOp38
 70
     1
102
RTVSPost2010Prop39
140
1.0
102
RTVSPost2010PropOp39
 70
     1
102
RTVSPost2010Prop40
 90
        0
102
RTVSPost2010PropOp40
 70
     1
102
RTVSPost2010Prop41ColorIndex
 90
       18
102
RTVSPost2010Prop41ColorRGB
 90
        0
102
RTVSPost2010PropOp41
 70
     1
102
RTVSPost2010Prop42
 90
       50
102
RTVSPost2010PropOp42
 70
     1
102
RTVSPost2010Prop43
 90
        3
102
RTVSPost2010PropOp43
 70
     1
102
RTVSPost2010Prop44ColorIndex
 90
        5
102
RTVSPost2010Prop44ColorRGB
 90
      255
102
RTVSPost2010PropOp44
 70
     1
102
RTVSPost2010Prop45
280
     0
102
RTVSPost2010PropOp45
 70
     1
102
RTVSPost2010Prop46
 90
       50
102
RTVSPost2010PropOp46
 70
     1
102
RTVSPost2010Prop47
 90
       50
102
RTVSPost2010PropOp47
 70
     1
102
RTVSPost2010Prop48
 90
       50
102
RTVSPost2010PropOp48
 70
     1
102
RTVSPost2010Prop49
280
     0
102
RTVSPost2010PropOp49
 70
     1
102
RTVSPost2010Prop50
 90
       50
102
RTVSPost2010PropOp50
 70
     1
102
RTVSPost2010Prop51ColorIndex
 90
      256
102
RTVSPost2010Prop51ColorRGB
 90
-16777216
102
RTVSPost2010PropOp51
 70
     0
102
RTVSPost2010Prop52
140
1.0
102
RTVSPost2010PropOp52
 70
     0
102
RTVSPost2010Prop53
 90
        2
102
RTVSPost2010PropOp53
 70
     1
102
RTVSPost2010Prop54
  1
strokes_ogs.tif
102
RTVSPost2010PropOp54
 70
     1
102
RTVSPost2010Prop55
280
     0
102
RTVSPost2010PropOp55
 70
     1
102
RTVSPost2010Prop56
140
1.0
102
RTVSPost2010PropOp56
 70
     1
102
RTVSPost2010Prop57
140
1.0
102
RTVSPost2010PropOp57
 70
     1
  0
XRECORD
  5
1AA9A2
102
{ACAD_REACTORS
330
1AA9A1
102
}
330
1AA9A1
100
AcDbXrecord
280
     1
102
RTVSPost2010Prop28
280
     0
102
RTVSPost2010PropOp28
 70
     1
102
RTVSPost2010Prop29
280
     1
102
RTVSPost2010PropOp29
 70
     1
102
RTVSPost2010Prop30
280
     1
102
RTVSPost2010PropOp30
 70
     1
102
RTVSPost2010Prop31
280
     0
102
RTVSPost2010PropOp31
 70
     1
102
RTVSPost2010Prop32
280
     0
102
RTVSPost2010PropOp32
 70
     1
102
RTVSPost2010Prop33
280
     0
102
RTVSPost2010PropOp33
 70
     1
102
RTVSPost2010Prop34
280
     0
102
RTVSPost2010PropOp34
 70
     1
102
RTVSPost2010Prop35
280
     0
102
RTVSPost2010PropOp35
 70
     1
102
RTVSPost2010Prop36
280
     0
102
RTVSPost2010PropOp36
 70
     1
102
RTVSPost2010Prop37
 90
       50
102
RTVSPost2010PropOp37
 70
     1
102
RTVSPost2010Prop38
140
0.0
102
RTVSPost2010PropOp38
 70
     1
102
RTVSPost2010Prop39
140
1.0
102
RTVSPost2010PropOp39
 70
     1
102
RTVSPost2010Prop40
 90
        0
102
RTVSPost2010PropOp40
 70
     1
102
RTVSPost2010Prop41ColorIndex
 90
       18
102
RTVSPost2010Prop41ColorRGB
 90
        0
102
RTVSPost2010PropOp41
 70
     1
102
RTVSPost2010Prop42
 90
       50
102
RTVSPost2010PropOp42
 70
     1
102
RTVSPost2010Prop43
 90
        3
102
RTVSPost2010PropOp43
 70
     1
102
RTVSPost2010Prop44ColorIndex
 90
        5
102
RTVSPost2010Prop44ColorRGB
 90
      255
102
RTVSPost2010PropOp44
 70
     1
102
RTVSPost2010Prop45
280
     0
102
RTVSPost2010PropOp45
 70
     1
102
RTVSPost2010Prop46
 90
       50
102
RTVSPost2010PropOp46
 70
     1
102
RTVSPost2010Prop47
 90
       50
102
RTVSPost2010PropOp47
 70
     1
102
RTVSPost2010Prop48
 90
       50
102
RTVSPost2010PropOp48
 70
     1
102
RTVSPost2010Prop49
280
     0
102
RTVSPost2010PropOp49
 70
     1
102
RTVSPost2010Prop50
 90
       50
102
RTVSPost2010PropOp50
 70
     1
102
RTVSPost2010Prop51ColorIndex
 90
      256
102
RTVSPost2010Prop51ColorRGB
 90
-16777216
102
RTVSPost2010PropOp51
 70
     0
102
RTVSPost2010Prop52
140
1.0
102
RTVSPost2010PropOp52
 70
     0
102
RTVSPost2010Prop53
 90
        2
102
RTVSPost2010PropOp53
 70
     1
102
RTVSPost2010Prop54
  1
strokes_ogs.tif
102
RTVSPost2010PropOp54
 70
     1
102
RTVSPost2010Prop55
280
     0
102
RTVSPost2010PropOp55
 70
     1
102
RTVSPost2010Prop56
140
1.0
102
RTVSPost2010PropOp56
 70
     1
102
RTVSPost2010Prop57
140
1.0
102
RTVSPost2010PropOp57
 70
     1
  0
XRECORD
  5
1AA996
102
{ACAD_REACTORS
330
1AA995
102
}
330
1AA995
100
AcDbXrecord
280
     1
102
RTVSPost2010Prop28
280
     0
102
RTVSPost2010PropOp28
 70
     1
102
RTVSPost2010Prop29
280
     1
102
RTVSPost2010PropOp29
 70
     1
102
RTVSPost2010Prop30
280
     1
102
RTVSPost2010PropOp30
 70
     1
102
RTVSPost2010Prop31
280
     0
102
RTVSPost2010PropOp31
 70
     1
102
RTVSPost2010Prop32
280
     0
102
RTVSPost2010PropOp32
 70
     1
102
RTVSPost2010Prop33
280
     0
102
RTVSPost2010PropOp33
 70
     1
102
RTVSPost2010Prop34
280
     0
102
RTVSPost2010PropOp34
 70
     1
102
RTVSPost2010Prop35
280
     0
102
RTVSPost2010PropOp35
 70
     1
102
RTVSPost2010Prop36
280
     0
102
RTVSPost2010PropOp36
 70
     1
102
RTVSPost2010Prop37
 90
       50
102
RTVSPost2010PropOp37
 70
     1
102
RTVSPost2010Prop38
140
0.0
102
RTVSPost2010PropOp38
 70
     1
102
RTVSPost2010Prop39
140
1.0
102
RTVSPost2010PropOp39
 70
     1
102
RTVSPost2010Prop40
 90
        0
102
RTVSPost2010PropOp40
 70
     1
102
RTVSPost2010Prop41ColorIndex
 90
       18
102
RTVSPost2010Prop41ColorRGB
 90
        0
102
RTVSPost2010PropOp41
 70
     1
102
RTVSPost2010Prop42
 90
       50
102
RTVSPost2010PropOp42
 70
     1
102
RTVSPost2010Prop43
 90
        3
102
RTVSPost2010PropOp43
 70
     1
102
RTVSPost2010Prop44ColorIndex
 90
        5
102
RTVSPost2010Prop44ColorRGB
 90
      255
102
RTVSPost2010PropOp44
 70
     1
102
RTVSPost2010Prop45
280
     0
102
RTVSPost2010PropOp45
 70
     1
102
RTVSPost2010Prop46
 90
       50
102
RTVSPost2010PropOp46
 70
     1
102
RTVSPost2010Prop47
 90
       50
102
RTVSPost2010PropOp47
 70
     1
102
RTVSPost2010Prop48
 90
       50
102
RTVSPost2010PropOp48
 70
     1
102
RTVSPost2010Prop49
280
     0
102
RTVSPost2010PropOp49
 70
     1
102
RTVSPost2010Prop50
 90
       50
102
RTVSPost2010PropOp50
 70
     1
102
RTVSPost2010Prop51ColorIndex
 90
      256
102
RTVSPost2010Prop51ColorRGB
 90
-16777216
102
RTVSPost2010PropOp51
 70
     0
102
RTVSPost2010Prop52
140
1.0
102
RTVSPost2010PropOp52
 70
     0
102
RTVSPost2010Prop53
 90
        2
102
RTVSPost2010PropOp53
 70
     1
102
RTVSPost2010Prop54
  1
strokes_ogs.tif
102
RTVSPost2010PropOp54
 70
     1
102
RTVSPost2010Prop55
280
     0
102
RTVSPost2010PropOp55
 70
     1
102
RTVSPost2010Prop56
140
1.0
102
RTVSPost2010PropOp56
 70
     1
102
RTVSPost2010Prop57
140
1.0
102
RTVSPost2010PropOp57
 70
     1
  0
XRECORD
  5
1AA998
102
{ACAD_REACTORS
330
1AA997
102
}
330
1AA997
100
AcDbXrecord
280
     1
102
RTVSPost2010Prop28
280
     0
102
RTVSPost2010PropOp28
 70
     1
102
RTVSPost2010Prop29
280
     1
102
RTVSPost2010PropOp29
 70
     1
102
RTVSPost2010Prop30
280
     1
102
RTVSPost2010PropOp30
 70
     1
102
RTVSPost2010Prop31
280
     0
102
RTVSPost2010PropOp31
 70
     1
102
RTVSPost2010Prop32
280
     0
102
RTVSPost2010PropOp32
 70
     1
102
RTVSPost2010Prop33
280
     0
102
RTVSPost2010PropOp33
 70
     1
102
RTVSPost2010Prop34
280
     0
102
RTVSPost2010PropOp34
 70
     1
102
RTVSPost2010Prop35
280
     0
102
RTVSPost2010PropOp35
 70
     1
102
RTVSPost2010Prop36
280
     0
102
RTVSPost2010PropOp36
 70
     1
102
RTVSPost2010Prop37
 90
       50
102
RTVSPost2010PropOp37
 70
     1
102
RTVSPost2010Prop38
140
0.0
102
RTVSPost2010PropOp38
 70
     1
102
RTVSPost2010Prop39
140
1.0
102
RTVSPost2010PropOp39
 70
     1
102
RTVSPost2010Prop40
 90
        0
102
RTVSPost2010PropOp40
 70
     1
102
RTVSPost2010Prop41ColorIndex
 90
       18
102
RTVSPost2010Prop41ColorRGB
 90
        0
102
RTVSPost2010PropOp41
 70
     1
102
RTVSPost2010Prop42
 90
       50
102
RTVSPost2010PropOp42
 70
     1
102
RTVSPost2010Prop43
 90
        3
102
RTVSPost2010PropOp43
 70
     1
102
RTVSPost2010Prop44ColorIndex
 90
        5
102
RTVSPost2010Prop44ColorRGB
 90
      255
102
RTVSPost2010PropOp44
 70
     1
102
RTVSPost2010Prop45
280
     0
102
RTVSPost2010PropOp45
 70
     1
102
RTVSPost2010Prop46
 90
       50
102
RTVSPost2010PropOp46
 70
     1
102
RTVSPost2010Prop47
 90
       50
102
RTVSPost2010PropOp47
 70
     1
102
RTVSPost2010Prop48
 90
       50
102
RTVSPost2010PropOp48
 70
     1
102
RTVSPost2010Prop49
280
     0
102
RTVSPost2010PropOp49
 70
     1
102
RTVSPost2010Prop50
 90
       50
102
RTVSPost2010PropOp50
 70
     1
102
RTVSPost2010Prop51ColorIndex
 90
      256
102
RTVSPost2010Prop51ColorRGB
 90
-16777216
102
RTVSPost2010PropOp51
 70
     0
102
RTVSPost2010Prop52
140
1.0
102
RTVSPost2010PropOp52
 70
     0
102
RTVSPost2010Prop53
 90
        2
102
RTVSPost2010PropOp53
 70
     1
102
RTVSPost2010Prop54
  1
strokes_ogs.tif
102
RTVSPost2010PropOp54
 70
     1
102
RTVSPost2010Prop55
280
     0
102
RTVSPost2010PropOp55
 70
     1
102
RTVSPost2010Prop56
140
1.0
102
RTVSPost2010PropOp56
 70
     1
102
RTVSPost2010Prop57
140
1.0
102
RTVSPost2010PropOp57
 70
     1
  0
XRECORD
  5
1AA9A8
102
{ACAD_REACTORS
330
1AA9A7
102
}
330
1AA9A7
100
AcDbXrecord
280
     1
102
RTVSPost2010Prop28
280
     0
102
RTVSPost2010PropOp28
 70
     0
102
RTVSPost2010Prop29
280
     1
102
RTVSPost2010PropOp29
 70
     0
102
RTVSPost2010Prop30
280
     1
102
RTVSPost2010PropOp30
 70
     0
102
RTVSPost2010Prop31
280
     0
102
RTVSPost2010PropOp31
 70
     0
102
RTVSPost2010Prop32
280
     0
102
RTVSPost2010PropOp32
 70
     0
102
RTVSPost2010Prop33
280
     0
102
RTVSPost2010PropOp33
 70
     0
102
RTVSPost2010Prop34
280
     0
102
RTVSPost2010PropOp34
 70
     0
102
RTVSPost2010Prop35
280
     0
102
RTVSPost2010PropOp35
 70
     0
102
RTVSPost2010Prop36
280
     0
102
RTVSPost2010PropOp36
 70
     0
102
RTVSPost2010Prop37
 90
       50
102
RTVSPost2010PropOp37
 70
     0
102
RTVSPost2010Prop38
140
0.0
102
RTVSPost2010PropOp38
 70
     0
102
RTVSPost2010Prop39
140
1.0
102
RTVSPost2010PropOp39
 70
     0
102
RTVSPost2010Prop40
 90
        0
102
RTVSPost2010PropOp40
 70
     0
102
RTVSPost2010Prop41ColorIndex
 90
       18
102
RTVSPost2010Prop41ColorRGB
 90
        0
102
RTVSPost2010PropOp41
 70
     0
102
RTVSPost2010Prop42
 90
       50
102
RTVSPost2010PropOp42
 70
     0
102
RTVSPost2010Prop43
 90
        3
102
RTVSPost2010PropOp43
 70
     0
102
RTVSPost2010Prop44ColorIndex
 90
        5
102
RTVSPost2010Prop44ColorRGB
 90
      255
102
RTVSPost2010PropOp44
 70
     0
102
RTVSPost2010Prop45
280
     0
102
RTVSPost2010PropOp45
 70
     0
102
RTVSPost2010Prop46
 90
       50
102
RTVSPost2010PropOp46
 70
     0
102
RTVSPost2010Prop47
 90
       50
102
RTVSPost2010PropOp47
 70
     0
102
RTVSPost2010Prop48
 90
       50
102
RTVSPost2010PropOp48
 70
     0
102
RTVSPost2010Prop49
280
     0
102
RTVSPost2010PropOp49
 70
     0
102
RTVSPost2010Prop50
 90
       50
102
RTVSPost2010PropOp50
 70
     0
102
RTVSPost2010Prop51ColorIndex
 90
      256
102
RTVSPost2010Prop51ColorRGB
 90
-16777216
102
RTVSPost2010PropOp51
 70
     0
102
RTVSPost2010Prop52
140
1.0
102
RTVSPost2010PropOp52
 70
     0
102
RTVSPost2010Prop53
 90
        2
102
RTVSPost2010PropOp53
 70
     0
102
RTVSPost2010Prop54
  1
strokes_ogs.tif
102
RTVSPost2010PropOp54
 70
     0
102
RTVSPost2010Prop55
280
     0
102
RTVSPost2010PropOp55
 70
     0
102
RTVSPost2010Prop56
140
1.0
102
RTVSPost2010PropOp56
 70
     0
102
RTVSPost2010Prop57
140
1.0
102
RTVSPost2010PropOp57
 70
     0
  0
XRECORD
  5
1AA9A0
102
{ACAD_REACTORS
330
1AA99F
102
}
330
1AA99F
100
AcDbXrecord
280
     1
102
RTVSPost2010Prop28
280
     0
102
RTVSPost2010PropOp28
 70
     1
102
RTVSPost2010Prop29
280
     1
102
RTVSPost2010PropOp29
 70
     1
102
RTVSPost2010Prop30
280
     1
102
RTVSPost2010PropOp30
 70
     1
102
RTVSPost2010Prop31
280
     0
102
RTVSPost2010PropOp31
 70
     1
102
RTVSPost2010Prop32
280
     0
102
RTVSPost2010PropOp32
 70
     1
102
RTVSPost2010Prop33
280
     0
102
RTVSPost2010PropOp33
 70
     1
102
RTVSPost2010Prop34
280
     0
102
RTVSPost2010PropOp34
 70
     1
102
RTVSPost2010Prop35
280
     0
102
RTVSPost2010PropOp35
 70
     1
102
RTVSPost2010Prop36
280
     0
102
RTVSPost2010PropOp36
 70
     1
102
RTVSPost2010Prop37
 90
       50
102
RTVSPost2010PropOp37
 70
     1
102
RTVSPost2010Prop38
140
0.0
102
RTVSPost2010PropOp38
 70
     1
102
RTVSPost2010Prop39
140
1.0
102
RTVSPost2010PropOp39
 70
     1
102
RTVSPost2010Prop40
 90
        0
102
RTVSPost2010PropOp40
 70
     1
102
RTVSPost2010Prop41ColorIndex
 90
       18
102
RTVSPost2010Prop41ColorRGB
 90
        0
102
RTVSPost2010PropOp41
 70
     1
102
RTVSPost2010Prop42
 90
       50
102
RTVSPost2010PropOp42
 70
     1
102
RTVSPost2010Prop43
 90
        3
102
RTVSPost2010PropOp43
 70
     1
102
RTVSPost2010Prop44ColorIndex
 90
        5
102
RTVSPost2010Prop44ColorRGB
 90
      255
102
RTVSPost2010PropOp44
 70
     1
102
RTVSPost2010Prop45
280
     0
102
RTVSPost2010PropOp45
 70
     1
102
RTVSPost2010Prop46
 90
       50
102
RTVSPost2010PropOp46
 70
     1
102
RTVSPost2010Prop47
 90
       50
102
RTVSPost2010PropOp47
 70
     1
102
RTVSPost2010Prop48
 90
       50
102
RTVSPost2010PropOp48
 70
     1
102
RTVSPost2010Prop49
280
     0
102
RTVSPost2010PropOp49
 70
     1
102
RTVSPost2010Prop50
 90
       50
102
RTVSPost2010PropOp50
 70
     1
102
RTVSPost2010Prop51ColorIndex
 90
      256
102
RTVSPost2010Prop51ColorRGB
 90
-16777216
102
RTVSPost2010PropOp51
 70
     0
102
RTVSPost2010Prop52
140
1.0
102
RTVSPost2010PropOp52
 70
     0
102
RTVSPost2010Prop53
 90
        2
102
RTVSPost2010PropOp53
 70
     1
102
RTVSPost2010Prop54
  1
strokes_ogs.tif
102
RTVSPost2010PropOp54
 70
     1
102
RTVSPost2010Prop55
280
     0
102
RTVSPost2010PropOp55
 70
     1
102
RTVSPost2010Prop56
140
1.0
102
RTVSPost2010PropOp56
 70
     1
102
RTVSPost2010Prop57
140
1.0
102
RTVSPost2010PropOp57
 70
     1
  0
XRECORD
  5
1AA984
102
{ACAD_REACTORS
330
1AA983
102
}
330
1AA983
100
AcDbXrecord
280
     1
102
RTVSPost2010Prop28
280
     0
102
RTVSPost2010PropOp28
 70
     1
102
RTVSPost2010Prop29
280
     1
102
RTVSPost2010PropOp29
 70
     1
102
RTVSPost2010Prop30
280
     1
102
RTVSPost2010PropOp30
 70
     1
102
RTVSPost2010Prop31
280
     0
102
RTVSPost2010PropOp31
 70
     1
102
RTVSPost2010Prop32
280
     0
102
RTVSPost2010PropOp32
 70
     1
102
RTVSPost2010Prop33
280
     0
102
RTVSPost2010PropOp33
 70
     1
102
RTVSPost2010Prop34
280
     0
102
RTVSPost2010PropOp34
 70
     1
102
RTVSPost2010Prop35
280
     0
102
RTVSPost2010PropOp35
 70
     1
102
RTVSPost2010Prop36
280
     0
102
RTVSPost2010PropOp36
 70
     1
102
RTVSPost2010Prop37
 90
       50
102
RTVSPost2010PropOp37
 70
     1
102
RTVSPost2010Prop38
140
0.0
102
RTVSPost2010PropOp38
 70
     1
102
RTVSPost2010Prop39
140
1.0
102
RTVSPost2010PropOp39
 70
     1
102
RTVSPost2010Prop40
 90
        0
102
RTVSPost2010PropOp40
 70
     1
102
RTVSPost2010Prop41ColorIndex
 90
       18
102
RTVSPost2010Prop41ColorRGB
 90
        0
102
RTVSPost2010PropOp41
 70
     1
102
RTVSPost2010Prop42
 90
       50
102
RTVSPost2010PropOp42
 70
     1
102
RTVSPost2010Prop43
 90
        3
102
RTVSPost2010PropOp43
 70
     1
102
RTVSPost2010Prop44ColorIndex
 90
        5
102
RTVSPost2010Prop44ColorRGB
 90
      255
102
RTVSPost2010PropOp44
 70
     1
102
RTVSPost2010Prop45
280
     0
102
RTVSPost2010PropOp45
 70
     1
102
RTVSPost2010Prop46
 90
       50
102
RTVSPost2010PropOp46
 70
     1
102
RTVSPost2010Prop47
 90
       50
102
RTVSPost2010PropOp47
 70
     1
102
RTVSPost2010Prop48
 90
       50
102
RTVSPost2010PropOp48
 70
     1
102
RTVSPost2010Prop49
280
     0
102
RTVSPost2010PropOp49
 70
     1
102
RTVSPost2010Prop50
 90
       50
102
RTVSPost2010PropOp50
 70
     1
102
RTVSPost2010Prop51ColorIndex
 90
      256
102
RTVSPost2010Prop51ColorRGB
 90
-16777216
102
RTVSPost2010PropOp51
 70
     0
102
RTVSPost2010Prop52
140
1.0
102
RTVSPost2010PropOp52
 70
     0
102
RTVSPost2010Prop53
 90
        2
102
RTVSPost2010PropOp53
 70
     1
102
RTVSPost2010Prop54
  1
strokes_ogs.tif
102
RTVSPost2010PropOp54
 70
     1
102
RTVSPost2010Prop55
280
     0
102
RTVSPost2010PropOp55
 70
     1
102
RTVSPost2010Prop56
140
1.0
102
RTVSPost2010PropOp56
 70
     1
102
RTVSPost2010Prop57
140
1.0
102
RTVSPost2010PropOp57
 70
     1
  0
XRECORD
  5
1AA986
102
{ACAD_REACTORS
330
1AA985
102
}
330
1AA985
100
AcDbXrecord
280
     1
102
RTVSPost2010Prop28
280
     0
102
RTVSPost2010PropOp28
 70
     1
102
RTVSPost2010Prop29
280
     1
102
RTVSPost2010PropOp29
 70
     1
102
RTVSPost2010Prop30
280
     1
102
RTVSPost2010PropOp30
 70
     1
102
RTVSPost2010Prop31
280
     0
102
RTVSPost2010PropOp31
 70
     1
102
RTVSPost2010Prop32
280
     0
102
RTVSPost2010PropOp32
 70
     1
102
RTVSPost2010Prop33
280
     0
102
RTVSPost2010PropOp33
 70
     1
102
RTVSPost2010Prop34
280
     0
102
RTVSPost2010PropOp34
 70
     1
102
RTVSPost2010Prop35
280
     0
102
RTVSPost2010PropOp35
 70
     1
102
RTVSPost2010Prop36
280
     0
102
RTVSPost2010PropOp36
 70
     1
102
RTVSPost2010Prop37
 90
       50
102
RTVSPost2010PropOp37
 70
     1
102
RTVSPost2010Prop38
140
0.0
102
RTVSPost2010PropOp38
 70
     1
102
RTVSPost2010Prop39
140
1.0
102
RTVSPost2010PropOp39
 70
     1
102
RTVSPost2010Prop40
 90
        0
102
RTVSPost2010PropOp40
 70
     1
102
RTVSPost2010Prop41ColorIndex
 90
       18
102
RTVSPost2010Prop41ColorRGB
 90
        0
102
RTVSPost2010PropOp41
 70
     1
102
RTVSPost2010Prop42
 90
       50
102
RTVSPost2010PropOp42
 70
     1
102
RTVSPost2010Prop43
 90
        3
102
RTVSPost2010PropOp43
 70
     1
102
RTVSPost2010Prop44ColorIndex
 90
        5
102
RTVSPost2010Prop44ColorRGB
 90
      255
102
RTVSPost2010PropOp44
 70
     1
102
RTVSPost2010Prop45
280
     0
102
RTVSPost2010PropOp45
 70
     1
102
RTVSPost2010Prop46
 90
       50
102
RTVSPost2010PropOp46
 70
     1
102
RTVSPost2010Prop47
 90
       50
102
RTVSPost2010PropOp47
 70
     1
102
RTVSPost2010Prop48
 90
       50
102
RTVSPost2010PropOp48
 70
     1
102
RTVSPost2010Prop49
280
     0
102
RTVSPost2010PropOp49
 70
     1
102
RTVSPost2010Prop50
 90
       50
102
RTVSPost2010PropOp50
 70
     1
102
RTVSPost2010Prop51ColorIndex
 90
      256
102
RTVSPost2010Prop51ColorRGB
 90
-16777216
102
RTVSPost2010PropOp51
 70
     0
102
RTVSPost2010Prop52
140
1.0
102
RTVSPost2010PropOp52
 70
     0
102
RTVSPost2010Prop53
 90
        2
102
RTVSPost2010PropOp53
 70
     1
102
RTVSPost2010Prop54
  1
strokes_ogs.tif
102
RTVSPost2010PropOp54
 70
     1
102
RTVSPost2010Prop55
280
     0
102
RTVSPost2010PropOp55
 70
     1
102
RTVSPost2010Prop56
140
1.0
102
RTVSPost2010PropOp56
 70
     1
102
RTVSPost2010Prop57
140
1.0
102
RTVSPost2010PropOp57
 70
     1
  0
XRECORD
  5
1AA988
102
{ACAD_REACTORS
330
1AA987
102
}
330
1AA987
100
AcDbXrecord
280
     1
102
RTVSPost2010Prop28
280
     0
102
RTVSPost2010PropOp28
 70
     1
102
RTVSPost2010Prop29
280
     1
102
RTVSPost2010PropOp29
 70
     1
102
RTVSPost2010Prop30
280
     1
102
RTVSPost2010PropOp30
 70
     1
102
RTVSPost2010Prop31
280
     0
102
RTVSPost2010PropOp31
 70
     1
102
RTVSPost2010Prop32
280
     0
102
RTVSPost2010PropOp32
 70
     1
102
RTVSPost2010Prop33
280
     0
102
RTVSPost2010PropOp33
 70
     1
102
RTVSPost2010Prop34
280
     0
102
RTVSPost2010PropOp34
 70
     1
102
RTVSPost2010Prop35
280
     0
102
RTVSPost2010PropOp35
 70
     1
102
RTVSPost2010Prop36
280
     0
102
RTVSPost2010PropOp36
 70
     1
102
RTVSPost2010Prop37
 90
       50
102
RTVSPost2010PropOp37
 70
     1
102
RTVSPost2010Prop38
140
0.0
102
RTVSPost2010PropOp38
 70
     1
102
RTVSPost2010Prop39
140
1.0
102
RTVSPost2010PropOp39
 70
     1
102
RTVSPost2010Prop40
 90
        0
102
RTVSPost2010PropOp40
 70
     1
102
RTVSPost2010Prop41ColorIndex
 90
       18
102
RTVSPost2010Prop41ColorRGB
 90
        0
102
RTVSPost2010PropOp41
 70
     1
102
RTVSPost2010Prop42
 90
       50
102
RTVSPost2010PropOp42
 70
     1
102
RTVSPost2010Prop43
 90
        3
102
RTVSPost2010PropOp43
 70
     1
102
RTVSPost2010Prop44ColorIndex
 90
        5
102
RTVSPost2010Prop44ColorRGB
 90
      255
102
RTVSPost2010PropOp44
 70
     1
102
RTVSPost2010Prop45
280
     0
102
RTVSPost2010PropOp45
 70
     1
102
RTVSPost2010Prop46
 90
       50
102
RTVSPost2010PropOp46
 70
     1
102
RTVSPost2010Prop47
 90
       50
102
RTVSPost2010PropOp47
 70
     1
102
RTVSPost2010Prop48
 90
       50
102
RTVSPost2010PropOp48
 70
     1
102
RTVSPost2010Prop49
280
     0
102
RTVSPost2010PropOp49
 70
     1
102
RTVSPost2010Prop50
 90
       50
102
RTVSPost2010PropOp50
 70
     1
102
RTVSPost2010Prop51ColorIndex
 90
      256
102
RTVSPost2010Prop51ColorRGB
 90
-16777216
102
RTVSPost2010PropOp51
 70
     0
102
RTVSPost2010Prop52
140
1.0
102
RTVSPost2010PropOp52
 70
     0
102
RTVSPost2010Prop53
 90
        2
102
RTVSPost2010PropOp53
 70
     1
102
RTVSPost2010Prop54
  1
strokes_ogs.tif
102
RTVSPost2010PropOp54
 70
     1
102
RTVSPost2010Prop55
280
     0
102
RTVSPost2010PropOp55
 70
     1
102
RTVSPost2010Prop56
140
1.0
102
RTVSPost2010PropOp56
 70
     1
102
RTVSPost2010Prop57
140
1.0
102
RTVSPost2010PropOp57
 70
     1
  0
XRECORD
  5
1AA98A
102
{ACAD_REACTORS
330
1AA989
102
}
330
1AA989
100
AcDbXrecord
280
     1
102
RTVSPost2010Prop28
280
     0
102
RTVSPost2010PropOp28
 70
     1
102
RTVSPost2010Prop29
280
     1
102
RTVSPost2010PropOp29
 70
     1
102
RTVSPost2010Prop30
280
     1
102
RTVSPost2010PropOp30
 70
     1
102
RTVSPost2010Prop31
280
     0
102
RTVSPost2010PropOp31
 70
     1
102
RTVSPost2010Prop32
280
     0
102
RTVSPost2010PropOp32
 70
     1
102
RTVSPost2010Prop33
280
     0
102
RTVSPost2010PropOp33
 70
     1
102
RTVSPost2010Prop34
280
     0
102
RTVSPost2010PropOp34
 70
     1
102
RTVSPost2010Prop35
280
     0
102
RTVSPost2010PropOp35
 70
     1
102
RTVSPost2010Prop36
280
     0
102
RTVSPost2010PropOp36
 70
     1
102
RTVSPost2010Prop37
 90
       50
102
RTVSPost2010PropOp37
 70
     1
102
RTVSPost2010Prop38
140
0.0
102
RTVSPost2010PropOp38
 70
     1
102
RTVSPost2010Prop39
140
1.0
102
RTVSPost2010PropOp39
 70
     1
102
RTVSPost2010Prop40
 90
        0
102
RTVSPost2010PropOp40
 70
     1
102
RTVSPost2010Prop41ColorIndex
 90
       18
102
RTVSPost2010Prop41ColorRGB
 90
        0
102
RTVSPost2010PropOp41
 70
     1
102
RTVSPost2010Prop42
 90
       50
102
RTVSPost2010PropOp42
 70
     1
102
RTVSPost2010Prop43
 90
        3
102
RTVSPost2010PropOp43
 70
     1
102
RTVSPost2010Prop44ColorIndex
 90
        5
102
RTVSPost2010Prop44ColorRGB
 90
      255
102
RTVSPost2010PropOp44
 70
     1
102
RTVSPost2010Prop45
280
     0
102
RTVSPost2010PropOp45
 70
     1
102
RTVSPost2010Prop46
 90
       50
102
RTVSPost2010PropOp46
 70
     1
102
RTVSPost2010Prop47
 90
       50
102
RTVSPost2010PropOp47
 70
     1
102
RTVSPost2010Prop48
 90
       50
102
RTVSPost2010PropOp48
 70
     1
102
RTVSPost2010Prop49
280
     0
102
RTVSPost2010PropOp49
 70
     1
102
RTVSPost2010Prop50
 90
       50
102
RTVSPost2010PropOp50
 70
     1
102
RTVSPost2010Prop51ColorIndex
 90
      256
102
RTVSPost2010Prop51ColorRGB
 90
-16777216
102
RTVSPost2010PropOp51
 70
     0
102
RTVSPost2010Prop52
140
1.0
102
RTVSPost2010PropOp52
 70
     0
102
RTVSPost2010Prop53
 90
        2
102
RTVSPost2010PropOp53
 70
     1
102
RTVSPost2010Prop54
  1
strokes_ogs.tif
102
RTVSPost2010PropOp54
 70
     1
102
RTVSPost2010Prop55
280
     0
102
RTVSPost2010PropOp55
 70
     1
102
RTVSPost2010Prop56
140
1.0
102
RTVSPost2010PropOp56
 70
     1
102
RTVSPost2010Prop57
140
1.0
102
RTVSPost2010PropOp57
 70
     1
  0
XRECORD
  5
1AA990
102
{ACAD_REACTORS
330
1AA98F
102
}
330
1AA98F
100
AcDbXrecord
280
     1
102
RTVSPost2010Prop28
280
     0
102
RTVSPost2010PropOp28
 70
     1
102
RTVSPost2010Prop29
280
     1
102
RTVSPost2010PropOp29
 70
     1
102
RTVSPost2010Prop30
280
     1
102
RTVSPost2010PropOp30
 70
     1
102
RTVSPost2010Prop31
280
     0
102
RTVSPost2010PropOp31
 70
     1
102
RTVSPost2010Prop32
280
     0
102
RTVSPost2010PropOp32
 70
     1
102
RTVSPost2010Prop33
280
     0
102
RTVSPost2010PropOp33
 70
     1
102
RTVSPost2010Prop34
280
     0
102
RTVSPost2010PropOp34
 70
     1
102
RTVSPost2010Prop35
280
     0
102
RTVSPost2010PropOp35
 70
     1
102
RTVSPost2010Prop36
280
     0
102
RTVSPost2010PropOp36
 70
     1
102
RTVSPost2010Prop37
 90
       50
102
RTVSPost2010PropOp37
 70
     1
102
RTVSPost2010Prop38
140
0.0
102
RTVSPost2010PropOp38
 70
     1
102
RTVSPost2010Prop39
140
1.0
102
RTVSPost2010PropOp39
 70
     1
102
RTVSPost2010Prop40
 90
        0
102
RTVSPost2010PropOp40
 70
     1
102
RTVSPost2010Prop41ColorIndex
 90
       18
102
RTVSPost2010Prop41ColorRGB
 90
        0
102
RTVSPost2010PropOp41
 70
     1
102
RTVSPost2010Prop42
 90
       50
102
RTVSPost2010PropOp42
 70
     1
102
RTVSPost2010Prop43
 90
        3
102
RTVSPost2010PropOp43
 70
     1
102
RTVSPost2010Prop44ColorIndex
 90
        5
102
RTVSPost2010Prop44ColorRGB
 90
      255
102
RTVSPost2010PropOp44
 70
     1
102
RTVSPost2010Prop45
280
     0
102
RTVSPost2010PropOp45
 70
     1
102
RTVSPost2010Prop46
 90
       50
102
RTVSPost2010PropOp46
 70
     1
102
RTVSPost2010Prop47
 90
       50
102
RTVSPost2010PropOp47
 70
     1
102
RTVSPost2010Prop48
 90
       50
102
RTVSPost2010PropOp48
 70
     1
102
RTVSPost2010Prop49
280
     0
102
RTVSPost2010PropOp49
 70
     1
102
RTVSPost2010Prop50
 90
       50
102
RTVSPost2010PropOp50
 70
     1
102
RTVSPost2010Prop51ColorIndex
 90
      256
102
RTVSPost2010Prop51ColorRGB
 90
-16777216
102
RTVSPost2010PropOp51
 70
     0
102
RTVSPost2010Prop52
140
1.0
102
RTVSPost2010PropOp52
 70
     0
102
RTVSPost2010Prop53
 90
        2
102
RTVSPost2010PropOp53
 70
     1
102
RTVSPost2010Prop54
  1
strokes_ogs.tif
102
RTVSPost2010PropOp54
 70
     1
102
RTVSPost2010Prop55
280
     0
102
RTVSPost2010PropOp55
 70
     1
102
RTVSPost2010Prop56
140
1.0
102
RTVSPost2010PropOp56
 70
     1
102
RTVSPost2010Prop57
140
1.0
102
RTVSPost2010PropOp57
 70
     1
  0
XRECORD
  5
1AA9A4
102
{ACAD_REACTORS
330
1AA9A3
102
}
330
1AA9A3
100
AcDbXrecord
280
     1
102
RTVSPost2010Prop28
280
     0
102
RTVSPost2010PropOp28
 70
     0
102
RTVSPost2010Prop29
280
     1
102
RTVSPost2010PropOp29
 70
     0
102
RTVSPost2010Prop30
280
     1
102
RTVSPost2010PropOp30
 70
     0
102
RTVSPost2010Prop31
280
     0
102
RTVSPost2010PropOp31
 70
     0
102
RTVSPost2010Prop32
280
     0
102
RTVSPost2010PropOp32
 70
     0
102
RTVSPost2010Prop33
280
     0
102
RTVSPost2010PropOp33
 70
     0
102
RTVSPost2010Prop34
280
     0
102
RTVSPost2010PropOp34
 70
     0
102
RTVSPost2010Prop35
280
     0
102
RTVSPost2010PropOp35
 70
     0
102
RTVSPost2010Prop36
280
     0
102
RTVSPost2010PropOp36
 70
     0
102
RTVSPost2010Prop37
 90
       50
102
RTVSPost2010PropOp37
 70
     0
102
RTVSPost2010Prop38
140
0.0
102
RTVSPost2010PropOp38
 70
     0
102
RTVSPost2010Prop39
140
1.0
102
RTVSPost2010PropOp39
 70
     0
102
RTVSPost2010Prop40
 90
        0
102
RTVSPost2010PropOp40
 70
     0
102
RTVSPost2010Prop41ColorIndex
 90
       18
102
RTVSPost2010Prop41ColorRGB
 90
        0
102
RTVSPost2010PropOp41
 70
     0
102
RTVSPost2010Prop42
 90
       50
102
RTVSPost2010PropOp42
 70
     0
102
RTVSPost2010Prop43
 90
        3
102
RTVSPost2010PropOp43
 70
     0
102
RTVSPost2010Prop44ColorIndex
 90
        5
102
RTVSPost2010Prop44ColorRGB
 90
      255
102
RTVSPost2010PropOp44
 70
     0
102
RTVSPost2010Prop45
280
     0
102
RTVSPost2010PropOp45
 70
     0
102
RTVSPost2010Prop46
 90
       50
102
RTVSPost2010PropOp46
 70
     0
102
RTVSPost2010Prop47
 90
       50
102
RTVSPost2010PropOp47
 70
     0
102
RTVSPost2010Prop48
 90
       50
102
RTVSPost2010PropOp48
 70
     0
102
RTVSPost2010Prop49
280
     0
102
RTVSPost2010PropOp49
 70
     0
102
RTVSPost2010Prop50
 90
       50
102
RTVSPost2010PropOp50
 70
     0
102
RTVSPost2010Prop51ColorIndex
 90
      256
102
RTVSPost2010Prop51ColorRGB
 90
-16777216
102
RTVSPost2010PropOp51
 70
     0
102
RTVSPost2010Prop52
140
1.0
102
RTVSPost2010PropOp52
 70
     0
102
RTVSPost2010Prop53
 90
        2
102
RTVSPost2010PropOp53
 70
     0
102
RTVSPost2010Prop54
  1
strokes_ogs.tif
102
RTVSPost2010PropOp54
 70
     0
102
RTVSPost2010Prop55
280
     0
102
RTVSPost2010PropOp55
 70
     0
102
RTVSPost2010Prop56
140
1.0
102
RTVSPost2010PropOp56
 70
     0
102
RTVSPost2010Prop57
140
1.0
102
RTVSPost2010PropOp57
 70
     0
  0
XRECORD
  5
1AA99E
102
{ACAD_REACTORS
330
1AA99D
102
}
330
1AA99D
100
AcDbXrecord
280
     1
102
RTVSPost2010Prop28
280
     0
102
RTVSPost2010PropOp28
 70
     1
102
RTVSPost2010Prop29
280
     1
102
RTVSPost2010PropOp29
 70
     1
102
RTVSPost2010Prop30
280
     1
102
RTVSPost2010PropOp30
 70
     1
102
RTVSPost2010Prop31
280
     0
102
RTVSPost2010PropOp31
 70
     1
102
RTVSPost2010Prop32
280
     0
102
RTVSPost2010PropOp32
 70
     1
102
RTVSPost2010Prop33
280
     0
102
RTVSPost2010PropOp33
 70
     1
102
RTVSPost2010Prop34
280
     0
102
RTVSPost2010PropOp34
 70
     1
102
RTVSPost2010Prop35
280
     0
102
RTVSPost2010PropOp35
 70
     1
102
RTVSPost2010Prop36
280
     0
102
RTVSPost2010PropOp36
 70
     1
102
RTVSPost2010Prop37
 90
       50
102
RTVSPost2010PropOp37
 70
     1
102
RTVSPost2010Prop38
140
0.0
102
RTVSPost2010PropOp38
 70
     1
102
RTVSPost2010Prop39
140
1.0
102
RTVSPost2010PropOp39
 70
     1
102
RTVSPost2010Prop40
 90
        0
102
RTVSPost2010PropOp40
 70
     1
102
RTVSPost2010Prop41ColorIndex
 90
       18
102
RTVSPost2010Prop41ColorRGB
 90
        0
102
RTVSPost2010PropOp41
 70
     1
102
RTVSPost2010Prop42
 90
       50
102
RTVSPost2010PropOp42
 70
     1
102
RTVSPost2010Prop43
 90
        3
102
RTVSPost2010PropOp43
 70
     1
102
RTVSPost2010Prop44ColorIndex
 90
        5
102
RTVSPost2010Prop44ColorRGB
 90
      255
102
RTVSPost2010PropOp44
 70
     1
102
RTVSPost2010Prop45
280
     0
102
RTVSPost2010PropOp45
 70
     1
102
RTVSPost2010Prop46
 90
       50
102
RTVSPost2010PropOp46
 70
     1
102
RTVSPost2010Prop47
 90
       50
102
RTVSPost2010PropOp47
 70
     1
102
RTVSPost2010Prop48
 90
       50
102
RTVSPost2010PropOp48
 70
     1
102
RTVSPost2010Prop49
280
     0
102
RTVSPost2010PropOp49
 70
     1
102
RTVSPost2010Prop50
 90
       50
102
RTVSPost2010PropOp50
 70
     1
102
RTVSPost2010Prop51ColorIndex
 90
      256
102
RTVSPost2010Prop51ColorRGB
 90
-16777216
102
RTVSPost2010PropOp51
 70
     0
102
RTVSPost2010Prop52
140
1.0
102
RTVSPost2010PropOp52
 70
     0
102
RTVSPost2010Prop53
 90
        2
102
RTVSPost2010PropOp53
 70
     1
102
RTVSPost2010Prop54
  1
strokes_ogs.tif
102
RTVSPost2010PropOp54
 70
     1
102
RTVSPost2010Prop55
280
     0
102
RTVSPost2010PropOp55
 70
     1
102
RTVSPost2010Prop56
140
1.0
102
RTVSPost2010PropOp56
 70
     1
102
RTVSPost2010Prop57
140
1.0
102
RTVSPost2010PropOp57
 70
     1
  0
XRECORD
  5
1AA9A6
102
{ACAD_REACTORS
330
1AA9A5
102
}
330
1AA9A5
100
AcDbXrecord
280
     1
102
RTVSPost2010Prop28
280
     0
102
RTVSPost2010PropOp28
 70
     0
102
RTVSPost2010Prop29
280
     1
102
RTVSPost2010PropOp29
 70
     0
102
RTVSPost2010Prop30
280
     1
102
RTVSPost2010PropOp30
 70
     0
102
RTVSPost2010Prop31
280
     0
102
RTVSPost2010PropOp31
 70
     0
102
RTVSPost2010Prop32
280
     0
102
RTVSPost2010PropOp32
 70
     0
102
RTVSPost2010Prop33
280
     0
102
RTVSPost2010PropOp33
 70
     0
102
RTVSPost2010Prop34
280
     0
102
RTVSPost2010PropOp34
 70
     0
102
RTVSPost2010Prop35
280
     0
102
RTVSPost2010PropOp35
 70
     0
102
RTVSPost2010Prop36
280
     0
102
RTVSPost2010PropOp36
 70
     0
102
RTVSPost2010Prop37
 90
       50
102
RTVSPost2010PropOp37
 70
     0
102
RTVSPost2010Prop38
140
0.0
102
RTVSPost2010PropOp38
 70
     0
102
RTVSPost2010Prop39
140
1.0
102
RTVSPost2010PropOp39
 70
     0
102
RTVSPost2010Prop40
 90
        0
102
RTVSPost2010PropOp40
 70
     0
102
RTVSPost2010Prop41ColorIndex
 90
       18
102
RTVSPost2010Prop41ColorRGB
 90
        0
102
RTVSPost2010PropOp41
 70
     0
102
RTVSPost2010Prop42
 90
       50
102
RTVSPost2010PropOp42
 70
     0
102
RTVSPost2010Prop43
 90
        3
102
RTVSPost2010PropOp43
 70
     0
102
RTVSPost2010Prop44ColorIndex
 90
        5
102
RTVSPost2010Prop44ColorRGB
 90
      255
102
RTVSPost2010PropOp44
 70
     0
102
RTVSPost2010Prop45
280
     0
102
RTVSPost2010PropOp45
 70
     0
102
RTVSPost2010Prop46
 90
       50
102
RTVSPost2010PropOp46
 70
     0
102
RTVSPost2010Prop47
 90
       50
102
RTVSPost2010PropOp47
 70
     0
102
RTVSPost2010Prop48
 90
       50
102
RTVSPost2010PropOp48
 70
     0
102
RTVSPost2010Prop49
280
     0
102
RTVSPost2010PropOp49
 70
     0
102
RTVSPost2010Prop50
 90
       50
102
RTVSPost2010PropOp50
 70
     0
102
RTVSPost2010Prop51ColorIndex
 90
      256
102
RTVSPost2010Prop51ColorRGB
 90
-16777216
102
RTVSPost2010PropOp51
 70
     0
102
RTVSPost2010Prop52
140
1.0
102
RTVSPost2010PropOp52
 70
     0
102
RTVSPost2010Prop53
 90
        2
102
RTVSPost2010PropOp53
 70
     0
102
RTVSPost2010Prop54
  1
strokes_ogs.tif
102
RTVSPost2010PropOp54
 70
     0
102
RTVSPost2010Prop55
280
     0
102
RTVSPost2010PropOp55
 70
     0
102
RTVSPost2010Prop56
140
1.0
102
RTVSPost2010PropOp56
 70
     0
102
RTVSPost2010Prop57
140
1.0
102
RTVSPost2010PropOp57
 70
     0
  0
XRECORD
  5
1AA994
102
{ACAD_REACTORS
330
1AA993
102
}
330
1AA993
100
AcDbXrecord
280
     1
102
RTVSPost2010Prop28
280
     0
102
RTVSPost2010PropOp28
 70
     1
102
RTVSPost2010Prop29
280
     1
102
RTVSPost2010PropOp29
 70
     1
102
RTVSPost2010Prop30
280
     1
102
RTVSPost2010PropOp30
 70
     1
102
RTVSPost2010Prop31
280
     0
102
RTVSPost2010PropOp31
 70
     1
102
RTVSPost2010Prop32
280
     0
102
RTVSPost2010PropOp32
 70
     1
102
RTVSPost2010Prop33
280
     0
102
RTVSPost2010PropOp33
 70
     1
102
RTVSPost2010Prop34
280
     0
102
RTVSPost2010PropOp34
 70
     1
102
RTVSPost2010Prop35
280
     0
102
RTVSPost2010PropOp35
 70
     1
102
RTVSPost2010Prop36
280
     0
102
RTVSPost2010PropOp36
 70
     1
102
RTVSPost2010Prop37
 90
       50
102
RTVSPost2010PropOp37
 70
     1
102
RTVSPost2010Prop38
140
0.0
102
RTVSPost2010PropOp38
 70
     1
102
RTVSPost2010Prop39
140
1.0
102
RTVSPost2010PropOp39
 70
     1
102
RTVSPost2010Prop40
 90
        0
102
RTVSPost2010PropOp40
 70
     1
102
RTVSPost2010Prop41ColorIndex
 90
       18
102
RTVSPost2010Prop41ColorRGB
 90
        0
102
RTVSPost2010PropOp41
 70
     1
102
RTVSPost2010Prop42
 90
       50
102
RTVSPost2010PropOp42
 70
     1
102
RTVSPost2010Prop43
 90
        3
102
RTVSPost2010PropOp43
 70
     1
102
RTVSPost2010Prop44ColorIndex
 90
        5
102
RTVSPost2010Prop44ColorRGB
 90
      255
102
RTVSPost2010PropOp44
 70
     1
102
RTVSPost2010Prop45
280
     0
102
RTVSPost2010PropOp45
 70
     1
102
RTVSPost2010Prop46
 90
       50
102
RTVSPost2010PropOp46
 70
     1
102
RTVSPost2010Prop47
 90
       50
102
RTVSPost2010PropOp47
 70
     1
102
RTVSPost2010Prop48
 90
       50
102
RTVSPost2010PropOp48
 70
     1
102
RTVSPost2010Prop49
280
     0
102
RTVSPost2010PropOp49
 70
     1
102
RTVSPost2010Prop50
 90
       50
102
RTVSPost2010PropOp50
 70
     1
102
RTVSPost2010Prop51ColorIndex
 90
      256
102
RTVSPost2010Prop51ColorRGB
 90
-16777216
102
RTVSPost2010PropOp51
 70
     0
102
RTVSPost2010Prop52
140
1.0
102
RTVSPost2010PropOp52
 70
     0
102
RTVSPost2010Prop53
 90
        2
102
RTVSPost2010PropOp53
 70
     1
102
RTVSPost2010Prop54
  1
strokes_ogs.tif
102
RTVSPost2010PropOp54
 70
     1
102
RTVSPost2010Prop55
280
     0
102
RTVSPost2010PropOp55
 70
     1
102
RTVSPost2010Prop56
140
1.0
102
RTVSPost2010PropOp56
 70
     1
102
RTVSPost2010Prop57
140
1.0
102
RTVSPost2010PropOp57
 70
     1
  0
XRECORD
  5
1AA9B2
102
{ACAD_REACTORS
330
1AA9B1
102
}
330
1AA9B1
100
AcDbXrecord
280
     1
102
RTVSPost2010Prop28
280
     0
102
RTVSPost2010PropOp28
 70
     1
102
RTVSPost2010Prop29
280
     1
102
RTVSPost2010PropOp29
 70
     1
102
RTVSPost2010Prop30
280
     1
102
RTVSPost2010PropOp30
 70
     1
102
RTVSPost2010Prop31
280
     0
102
RTVSPost2010PropOp31
 70
     1
102
RTVSPost2010Prop32
280
     0
102
RTVSPost2010PropOp32
 70
     1
102
RTVSPost2010Prop33
280
     0
102
RTVSPost2010PropOp33
 70
     1
102
RTVSPost2010Prop34
280
     0
102
RTVSPost2010PropOp34
 70
     1
102
RTVSPost2010Prop35
280
     0
102
RTVSPost2010PropOp35
 70
     1
102
RTVSPost2010Prop36
280
     0
102
RTVSPost2010PropOp36
 70
     1
102
RTVSPost2010Prop37
 90
       50
102
RTVSPost2010PropOp37
 70
     1
102
RTVSPost2010Prop38
140
0.0
102
RTVSPost2010PropOp38
 70
     1
102
RTVSPost2010Prop39
140
1.0
102
RTVSPost2010PropOp39
 70
     1
102
RTVSPost2010Prop40
 90
        0
102
RTVSPost2010PropOp40
 70
     1
102
RTVSPost2010Prop41ColorIndex
 90
       18
102
RTVSPost2010Prop41ColorRGB
 90
        0
102
RTVSPost2010PropOp41
 70
     1
102
RTVSPost2010Prop42
 90
       50
102
RTVSPost2010PropOp42
 70
     1
102
RTVSPost2010Prop43
 90
        3
102
RTVSPost2010PropOp43
 70
     1
102
RTVSPost2010Prop44ColorIndex
 90
        5
102
RTVSPost2010Prop44ColorRGB
 90
      255
102
RTVSPost2010PropOp44
 70
     1
102
RTVSPost2010Prop45
280
     0
102
RTVSPost2010PropOp45
 70
     1
102
RTVSPost2010Prop46
 90
       50
102
RTVSPost2010PropOp46
 70
     1
102
RTVSPost2010Prop47
 90
       50
102
RTVSPost2010PropOp47
 70
     1
102
RTVSPost2010Prop48
 90
       50
102
RTVSPost2010PropOp48
 70
     1
102
RTVSPost2010Prop49
280
     0
102
RTVSPost2010PropOp49
 70
     1
102
RTVSPost2010Prop50
 90
       50
102
RTVSPost2010PropOp50
 70
     1
102
RTVSPost2010Prop51ColorIndex
 90
      256
102
RTVSPost2010Prop51ColorRGB
 90
-16777216
102
RTVSPost2010PropOp51
 70
     0
102
RTVSPost2010Prop52
140
1.0
102
RTVSPost2010PropOp52
 70
     0
102
RTVSPost2010Prop53
 90
        2
102
RTVSPost2010PropOp53
 70
     1
102
RTVSPost2010Prop54
  1
strokes_ogs.tif
102
RTVSPost2010PropOp54
 70
     1
102
RTVSPost2010Prop55
280
     0
102
RTVSPost2010PropOp55
 70
     1
102
RTVSPost2010Prop56
140
1.0
102
RTVSPost2010PropOp56
 70
     1
102
RTVSPost2010Prop57
140
1.0
102
RTVSPost2010PropOp57
 70
     1
  0
XRECORD
  5
1AA9B0
102
{ACAD_REACTORS
330
1AA9AF
102
}
330
1AA9AF
100
AcDbXrecord
280
     1
102
RTVSPost2010Prop28
280
     0
102
RTVSPost2010PropOp28
 70
     1
102
RTVSPost2010Prop29
280
     1
102
RTVSPost2010PropOp29
 70
     1
102
RTVSPost2010Prop30
280
     1
102
RTVSPost2010PropOp30
 70
     1
102
RTVSPost2010Prop31
280
     0
102
RTVSPost2010PropOp31
 70
     1
102
RTVSPost2010Prop32
280
     0
102
RTVSPost2010PropOp32
 70
     1
102
RTVSPost2010Prop33
280
     0
102
RTVSPost2010PropOp33
 70
     1
102
RTVSPost2010Prop34
280
     0
102
RTVSPost2010PropOp34
 70
     1
102
RTVSPost2010Prop35
280
     0
102
RTVSPost2010PropOp35
 70
     1
102
RTVSPost2010Prop36
280
     0
102
RTVSPost2010PropOp36
 70
     1
102
RTVSPost2010Prop37
 90
       50
102
RTVSPost2010PropOp37
 70
     1
102
RTVSPost2010Prop38
140
0.0
102
RTVSPost2010PropOp38
 70
     1
102
RTVSPost2010Prop39
140
1.0
102
RTVSPost2010PropOp39
 70
     1
102
RTVSPost2010Prop40
 90
        0
102
RTVSPost2010PropOp40
 70
     1
102
RTVSPost2010Prop41ColorIndex
 90
       18
102
RTVSPost2010Prop41ColorRGB
 90
        0
102
RTVSPost2010PropOp41
 70
     1
102
RTVSPost2010Prop42
 90
       50
102
RTVSPost2010PropOp42
 70
     1
102
RTVSPost2010Prop43
 90
        3
102
RTVSPost2010PropOp43
 70
     1
102
RTVSPost2010Prop44ColorIndex
 90
        5
102
RTVSPost2010Prop44ColorRGB
 90
      255
102
RTVSPost2010PropOp44
 70
     1
102
RTVSPost2010Prop45
280
     0
102
RTVSPost2010PropOp45
 70
     1
102
RTVSPost2010Prop46
 90
       50
102
RTVSPost2010PropOp46
 70
     1
102
RTVSPost2010Prop47
 90
       50
102
RTVSPost2010PropOp47
 70
     1
102
RTVSPost2010Prop48
 90
       50
102
RTVSPost2010PropOp48
 70
     1
102
RTVSPost2010Prop49
280
     0
102
RTVSPost2010PropOp49
 70
     1
102
RTVSPost2010Prop50
 90
       50
102
RTVSPost2010PropOp50
 70
     1
102
RTVSPost2010Prop51ColorIndex
 90
      256
102
RTVSPost2010Prop51ColorRGB
 90
-16777216
102
RTVSPost2010PropOp51
 70
     0
102
RTVSPost2010Prop52
140
1.0
102
RTVSPost2010PropOp52
 70
     0
102
RTVSPost2010Prop53
 90
        2
102
RTVSPost2010PropOp53
 70
     1
102
RTVSPost2010Prop54
  1
strokes_ogs.tif
102
RTVSPost2010PropOp54
 70
     1
102
RTVSPost2010Prop55
280
     0
102
RTVSPost2010PropOp55
 70
     1
102
RTVSPost2010Prop56
140
1.0
102
RTVSPost2010PropOp56
 70
     1
102
RTVSPost2010Prop57
140
1.0
102
RTVSPost2010PropOp57
 70
     1
  0
XRECORD
  5
1AA9AA
102
{ACAD_REACTORS
330
1AA9A9
102
}
330
1AA9A9
100
AcDbXrecord
280
     1
102
RTVSPost2010Prop28
280
     0
102
RTVSPost2010PropOp28
 70
     1
102
RTVSPost2010Prop29
280
     1
102
RTVSPost2010PropOp29
 70
     1
102
RTVSPost2010Prop30
280
     1
102
RTVSPost2010PropOp30
 70
     1
102
RTVSPost2010Prop31
280
     0
102
RTVSPost2010PropOp31
 70
     1
102
RTVSPost2010Prop32
280
     0
102
RTVSPost2010PropOp32
 70
     1
102
RTVSPost2010Prop33
280
     0
102
RTVSPost2010PropOp33
 70
     1
102
RTVSPost2010Prop34
280
     0
102
RTVSPost2010PropOp34
 70
     1
102
RTVSPost2010Prop35
280
     0
102
RTVSPost2010PropOp35
 70
     1
102
RTVSPost2010Prop36
280
     0
102
RTVSPost2010PropOp36
 70
     1
102
RTVSPost2010Prop37
 90
       50
102
RTVSPost2010PropOp37
 70
     1
102
RTVSPost2010Prop38
140
0.0
102
RTVSPost2010PropOp38
 70
     1
102
RTVSPost2010Prop39
140
1.0
102
RTVSPost2010PropOp39
 70
     1
102
RTVSPost2010Prop40
 90
        0
102
RTVSPost2010PropOp40
 70
     1
102
RTVSPost2010Prop41ColorIndex
 90
       18
102
RTVSPost2010Prop41ColorRGB
 90
        0
102
RTVSPost2010PropOp41
 70
     1
102
RTVSPost2010Prop42
 90
       50
102
RTVSPost2010PropOp42
 70
     1
102
RTVSPost2010Prop43
 90
        3
102
RTVSPost2010PropOp43
 70
     1
102
RTVSPost2010Prop44ColorIndex
 90
        5
102
RTVSPost2010Prop44ColorRGB
 90
      255
102
RTVSPost2010PropOp44
 70
     1
102
RTVSPost2010Prop45
280
     0
102
RTVSPost2010PropOp45
 70
     1
102
RTVSPost2010Prop46
 90
       50
102
RTVSPost2010PropOp46
 70
     1
102
RTVSPost2010Prop47
 90
       50
102
RTVSPost2010PropOp47
 70
     1
102
RTVSPost2010Prop48
 90
       50
102
RTVSPost2010PropOp48
 70
     1
102
RTVSPost2010Prop49
280
     0
102
RTVSPost2010PropOp49
 70
     1
102
RTVSPost2010Prop50
 90
       50
102
RTVSPost2010PropOp50
 70
     1
102
RTVSPost2010Prop51ColorIndex
 90
      256
102
RTVSPost2010Prop51ColorRGB
 90
-16777216
102
RTVSPost2010PropOp51
 70
     0
102
RTVSPost2010Prop52
140
1.0
102
RTVSPost2010PropOp52
 70
     0
102
RTVSPost2010Prop53
 90
        2
102
RTVSPost2010PropOp53
 70
     1
102
RTVSPost2010Prop54
  1
strokes_ogs.tif
102
RTVSPost2010PropOp54
 70
     1
102
RTVSPost2010Prop55
280
     0
102
RTVSPost2010PropOp55
 70
     1
102
RTVSPost2010Prop56
140
1.0
102
RTVSPost2010PropOp56
 70
     1
102
RTVSPost2010Prop57
140
1.0
102
RTVSPost2010PropOp57
 70
     1
  0
XRECORD
  5
1AA9AC
102
{ACAD_REACTORS
330
1AA9AB
102
}
330
1AA9AB
100
AcDbXrecord
280
     1
102
RTVSPost2010Prop28
280
     0
102
RTVSPost2010PropOp28
 70
     1
102
RTVSPost2010Prop29
280
     1
102
RTVSPost2010PropOp29
 70
     1
102
RTVSPost2010Prop30
280
     1
102
RTVSPost2010PropOp30
 70
     1
102
RTVSPost2010Prop31
280
     0
102
RTVSPost2010PropOp31
 70
     1
102
RTVSPost2010Prop32
280
     0
102
RTVSPost2010PropOp32
 70
     1
102
RTVSPost2010Prop33
280
     0
102
RTVSPost2010PropOp33
 70
     1
102
RTVSPost2010Prop34
280
     0
102
RTVSPost2010PropOp34
 70
     1
102
RTVSPost2010Prop35
280
     0
102
RTVSPost2010PropOp35
 70
     1
102
RTVSPost2010Prop36
280
     0
102
RTVSPost2010PropOp36
 70
     1
102
RTVSPost2010Prop37
 90
       50
102
RTVSPost2010PropOp37
 70
     1
102
RTVSPost2010Prop38
140
0.0
102
RTVSPost2010PropOp38
 70
     1
102
RTVSPost2010Prop39
140
1.0
102
RTVSPost2010PropOp39
 70
     1
102
RTVSPost2010Prop40
 90
        0
102
RTVSPost2010PropOp40
 70
     1
102
RTVSPost2010Prop41ColorIndex
 90
       18
102
RTVSPost2010Prop41ColorRGB
 90
        0
102
RTVSPost2010PropOp41
 70
     1
102
RTVSPost2010Prop42
 90
       50
102
RTVSPost2010PropOp42
 70
     1
102
RTVSPost2010Prop43
 90
        3
102
RTVSPost2010PropOp43
 70
     1
102
RTVSPost2010Prop44ColorIndex
 90
        5
102
RTVSPost2010Prop44ColorRGB
 90
      255
102
RTVSPost2010PropOp44
 70
     1
102
RTVSPost2010Prop45
280
     0
102
RTVSPost2010PropOp45
 70
     1
102
RTVSPost2010Prop46
 90
       50
102
RTVSPost2010PropOp46
 70
     1
102
RTVSPost2010Prop47
 90
       50
102
RTVSPost2010PropOp47
 70
     1
102
RTVSPost2010Prop48
 90
       50
102
RTVSPost2010PropOp48
 70
     1
102
RTVSPost2010Prop49
280
     0
102
RTVSPost2010PropOp49
 70
     1
102
RTVSPost2010Prop50
 90
       50
102
RTVSPost2010PropOp50
 70
     1
102
RTVSPost2010Prop51ColorIndex
 90
      256
102
RTVSPost2010Prop51ColorRGB
 90
-16777216
102
RTVSPost2010PropOp51
 70
     0
102
RTVSPost2010Prop52
140
1.0
102
RTVSPost2010PropOp52
 70
     0
102
RTVSPost2010Prop53
 90
        2
102
RTVSPost2010PropOp53
 70
     1
102
RTVSPost2010Prop54
  1
strokes_ogs.tif
102
RTVSPost2010PropOp54
 70
     1
102
RTVSPost2010Prop55
280
     0
102
RTVSPost2010PropOp55
 70
     1
102
RTVSPost2010Prop56
140
1.0
102
RTVSPost2010PropOp56
 70
     1
102
RTVSPost2010Prop57
140
1.0
102
RTVSPost2010PropOp57
 70
     1
  0
XRECORD
  5
1AA99C
102
{ACAD_REACTORS
330
1AA99B
102
}
330
1AA99B
100
AcDbXrecord
280
     1
102
RTVSPost2010Prop28
280
     0
102
RTVSPost2010PropOp28
 70
     1
102
RTVSPost2010Prop29
280
     1
102
RTVSPost2010PropOp29
 70
     1
102
RTVSPost2010Prop30
280
     1
102
RTVSPost2010PropOp30
 70
     1
102
RTVSPost2010Prop31
280
     0
102
RTVSPost2010PropOp31
 70
     1
102
RTVSPost2010Prop32
280
     0
102
RTVSPost2010PropOp32
 70
     1
102
RTVSPost2010Prop33
280
     0
102
RTVSPost2010PropOp33
 70
     1
102
RTVSPost2010Prop34
280
     0
102
RTVSPost2010PropOp34
 70
     1
102
RTVSPost2010Prop35
280
     0
102
RTVSPost2010PropOp35
 70
     1
102
RTVSPost2010Prop36
280
     0
102
RTVSPost2010PropOp36
 70
     1
102
RTVSPost2010Prop37
 90
       50
102
RTVSPost2010PropOp37
 70
     1
102
RTVSPost2010Prop38
140
0.0
102
RTVSPost2010PropOp38
 70
     1
102
RTVSPost2010Prop39
140
1.0
102
RTVSPost2010PropOp39
 70
     1
102
RTVSPost2010Prop40
 90
        0
102
RTVSPost2010PropOp40
 70
     1
102
RTVSPost2010Prop41ColorIndex
 90
       18
102
RTVSPost2010Prop41ColorRGB
 90
        0
102
RTVSPost2010PropOp41
 70
     1
102
RTVSPost2010Prop42
 90
       50
102
RTVSPost2010PropOp42
 70
     1
102
RTVSPost2010Prop43
 90
        3
102
RTVSPost2010PropOp43
 70
     1
102
RTVSPost2010Prop44ColorIndex
 90
        5
102
RTVSPost2010Prop44ColorRGB
 90
      255
102
RTVSPost2010PropOp44
 70
     1
102
RTVSPost2010Prop45
280
     0
102
RTVSPost2010PropOp45
 70
     1
102
RTVSPost2010Prop46
 90
       50
102
RTVSPost2010PropOp46
 70
     1
102
RTVSPost2010Prop47
 90
       50
102
RTVSPost2010PropOp47
 70
     1
102
RTVSPost2010Prop48
 90
       50
102
RTVSPost2010PropOp48
 70
     1
102
RTVSPost2010Prop49
280
     0
102
RTVSPost2010PropOp49
 70
     1
102
RTVSPost2010Prop50
 90
       50
102
RTVSPost2010PropOp50
 70
     1
102
RTVSPost2010Prop51ColorIndex
 90
      256
102
RTVSPost2010Prop51ColorRGB
 90
-16777216
102
RTVSPost2010PropOp51
 70
     0
102
RTVSPost2010Prop52
140
1.0
102
RTVSPost2010PropOp52
 70
     0
102
RTVSPost2010Prop53
 90
        2
102
RTVSPost2010PropOp53
 70
     1
102
RTVSPost2010Prop54
  1
strokes_ogs.tif
102
RTVSPost2010PropOp54
 70
     1
102
RTVSPost2010Prop55
280
     0
102
RTVSPost2010PropOp55
 70
     1
102
RTVSPost2010Prop56
140
1.0
102
RTVSPost2010PropOp56
 70
     1
102
RTVSPost2010Prop57
140
1.0
102
RTVSPost2010PropOp57
 70
     1
  0
XRECORD
  5
1AA98E
102
{ACAD_REACTORS
330
1AA98D
102
}
330
1AA98D
100
AcDbXrecord
280
     1
102
RTVSPost2010Prop28
280
     0
102
RTVSPost2010PropOp28
 70
     1
102
RTVSPost2010Prop29
280
     1
102
RTVSPost2010PropOp29
 70
     1
102
RTVSPost2010Prop30
280
     1
102
RTVSPost2010PropOp30
 70
     1
102
RTVSPost2010Prop31
280
     0
102
RTVSPost2010PropOp31
 70
     1
102
RTVSPost2010Prop32
280
     0
102
RTVSPost2010PropOp32
 70
     1
102
RTVSPost2010Prop33
280
     0
102
RTVSPost2010PropOp33
 70
     1
102
RTVSPost2010Prop34
280
     0
102
RTVSPost2010PropOp34
 70
     1
102
RTVSPost2010Prop35
280
     0
102
RTVSPost2010PropOp35
 70
     1
102
RTVSPost2010Prop36
280
     0
102
RTVSPost2010PropOp36
 70
     1
102
RTVSPost2010Prop37
 90
       50
102
RTVSPost2010PropOp37
 70
     1
102
RTVSPost2010Prop38
140
0.0
102
RTVSPost2010PropOp38
 70
     1
102
RTVSPost2010Prop39
140
1.0
102
RTVSPost2010PropOp39
 70
     1
102
RTVSPost2010Prop40
 90
        0
102
RTVSPost2010PropOp40
 70
     1
102
RTVSPost2010Prop41ColorIndex
 90
       18
102
RTVSPost2010Prop41ColorRGB
 90
        0
102
RTVSPost2010PropOp41
 70
     1
102
RTVSPost2010Prop42
 90
       50
102
RTVSPost2010PropOp42
 70
     1
102
RTVSPost2010Prop43
 90
        3
102
RTVSPost2010PropOp43
 70
     1
102
RTVSPost2010Prop44ColorIndex
 90
        5
102
RTVSPost2010Prop44ColorRGB
 90
      255
102
RTVSPost2010PropOp44
 70
     1
102
RTVSPost2010Prop45
280
     0
102
RTVSPost2010PropOp45
 70
     1
102
RTVSPost2010Prop46
 90
       50
102
RTVSPost2010PropOp46
 70
     1
102
RTVSPost2010Prop47
 90
       50
102
RTVSPost2010PropOp47
 70
     1
102
RTVSPost2010Prop48
 90
       50
102
RTVSPost2010PropOp48
 70
     1
102
RTVSPost2010Prop49
280
     0
102
RTVSPost2010PropOp49
 70
     1
102
RTVSPost2010Prop50
 90
       50
102
RTVSPost2010PropOp50
 70
     1
102
RTVSPost2010Prop51ColorIndex
 90
      256
102
RTVSPost2010Prop51ColorRGB
 90
-16777216
102
RTVSPost2010PropOp51
 70
     0
102
RTVSPost2010Prop52
140
1.0
102
RTVSPost2010PropOp52
 70
     0
102
RTVSPost2010Prop53
 90
        2
102
RTVSPost2010PropOp53
 70
     1
102
RTVSPost2010Prop54
  1
strokes_ogs.tif
102
RTVSPost2010PropOp54
 70
     1
102
RTVSPost2010Prop55
280
     0
102
RTVSPost2010PropOp55
 70
     1
102
RTVSPost2010Prop56
140
1.0
102
RTVSPost2010PropOp56
 70
     1
102
RTVSPost2010Prop57
140
1.0
102
RTVSPost2010PropOp57
 70
     1
  0
XRECORD
  5
1AA9AE
102
{ACAD_REACTORS
330
1AA9AD
102
}
330
1AA9AD
100
AcDbXrecord
280
     1
102
RTVSPost2010Prop28
280
     0
102
RTVSPost2010PropOp28
 70
     1
102
RTVSPost2010Prop29
280
     1
102
RTVSPost2010PropOp29
 70
     1
102
RTVSPost2010Prop30
280
     1
102
RTVSPost2010PropOp30
 70
     1
102
RTVSPost2010Prop31
280
     0
102
RTVSPost2010PropOp31
 70
     1
102
RTVSPost2010Prop32
280
     0
102
RTVSPost2010PropOp32
 70
     1
102
RTVSPost2010Prop33
280
     0
102
RTVSPost2010PropOp33
 70
     1
102
RTVSPost2010Prop34
280
     0
102
RTVSPost2010PropOp34
 70
     1
102
RTVSPost2010Prop35
280
     0
102
RTVSPost2010PropOp35
 70
     1
102
RTVSPost2010Prop36
280
     0
102
RTVSPost2010PropOp36
 70
     1
102
RTVSPost2010Prop37
 90
       50
102
RTVSPost2010PropOp37
 70
     1
102
RTVSPost2010Prop38
140
0.0
102
RTVSPost2010PropOp38
 70
     1
102
RTVSPost2010Prop39
140
1.0
102
RTVSPost2010PropOp39
 70
     1
102
RTVSPost2010Prop40
 90
        0
102
RTVSPost2010PropOp40
 70
     1
102
RTVSPost2010Prop41ColorIndex
 90
       18
102
RTVSPost2010Prop41ColorRGB
 90
        0
102
RTVSPost2010PropOp41
 70
     1
102
RTVSPost2010Prop42
 90
       50
102
RTVSPost2010PropOp42
 70
     1
102
RTVSPost2010Prop43
 90
        3
102
RTVSPost2010PropOp43
 70
     1
102
RTVSPost2010Prop44ColorIndex
 90
        5
102
RTVSPost2010Prop44ColorRGB
 90
      255
102
RTVSPost2010PropOp44
 70
     1
102
RTVSPost2010Prop45
280
     0
102
RTVSPost2010PropOp45
 70
     1
102
RTVSPost2010Prop46
 90
       50
102
RTVSPost2010PropOp46
 70
     1
102
RTVSPost2010Prop47
 90
       50
102
RTVSPost2010PropOp47
 70
     1
102
RTVSPost2010Prop48
 90
       50
102
RTVSPost2010PropOp48
 70
     1
102
RTVSPost2010Prop49
280
     0
102
RTVSPost2010PropOp49
 70
     1
102
RTVSPost2010Prop50
 90
       50
102
RTVSPost2010PropOp50
 70
     1
102
RTVSPost2010Prop51ColorIndex
 90
      256
102
RTVSPost2010Prop51ColorRGB
 90
-16777216
102
RTVSPost2010PropOp51
 70
     0
102
RTVSPost2010Prop52
140
1.0
102
RTVSPost2010PropOp52
 70
     0
102
RTVSPost2010Prop53
 90
        2
102
RTVSPost2010PropOp53
 70
     1
102
RTVSPost2010Prop54
  1
strokes_ogs.tif
102
RTVSPost2010PropOp54
 70
     1
102
RTVSPost2010Prop55
280
     0
102
RTVSPost2010PropOp55
 70
     1
102
RTVSPost2010Prop56
140
1.0
102
RTVSPost2010PropOp56
 70
     1
102
RTVSPost2010Prop57
140
1.0
102
RTVSPost2010PropOp57
 70
     1
  0
ENDSEC
  0
EOF
